景点,comments,score
茱萸湾,1号上午入园的，那时候还有点阴冷，黑天鹅区域阳光多些，入口就能看见，还有火烈鸟！ 大概到下午1点左右的样子，阳光照耀时，很多动物才开始活动，有长颈鹿、大熊猫、老虎、斑马、羊驼、梅花鹿、袋鼠、长臂猿、金丝猴、狒狒、鸵鸟等动物！唯一遗憾的是：孔雀园没有开放！ 里面的景色也是不错的，踩着黄色落叶，看着红色枫叶和各种树木、绿植，心情还是愉悦的！ 如果是一家几个人来，还可以喂喂鸽子、做滑滑梯、看看大马戏团表演、玩玩碰碰车、水上乐园等等，还是不错的！ 我们是周五去的，人流量不是太大，可能是天气的原因，总体上还是不错的，适合节假日去游玩，票价也便宜，可以逛一天！,0.9999999892558146
茱萸湾,非常好，动物非常多，可以近距离互动吃草的动物。肉食动物会互相打架，跟有看点，我非常喜欢，附近吃的玩的都有，交通便利！非常好,0.9999997949733913
茱萸湾,动物园的动物种类繁多，有来自世界各地的珍稀动物，如大熊猫、金丝猴、长颈鹿等。这些动物在园内得到了很好的照顾，生活条件良好，游客可以近距离观赏到它们的生活状态。让游客大开眼界。,0.9999999941596831
茱萸湾,动物园不大，动物种类不太多，但是每个动物都被喂养的很好，刚进门的黑天鹅优雅十足，东北虎高大壮实，两只大熊猫捞捞和月亮也都很精神。不过爬行动物馆不建议去，大人20小孩10元的门票非常不值。,0.9999897445724028
茱萸湾,老早就想带娃去转转，之前两次都没有去成，这次端午回老家去逛了下，远远超出了我的期待。 景点很大，动物也很多，很适合遛娃。那天是阴天，所以天气也很合适，这个季节本应该很热的，结果并没有燥热难耐的感觉，也想必是景区里树木多，阴凉地方多。 在南京去过红山动物园，两者比较，红山主要是对动物保护性好，不过给人体验就没有茱萸湾好了。茱萸湾里面很多和小动物零距离互动的地方，比如：孔雀园，还有个猴子的地方。 性价比超高。 景区很大，建议带好午餐直接全部逛完，带小朋友在里面，直接能逛个一天。我家那位到一个动物的地方就不想走。??,0.9999999999981266
茱萸湾,吃完早饭，开车从西区走江平快速路，一路畅通，大概20分钟左右就到了茱萸湾公园附近，把车停在工作人员指引的免费停车场，然后走过去大概500米左右就到了,0.9982723732419191
茱萸湾,是盐阜大地以及扬泰地区不可多得带娃好风景区动物园，价格不高可以看到比较多的动物。景区内看到周边地区不怎么看到的角马动物，就是只有一只，景区完全可以考虑多增加一到两只，增加乐趣性。,0.9841347296845852
茱萸湾,隐藏在动物园后的是植物园 动物可爱 空气清新 整个园区面积不算很大 2个小时左右就能逛遍 很爱！,0.9971968028185386
茱萸湾,以前一直听说挺好的，真的去看看还是不错的，地理位置正好在水道的中间，布局挺新意的，沿着水，水鸟挺多，孩子喜欢，值得再去看看。,0.9999413537499684
茱萸湾,嗯，本来也就2个小时的时间窗口，喂喂天鹅、火烈鸟，然后全家看看马戏表演，再走走逛逛，就出来了，狮虎园什么的，没去，赶场下一场,0.3730967282604585
茱萸湾,冬季去不是很好，我是早上10点左右抵达逛了一个小时就出来了 很多地方都在修建，动物很少而且都很瘦小 不过熊猫还是很值得一看的,0.9879983089845932
茱萸湾,挺好玩的，门票也很便宜，我觉得比南京红山动物园好玩，而且动物种类很多，我们家小朋友自己要求去过好几次了，里面吃饭的地方也不贵，挺好的,0.9999841428095418
茱萸湾,扬州动物园??带小孩来玩不错的,0.9793850594244111
茱萸湾,环境很好，值得一去,0.9407020450219993
茱萸湾,挺好的，门票不贵。导游证还免大门票。但是里面有些项目是另外收费的。动植物园在一起，适合家庭亲子出游。去过大运河博物馆回程路上顺带逛了一圈，周末休闲挺好。,0.9999595480474718
茱萸湾,"是个不错的动植物园。动物品种丰富。还有可爱的大熊猫,优雅的火烈鸟，仙鹤。大人、孩子都很喜欢。如果是春天的话。景区里的植物园的花开了，会更美。",0.9999999998018236
茱萸湾,园区很大，动物种类很多，从动物们的毛色和状态可以看出都被照顾的非常好！动物可爱，景色也美，还有表演和游乐设施可以带孩子一起玩，很棒的动物园！,0.9999999991412984
茱萸湾,还是很不错的。还是很不错的。还是很不错的。还是很不错的。还是很不错的。还是很不错的。还是很不错的。还是很不错的。还是很不错的。还是很不错的。,0.9999999999911227
茱萸湾,孩子玩的很开心，风景不错，很大，正好天冷不是很热，值得一游。,0.9989281638822958
茱萸湾,蛮好的，值得一赞,0.9921980863441291
茱萸湾,哈哈哈哈哈,0.8684210526315791
茱萸湾,景区总体不大，但是很好玩，熊猫好可爱，还有金丝猴，宝宝玩的很开心，下次还要去，太棒了，就是吃饭不方便，建议自带干粮，开心。,0.9999429675860279
茱萸湾,值得带老人和孩子去。狐猴互动区很不错，近距离接触动物。孔雀园也是开放式的。,0.999994058970362
茱萸湾,带着老人一起去的，走走逛逛，喂喂天鹅、火烈鸟，看看马戏，就差不多了,0.879153619737554
茱萸湾,亲子游玩好去处，动物比较多,0.956107915693386
茱萸湾,好啊。这个好。好地方啊。交通方便。景区内景色宜人很美漂亮。空气新鲜。是个值得去的地方。旅游必到之处打卡拍照取景休闲之地必到之处。非常好,0.9999603402335341
茱萸湾,真不错 经常去,0.8569512830096238
茱萸湾,景区不是很大，玩起来不至于很累，喂动物的地方很多，娃很喜欢,0.9988082586385646
茱萸湾,地方还算大，开发不全，趣味性还可以,0.34099797048398806
茱萸湾,非常值得，主要是让宝宝多接触自然风景，认识更多的小动物，最开心的是有大熊猫,0.9996394102548996
茱萸湾,【景色】景色宜人优美动人，令人期待已久 【趣味】老少皆宜的景点，有动物园，还可以露营 【性价比】门票不贵，值得推荐,0.9999978973870723
茱萸湾,很好玩。。。。。。。。。。。。。。。。。。。。。。。。。。。,0.7579656843244151
茱萸湾,茱萸湾的动物总是幸福感爆棚，与游人无限亲近，并不怎么怕人，这也是一种信赖，正所谓人与自然和谐共生?? 黑颈天鹅、黑天鹅、疣鼻天鹅、黑嘴天鹅、大天鹅、小天鹅、赤麻鸭、翘鼻麻鸭、白鹤、鹈鹕、火烈鸟……哇哇，我不想走开~,0.9999656053657681
茱萸湾,景色优美，景区配套设施完善，值得再来！,0.9770480710402655
茱萸湾,茱萸湾还是挺不错的啊，里面的动物也挺多的啊，没事可以去逛逛，感受下呀，真不错,0.9999595371093662
茱萸湾,很适合遛娃的公园，宝贝玩的很开心！,0.9971068693436528
茱萸湾,孩子来了几次了，环境是不错,0.9592897059665028
茱萸湾,便捷，环境好，可看点多,0.9953261307104707
茱萸湾,这个地方浪漫又文艺，真的很适合来感受氛围，太适合假日放松了！！,0.9796993412729668
茱萸湾,好玩，方便，有优惠。,0.7998030037805249
茱萸湾,性价比极好的遛娃场所,0.6980925886924236
茱萸湾,去过多次，感觉很好,0.7857225395344907
茱萸湾,动植物园，空气蛮好,0.9050928617647755
茱萸湾,挺好。。。。。。,0.802260478256931
茱萸湾,动物园路线特别好，大致就是一个圈，不怎么需要走重复的路。有些可以和动物亲密接触，并不只是远远观看，这点特别好。里面还有一些收费的游玩项目,0.997288048526545
茱萸湾,茱萸湾还是挺不错的呢，里面还有动物园，很好玩的呀，不错,0.9997909926789151
茱萸湾,景区环境不错,0.9021622703223762
茱萸湾,还是挺不错的啊，值得去打卡下呀，风景也很好的呢，很赞,0.999918027128082
茱萸湾,熊猫很可爱,0.8760729750936677
茱萸湾,总体还可以,0.8182792359070481
茱萸湾,值得一游！,0.8098672246262445
茱萸湾,动物很好看,0.9648217082776516
茱萸湾,我非常满意,0.7053469852104663
茱萸湾,暑假的时候还是不要去了，太热了,0.4646408104247036
茱萸湾,方便 快捷,0.40384615384615397
茱萸湾,一个岛上的动物园，遍插茱萸少一人。名字起的不错,0.9168364700514202
茱萸湾,里面有很多小动物，猴子，大熊猫，老虎，值得一去,0.9896261252222643
茱萸湾,门票挺便宜的 夏天的话没啥人 太热了门口停车很方便 进门电动车 班次太少 需要等待不想走的可以买 可以说动物基本不营业 没啥意思 有喂黑天鹅,0.045799536056487566
茱萸湾,孩子今天刚去过，感觉挺好的，有时间会再去,0.9047112243267639
茱萸湾,好好好好好好好好好好好好好好好好好好好好好好好好好好好好好好好好好好好好好好好好好好好好好好好好好好好c(○^?^)??,0.991796116161476
茱萸湾,特别好玩的地方，风景很好，动物种类也多。,0.9972938180464377
茱萸湾,门票便宜，但很值得一玩，孩子非常喜欢,0.992781423835542
茱萸湾,扬州的野外动物园，可以烧烤，值得一去,0.973905596833094
茱萸湾,茱萸湾风景区里种满了茱萸，只是少一人,0.7004217219558954
茱萸湾,适合带孩子来玩的景区，环尾狐猴是惊喜，推荐来玩，景区大小门票价格都很满意,0.9964777813944017
茱萸湾,夏天真的不推荐太热，里面玩的项目少，动物不多，好多年了就那几个动物。11111111111111111111111111,0.8794784568548959
茱萸湾,环境一般，里面很多景点项目还要收费，影响游玩体验，而且离市区有点远。,0.5143907404616155
茱萸湾,没什么好说的,0.3157826572905409
茱萸湾,带娃去一下可以，挺有意思的，动物都很干净，品种也多！,0.9970374908820417
茱萸湾,还可以吧 门票便宜 天凉快了去 天热动物不营业,0.6243985839476136
茱萸湾,去茱萸湾纯粹是前两次来扬州因时间的缘故没去成而成为一种遗憾，这里从历史上给我的是两段历史故事：一是这里是隋炀帝三下扬州；二是日僧荣睿、普照于公元642年来扬邀请鉴真东渡，839年求法僧圆仁来中国均由此入境码头。除此，多条水系交汇于此，也是水上交通进入扬州的第一渡口。这次总了心愿，进入景区，感觉故事早已被历史长河淹没，景区更像一个湿地公园加动物园，适合亲子游,0.9999999954996173
茱萸湾,玩的很开心，五一人超多的，大人小孩都玩的非常开心，唯一不足的就是没有看到大熊猫??，但是其他的都看的很好了，开心????,0.9942414224247234
茱萸湾,扬州的茱萸湾景区一定要去看看哦，半天时间足矣，打车大约二十多元，茱萸湾景区就是扬州的植物园和动物园在一起的总称，有火烈鸟，大熊猫，长颈鹿，白袋鼠，白天鹅黑天鹅和丑小鸭，野鸭在天上飞来飞去，各类猴子，走到头还能看到大运河上面来往的船只，非常值得一去。,0.9629181893405133
茱萸湾,不错，很好的一个景区，看了很多动物,0.9955595287102056
茱萸湾,还可以，景区周边需要进一步规范。,0.7955526143441357
茱萸湾,很好，动物多，小孩玩的很开心,0.9945125904466182
茱萸湾,好玩，人少，淡季都不觉得臭,0.10995845381019254
茱萸湾,很值得带小孩去转一转,0.8263877681359569
茱萸湾,不错的体验，值得推荐,0.9774935086786978
茱萸湾,挺好的，去了好几次了,0.7471848449201657
茱萸湾,很好玩，动物多！！,0.943494227236769
茱萸湾,服务好，进去规划好,0.4631753943570548
茱萸湾,还是值得一看的。,0.8261514272859504
茱萸湾,值得带家人一游。,0.8910311713131704
茱萸湾,一家人在一起去玩,0.5777189348947657
茱萸湾,很好，带孩子去玩,0.9589771879258825
茱萸湾,这个票价来说，性价比很高，里面很多动物，居然还有熊猫！！,0.9756412937692661
茱萸湾,茱萸湾公园在扬州湾头镇，面积很大，是4A旅游景区，也是扬州动物园，内有大熊猫，梅花鹿，狮虎熊，金丝猴，火烈鸟等动物，适合小朋友观赏游玩，游人如织，交通方便，设施齐全，不虚此行！,0.9999993302411607
茱萸湾,挺好的 物美价廉,0.9409640624610596
茱萸湾,孩子玩的很开心,0.9669163452854781
茱萸湾,非常不错的选择,0.8991588688453441
茱萸湾,好好好好好好好,0.7605167092327486
茱萸湾,家门口的动物园,0.7675012783855613
茱萸湾,比较适合孩子玩,0.8985763503536079
茱萸湾,生态环境真好,0.9322055415882163
茱萸湾,网上买票方便,0.1660081253714376
茱萸湾,大熊猫好可爱,0.8673424330379874
茱萸湾,11111,0.5
茱萸湾,玩的很开心,0.9072712077071808
茱萸湾,非常值得来,0.7528735632183908
茱萸湾,里面风景很好，很大，联系进去了一定要租车，如果有长辈或孩子的情况下，如果问我为什么，你可以不租，等你逛完就知道了，不过租车有点小贵,0.9599497113176833
茱萸湾,环境优雅,0.9731450357222685
茱萸湾,茱萸湾一定要注意水质保护，才能对得起这些动物！,0.9065082624722763
茱萸湾,春节期间去的，虽然草未青，花未开，但是孩子玩得还是很开心。悠闲的仙鹤，憨态可掬的熊猫，自由自在的天鹅，当然少不了一言不和立马干架的老虎，惊动了隔壁的狮子来了个隔山狮吼镇虎，看得我们直呼过瘾！门票价格也比较亲民，下次还会来玩的。,0.9959008086274019
茱萸湾,非常不错的一个小种景区，里面环境不错，公园很大，动物有不少，关键是还可以野餐，坐下来慢慢逛，待一天都可以，里面有动物表演。,0.9999999157313004
茱萸湾,动物园里看爬行动物需要另外买票，难以理解,0.5322282208391687
茱萸湾,有一座茱萸塔，古代是京杭大运河的航标。茱萸湾公园同时也是一座动物园，有袋鼠、老虎、狮子、孔雀…… 公园里各种植物也非常丰富，近距离栽满了许多紫薇。娇艳欲滴的花朵触手可达。熊猫园里居然还有大小熊猫。。。手贱买了一包食物准备喂孔雀，谁知一群大孔雀蜂拥而来，大有不赶紧喂食就要把游客撕了的气势……还是喂鸽子比较平和，公园出口处还有火烈鸟。,0.9999999168079126
茱萸湾,非常不错的一个地方，带孩子可以在里面玩一整天，动物很多，除了大象和长颈鹿，别的好像都有了吧。动物园的设计也比较人性化，转一圈正好回到大门口，而且路线都能覆盖，唯一不太好的就是儿童乐园里的各个项目收费太高，如果能有联票的话会更方便更实惠吧。,0.9999983523741653
茱萸湾,和几年前比差了些，可能受三年疫情的影响,0.1364305737960554
茱萸湾,人太多了，毕竟抖憋坏了,0.17853203948329877
茱萸湾,性价比一般，没啥动物,0.9717436466867264
茱萸湾,风景不错，服务可以。,0.9535884632435504
茱萸湾,怎么说呢，总共也就45的门票，也不算贵，主打就是一个遛娃，一岁宝宝看门口的天鹅就已经开心的不行了，如果孩子稍微大一点的话，可以露营和三五好友一起也太美妙了，就是有个什么爬行馆千万别去花钱然后进去看几条??跟乌龟还有??，属实有点冤大头！！！,7.2356925604477595e-06
茱萸湾,茱萸湾风景区位于扬州城区东北郊湾头镇。古称茱萸村、茱萸湾。茱萸湾是进入扬州市区的门户，唐代还是对外交往的港口。隋炀帝三下扬州，清康熙、乾隆六次南巡都经过这里。唐代诗人王维“遥知兄弟登高处，遍插茱萸少一人”和刘长卿“落花逐流水，共到茱萸湾”等佳句，使其声名远播。,0.9999999879996605
茱萸湾,如果能在京杭大运河的沿岸修出一条小路或者栈道，而不是封住不让游客接近，那会让景区风貌更上一层楼,0.5227565415506921
茱萸湾,票中票太多,0.11991802254289119
茱萸湾,比想象中好，去过很多动物园，第一次体验到与大熊猫面对面。,0.9700407356997064
茱萸湾,园比想象中大好多，以后来，可以露个营，好好玩一天，看更多的动物,0.9973309217746106
茱萸湾,十一假日亲子游，走路太累，建议在门口租辆车，可以轮流休息,0.002142324693997999
茱萸湾,茱萸湾风景区位于扬州东首湾头镇，因此地北有茱萸村，并遍植茱萸树，故以茱萸立名，且此处又有弯道，故“茱萸湾”始得名！风景区有动物园、有烧烤、有游乐设施！五一假期可以自驾游！,0.9974108849758668
茱萸湾,很适合亲子活动，可以好好玩一天，特别是有很多和动物的互动，很有意思。因为是周末去的，成人很多，外部交通要好好疏导，堵死了。,0.999976477593807
茱萸湾,周末带娃去的，整个景区人流还可以，因为是开放性场地所以也不显拥挤，环境还不错 有很多小动物可以喂，天鹅、狐猴、孔雀、鸽子之类的，都需要买饲料，大概都是10块一份，小孩子很喜欢，尤其是天鹅那里有小鹅宝宝。动物也比较亲人，鸽子会来吃手里的东西，娃很喜欢。 游乐场和两栖馆我们都没有去，基本沿着大路逛，大概一个半小时就能逛完。总体还可以，虽然小了点，但溜娃不错。,0.9999997042977924
茱萸湾,茱萸湾，怎么说呢，有点像动物园，适合周末的时候出去走走，适合孩子去，里面有好些动物，可以给孩子长长见识的同时，也可以增加与孩子之间的互动，门票45，离市区比较远，空气还不错，一家人出去可以带着帐篷露营，感觉棒棒的，那边也有供烧烤的工具，可以租，带着食物去烧烤，也是一种不错的体验。公园里有很多动物，有些是散养，所以有时候你会看到孔雀在你身边走哦，还有小鹿。园内也有一些游乐项目，需要自费，比如骑马等，总之适合休闲走走。。。,0.9999999999999292
茱萸湾,有美丽的鲜花，有可爱的动物，进门就可以看到优雅的天鹅，还有开屏的孔雀，可以逛一天，熊猫是隔着玻璃拍的，有点失真。,0.9993229421478239
茱萸湾,原本做的攻略，在我独自带着娃开着车出发那刻全部作废。来一场随遇而安的亲子旅行，想起之前扬州的早茶不错，直奔富春，给娃点了套餐，吃完自己去东园小馆饱餐一顿，要的就是感觉。吃完饭一看瘦西湖之前去过，园林也就那样，去茱萸湾碰碰运气吧！第一站，扬州茱萸湾含动物园，网上看到有人搭帐篷，刚好我们家的也在车上，完美。刚开始逛了几个点感觉和自己以前逛的野生动物园红山动物园等没有什么特殊的地方，直到我们搭下帐篷，看到一只小鹿跑过来撩我们，儿子拿出提前准备好的萝卜请周边所有小孩一起喂小鹿，从此我们开始各种奇遇，在松鼠猴岛，有一只小松鼠猴逃跑出来，和儿子一起吃饼干，小小小的松鼠猴吃饼干的样子萌萌哒，吃饱就爬到树上去躲起来了。到了弧候岛一只弧候抢走了我们一整根红萝卜，然后一路跟着我们，最后到了金丝猴它跑去撩金丝猴了，离开公园时一只孔雀飞到我们眼前开屏了。感觉这里充满可能性，儿子很开心，记忆很深刻。融入荒野之间的美丽心情，值得带上一家人和帐篷吊床还有各种好吃的以及饼干和红萝卜来吸引小可爱们！推荐指数：五颗星、适合自驾、停车不贵大半天20、门口300米还有免费停车场,1.0
茱萸湾,挺好的，赞一个。,0.9780608476953822
茱萸湾,体验感一般般,0.7746413433303676
茱萸湾,环境优美，绿植很多，绿色覆盖率高，动物都是胖乎乎，萌萌的，很可爱，小朋友可以与动物互动。很适合亲子游，家庭游，或者一群朋友休闲放空。,0.9999996597518855
茱萸湾,好啊。好地方啊。风景区内景色宜人。空气新鲜。绿树成荫。交通方便。是个拍照取景休闲旅游必到之处打卡之处。地理位置好。非常值得去的地方,0.9998950715550249
茱萸湾,烟花三月下扬州，这个时间段的扬州果然人很多，加上之前来过几次，该去的都去了，所以这次避开了一些热门景点，来了茱萸湾，让我们很惊喜，很适合家庭出游，风景好又有很多小动物~,0.9999999291970106
茱萸湾,非常好。风景名胜区。风景迷人。空气新鲜。视野开阔。大气漂亮。是个好地方。拍照打卡出游聚会签到的舒服之地。也是当地著名的景点之一。,0.99999670732896
茱萸湾,动物园+游乐场，还有烧烤，很好玩。就是游乐区的项目偏贵，也没有套票，不太合理。烧烤区所有东西都能买，不用自己带，挺方便的。,0.8273630078975854
茱萸湾,还不错，孩子去有动物园，年龄小一点的孩子相对更适合。也可以是团建的不错选择。亲子或者家人朋友也可以选择集体烧烤，有专门的烧烤场地也有烤炉出租。自己可以备食物烤这个最好。有不少空地还可以搭建帐篷。算是城市不错的打发一天去处的景点,0.9999931742429734
茱萸湾,体验还行，园区很大，租了车子就没那么累,0.009218803379652751
茱萸湾,挺好玩的，???好多小动物孩子喜欢,0.997409032291974
茱萸湾,带宝宝一起玩还是可以的，性价比很高,0.9981949187820222
茱萸湾,利用假期带着小朋友去玩了一趟，各种各样的动物真可爱啊，就是爬行动物馆要另外收费。不过还是蛮适合小朋友去长见识,0.9994654618616267
茱萸湾,总体还不错，就是人太多了，,0.934125388017644
茱萸湾,动物种类很多，环境也很不错，国庆竟然去的人也不是很多，就是有点可惜可能天气不好有的猴子没见到,0.8701007399709197
茱萸湾,亲子游非常不错！小动物们种类很多，带小朋友们很合适，全家总动员，吃的也挺丰富，累了可以骑电动车，等开春了全家总动员接着去！,0.9992538782788576
茱萸湾,茱萸湾公园还是挺不错的啊，风景也是很美的呢，带着孩子一起来打卡呀，简直是太棒了啊,0.9999449484905232
茱萸湾,茱萸湾风景区也是扬州动物园，离市区不远，临去扬州东站时顺便用了一个多小时的时间转转，正赶上当天阵雨???，刚下完的沥沥小雨，衬托出江南烟雨蒙蒙的感觉。园区虽然不是很大，但设计很精致，各类动物园区比较合理，也闻不到什么多余的味道，到时各种花草树木的芬芳馥郁。总之，值得来转转。,0.9998945300830678
茱萸湾,暑假好去处，尽在茱萸湾！ 茱萸湾风景区（扬州动物园），是一座融自然风光、人文景观、花卉、动植物观赏和现代游乐为一体的半岛生态型景区，也是国家4A级旅游景区。分别有鹤鸣湖、孔雀园、啸峰园、草食居等开放式散养的动物居所，周末可以带着孩子来茱萸湾一探动物世界的奥秘。,0.9999999999999922
茱萸湾,风光秀丽无限，空气清新自然。还有动物园相伴，一家休闲活动的好去处，门票还不贵,0.999959974275371
茱萸湾,总体还不错，熊猫和金丝猴都有，熊猫在摸鱼，不好好上班。去的早，停车方便，进停车场前50米，道路左侧小路进去可以免费停车哦，尔偶看到的。,0.9404161124100272
茱萸湾,园区里面有些开放区，可以和动物(孔雀、天鹅、小猴子)互动，感觉还不错！,0.9975325334641932
茱萸湾,孩子玩的很开心，景色也不错,0.9992564969316455
茱萸湾,不错，适合亲子旅游，动物也很多，绿植物也很多，天气热也不怕晒。,0.9976688671760763
茱萸湾,大过年的娱乐项目收费还算合理能接受，如果再便宜五块钱就更棒了，毕竟大家都是疫情三年刚结束，没有多少积蓄,0.8986250598816923
茱萸湾,乘着船看看芦苇荡还是挺好看哦哈哈哈哈,0.9911554108967701
茱萸湾,春季还是很适合一大家子或者朋友聚会都可以，看景烧烤绝佳！,0.9431597771437987
茱萸湾,动物挺多的 带孩子转转挺不错的一个地方,0.9989552292345962
茱萸湾,很适合小朋友,0.8649344801843144
茱萸湾,扬州的动物园，还可以户外烧烤，是带孩子的好去处??,0.9165106121404095
茱萸湾,茱萸湾风景区景色优美，环境宜人，实乃度假旅游好去处,0.9969339243736198
茱萸湾,票价不贵，里面很大，各种小动物，适合带娃的好去处,0.8671690225095294
茱萸湾,1、2月份居然属于旺季，让人无法理解；天气较冷，游客很少，整体环境还是不错的，夏天应该是避暑和带娃的好去处。建议1，2月为淡季。,0.23062883333804607
茱萸湾,春节假期免费游园 挺不错的 蛮好,0.9900484734714752
茱萸湾,茱萸湾风景区，水、湿地、森林、山坡，风景优美,0.9986872643189941
茱萸湾,性价比超级高的动物园哦，很适合亲子游哦！！！,0.9650495788053878
茱萸湾,里面还有一个不太大的动物园，节假日孩子多,0.8736052333333597
茱萸湾,这里面还有个动物园，奶孩子去玩还是不错的,0.999747154877251
茱萸湾,在扬州游玩，选择了一个比较小众的茱萸湾风景区，也是扬州动物园，走走逛逛也好不惬意！ 距离扬州市区10公里不到，打车或者公交都很方便，人不多，亲子游带孩子很适合，里面动物园很丰富呢！ 可以近距离看到熊猫，袋鼠，金丝猴等，很有趣呢，还可以远看东北虎，狮子，棕熊等，门口湖中还看到了火烈鸟呢，一动不动的[偷笑] 整个茱萸湾风景区很大，除了动物园还有植物区域，环绕京杭大运河，生态环境非常好！,0.9999999997681364
茱萸湾,遍插茱萸少一人，这个公园实际是个动物园,0.9231537232593012
茱萸湾,可以避开节假日高峰游玩 挺不错的 动物多,0.9997805711060505
茱萸湾,值得去呢，好多小动物，孩子很喜欢,0.9958744155076222
茱萸湾,风景很好，去过几次，有时间会再去,0.8710862702615955
茱萸湾,可以能玩个大半天，而且它既是一个植物园又是动物园，动物园做的比很多真正的动物园还要好。里面有扬州的市花，琼花。,0.9988455458903357
茱萸湾,风景还可以，个人还蛮喜欢的，好,0.9787015130067203
茱萸湾,距离扬州城中心不远，自驾和公交都可以到达！非常适合带小朋友去玩哦！动物园也不错！如果是大朋友的话，也有烧烤的地儿，朋友聚会也是很有意思的！蛮值得一去！,0.9999919525910386
茱萸湾,公园太大了，下午只逛了一小部分，里面卖的吃的喝的也太贵了 。主要就是瞎逛，呼吸呼吸新鲜空气，没有什么玩的，建议买车票，一直走太累了 游乐性没有茱萸湾好玩,0.9434837426389351
茱萸湾,园区很大，还能搭帐篷，小朋友很喜欢，就是里面很多收费项目，喂小动物全部要钱，骑马要钱，马戏要钱，要注意一下,0.21121146074738495
茱萸湾,价格实惠，比如皋的水绘园有意思，也比水绘园的性价比高，里面游玩设施也不是很贵，总体来说比较平价吧！索性的是我们10点去的，人还好，下午2点出来的时候，车子排了几里路！这次出行总体来说还是比较满意的,0.9999132111453465
茱萸湾,扬州动物园的熊猫还挺活泼！准确地说，茱萸湾的动物都活泼！可能是茱萸湾环境太好，动物们感觉赏心悦目?? 五一时节，虽然春花大多凋谢，但看到它们一样心情大好！,0.9999998796038373
茱萸湾,值得一去啊,0.7598034391657476
茱萸湾,陪着家里的小孩去过一次，认为不输给任何一家动物园。动植物品种丰富，太适合带着孩子长知识了。,0.9993538301936951
茱萸湾,非常不错！,0.8612132352941176
茱萸湾,具体细节记不清了。市动物园很大，需要一整天来玩。因为里面还有植物园，着急回家来不及逛了。,0.9968557261086912
茱萸湾,这个风景区相当好。风景如画。绿树成荫。小河流淌。鱼儿悠闲得很游。取景拍照聚会打卡都是非常合适的。可以玩一整天。还有烧烤吃饭。,0.9998641424132412
茱萸湾,动物不算少 园区也不算太大 不想走路的一定要做景交车 中规中矩的一个动物园吧 来一次足矣 天鹅湖还不错 水上动物还挺多其余一般般！！！,0.997811072034104
茱萸湾,环境非常不错，很出片，推荐想拍照的姐妹来！虽然位置有点难找，但胜在人少，没有嘈杂的环境，整个氛围非常nice，不错子??,0.9708749605733419
茱萸湾,…………………………………………………………………………………………………..…… …………………………………………………………………………………………………..…… …………………………………………………………………………………………………..……,0.44767845850986676
茱萸湾,很不错 很推荐,0.9706782584172332
茱萸湾,适合带孩子去玩，里面动物很多，有大片的草地可以露营，还提供烧烤场地。,0.9944809753142824
茱萸湾,里面有个很大的动物园，景色还不错，来杭州么就是公园啥的都逛一逛。,0.9997991148556605
茱萸湾,每年都来，每年还来很多次。主要来遛娃。停车不方便。希望有进步。,0.41631796411770194
茱萸湾,还不错，挺满意的，环境不错，风景区很大，最好安排两到三个小时。,0.9983680705497404
茱萸湾,玩的很开心，可以烧烤。下次带家伙来烤串。等着我来哦，南京烤串！,0.9788701489668715
茱萸湾,价格便宜，动物园还挺大，已经第二次去了，可以带一些蔬菜给小动物,0.9986636095590642
茱萸湾,带孩子可以去玩，里面挺大的，如果多一些孩子游玩的设施就更好了,0.9918435804702905
茱萸湾,动物品种比较丰富，自然环境优美，空气质量较好，适合家庭出游！,0.9981168073688005
茱萸湾,扬州性价比很高的景区，离市区不是太远，交通也有。景区价格不贵，但是五脏俱全，小动物很可爱，环境也很好，人还不少，就是餐饮少了些，不过自己带点吃的也不影响。,0.9999902321730295
茱萸湾,从外地来玩的，这是第比较不错的一个地方，适合家庭野餐,0.9251975196626947
茱萸湾,风景优美，动植物品种很多。尤其喜欢小动物的一定要去。,0.9991942078422539
茱萸湾,还可以 很快乐,0.9767741211477883
茱萸湾,周一，小雨，人不太多。最里面塔锁门，不营业；好多辅助项目不营业；景色不错，动物互动也不错。,0.9973076901431264
茱萸湾,好啊。非常漂亮。空气新鲜。绿水青山。风景宜人。是个度假避暑好地方。值得去打卡的地方,0.9993933364783729
茱萸湾,带孩子玩的很开心，下次还去，希望多增加项目,0.98171658950381
茱萸湾,作为一个地道扬州人，大学后离开已经十几年，但不得不吐槽下，扬州的旅游发展任重道远…作为一个景区，配套的服务设施太差:①景区游客服务中心太少，直饮水机太少，除了进门处有，其他地方没有；②景区里面的消费项目太多…几乎所到之处都要再花钱…③停车场超级垃圾，坑坑洼洼，全是碎石子，我很想问问，前几年疫情的时候就没想好好修一修？,1.2532268967024862e-07
茱萸湾,1.门口有扫码测温的，我要扫身份证，她非要我扫苏康码，因为是刷身份证入园，所以基本都会带吧，肯定扫身份证快嘛，而且扫身份证是顺便体温一起都测了，也不用再另外测温了！我们去酒店住宿，就是扫身份证，一步到位，希望园区可以改善一下！2.景区内部环境很好，带了帐篷去的，孩子玩的很开心！各种动物都看了一遍，我们比较有经验，自己带了胡萝卜和白菜过去的，孩子一边喂动物，一边说，好开心啊！哈哈…我们是去可以喂的动物那里喂的，提示不可以投喂的，我们都没有喂哦！3.就是买票的时候在网上没有看到老年半价票的通道，到了景区门口售票的地方才买到！不知道是我自己没看到还是就不能在携程买！大家买票的时候提前看清楚哈！门口扫码买票的，是不刷身份证，而且扫你手机的买票的二维码哦！,1.0068499556314947e-07
茱萸湾,茱萸湾风景区位于扬州东首湾头镇，北接邵伯湖，西濒京杭大运河，东连仙女镇。东临古运河，西傍大运河，北通邵伯湖，南望江都水利枢纽工程，景区总面积50公顷。 景区很大，以湖为主线，风景不错，各式各样的动物种类众多，特别适合小朋友和亲子活动。,0.9999994847982713
茱萸湾,不限时这一点真的爱了，可以慢慢悠悠的享受整个过程，被治愈了,0.990148499376187
茱萸湾,动植物种类挺多，适合春秋季亲子出行。,0.9817532506090525
茱萸湾,挺好的，适合周末溜娃，团建等都可以,0.9207923881968871
茱萸湾,很快速，不错,0.9540768095587662
茱萸湾,很不错的地方的啊，点个赞再说吧,0.95896708341325
茱萸湾,特别喜欢这个地方，很美丽很漂亮,0.9983246579694439
茱萸湾,公园还是挺不错的啊，逛逛，看看风景，还有更多的小动物啊，玩的很开心的呀,0.9999947034417919
茱萸湾,环境优美，待客热情，消费门槛低，交通便利，停车方便,0.8949042544708972
茱萸湾,还是挺不错的，门票也不贵，带孩子去玩一玩还是挺好的,0.9977414274731197
茱萸湾,环境不错，动物种类也比较齐全,0.9984434973919837
茱萸湾,经常带孩子区，小朋友都很喜欢,0.9601285079405927
茱萸湾,整体可以，服务牵强，另外就是租车业务贵到离谱，里面的饮食和配套也有待提高！动物品种是挺多的，水族馆需要另外收钱，里面游客项目也有不少，需另外收费！,0.14505544325362518
茱萸湾,适合带小朋友去 就是动物园,0.9325035962918842
茱萸湾,挺不错的地方，值得推荐,0.9814799649547292
茱萸湾,去的早，人很少，很宽敞,0.9407538926665262
茱萸湾,挺好的动植物在一个区域,0.849469446542836
茱萸湾,茱萸湾还是很不错的啊，风景很美的啊，孩子也愿意来玩玩啊，太棒了,0.9999789267031163
茱萸湾,挺好的，适合周末溜娃,0.9211192639800042
茱萸湾,收费项目太多，抵消了不少游玩的兴趣，餐厅可以贵，但量也太少了，一碗粉丝两口没了，五岁小朋友一个人都吃不饱，建议可以路边买烤肠和蛋仔，或者自带零食，花草树木倒是很茂盛，很有盎然的生意,0.7368938667981876
茱萸湾,非常开心的一次出游,0.4882015072536674
茱萸湾,动物很多，值得游玩,0.9703500003067764
茱萸湾,景点不大，景色不错,0.9675093016492091
茱萸湾,很不错，适合带孩子,0.9846767701288042
茱萸湾,风景秀丽自然风光,0.9798879086065504
茱萸湾,出票很快 使用方便,0.7029193480515975
茱萸湾,春暖花开，很开心,0.9666113786492443
茱萸湾,很不错，非常好。,0.9518123289584978
茱萸湾,很不错，娃娃喜欢,0.9848823841129708
茱萸湾,票价不贵，里面也很大，有好多小动物。特别适合带小盆友去玩,0.9255702287355994
茱萸湾,茱萸湾景区位于扬州瘦西湖风景区不远的地方，有空可以去看看,0.9973771101440002
茱萸湾,带着我妹和我大外甥去的！早晨或者下午4点多比较好点！今天玩了一天，还挺不错的！动物也挺多的！就是天太热了性价比高，景色不错，！！！！！！,0.9849806944481884
茱萸湾,啊啊啊啊啊啊啊,0.9563024306917736
茱萸湾,好玩，性价比高,0.9855140447638019
茱萸湾,很好玩下次还去,0.905161947049768
茱萸湾,带孩子出游挺好,0.8829147251674063
茱萸湾,好玩好玩好玩,0.9771393546525516
茱萸湾,狠好 溜娃首选,0.9544790877345789
茱萸湾,值得推介一个,0.6379107009850863
茱萸湾,哈哈哈哈哈哈,0.9751349273004098
茱萸湾,很不错的景区,0.9156665277556021
茱萸湾,烧烤非常好,0.6476844977227785
茱萸湾,挺开心的。,0.8797921990799704
茱萸湾,茱萸湾很不错的啊，挺美的呢，主要孩子也喜欢来逛逛呀,0.9995668451380488
茱萸湾,…………,0.6499999999999999
茱萸湾,一大帮朋友一起去的，感觉挺不错，比预期的还要好。,0.9560751741018267
茱萸湾,经济实惠好去处，可以看动物，可以烧烤，太好了！！,0.9786400541894882
茱萸湾,坐在船上去看须臾还是挺不错哈哈哈哈哈哈哈哈哈哈,0.9998362640879973
茱萸湾,非常有意义，非常有价值，交通方便，出行便利。,0.9739497153682228
茱萸湾,每到周末，亲子必去的游玩景点！！！！！！,0.1986578720828669
茱萸湾,上个星期去的，我是猫粉，为了瑛美去的，下个月她就要回四川了，瑛美能来扬州真的是缘分，七年了她要回家了，希望瑛美回去以后也要好好吃饭，这个娃挑食，爱吃苹果和笋笋，养胖一点，在熊猫里真的是蛮瘦的了，比妈妈英英瘦了得有60多斤，瑛美的饲养员们都挺好，小美，有空还会再去看你的~,0.9992398702969707
茱萸湾,风景优美，我和家人都很喜欢，去过好几次,0.9934419964810134
茱萸湾,好看的地方，很美，可以去看看，坐个船,0.9590366586983594
茱萸湾,里面有好多小动物，假期的时候人挺多的,0.9666869996800257
茱萸湾,动物园特别适合带小朋友去，门票也不贵,0.9112078131393532
茱萸湾,有个动物园，周末带孩子去还是不错的,0.9940026039672659
茱萸湾,非常不错的旅游景点，值得大家去看看,0.9230373363390428
茱萸湾,非常多的茱萸，风景还不错哈哈哈哈哈,0.9930122982325292
茱萸湾,需要持有72内核酸 没有核酸进不了,0.18201191788154003
茱萸湾,不错，孩子挺喜欢的，有时间会再去,0.9858723545310012
茱萸湾,这次比以前多了，好几个动物馆，尤其是可以近距离接触的孔雀馆，真的还不错，45块钱的门票超值，但是消费有点高了，高出瘦西湖了性价比高，景色不错，总体超赞，,0.9999999011145309
茱萸湾,茱萸湾风景真棒，大家一起来游玩,0.9068697899564697
茱萸湾,茱萸湾风景区是扬州新开发的公园,0.9618971129430498
茱萸湾,动物比较多，有些动物可以近距离接触，比较有意思。动物园环境优美，娱乐设施也比较齐全。建议爬行馆门票适当便宜点。,0.9999634567336397
茱萸湾,看看动物 搭帐篷野营吃吃喝喝挺好,0.960366770690301
茱萸湾,孩子喜欢，放假经常会过去走一走,0.9170203096300128
茱萸湾,我茱萸很多挺美的可以去看一下哦,0.8485015093741647
茱萸湾,风景秀丽如画 天然大自然的氧吧,0.9893547212963769
茱萸湾,天然的大氧吧 环境优美 空气清新,0.9898289489966522
茱萸湾,动物很多 风景漂亮 门票便宜 不错,0.9997396440892532
茱萸湾,非常好玩！价格也很便宜！,0.9355590100578627
茱萸湾,很好玩！！大熊猫很可爱,0.946540224901767
茱萸湾,扬州茱萸湾风景区实际是以动物园为主，走到头的茱萸湾风景并不是很吸引人，但很接地气。门票45一个人，现场可以扫码购票，线上购票会便宜一点。,0.9975725574294091
茱萸湾,茱萸湾现在真的很不错哦，还有2只熊猫，40几的门票，带上小孩，带上帐篷，可以在里面玩一天呢！看看动物，累了就搭帐篷休息一下，非常好！,0.9681722332821158
茱萸湾,带小朋友去动物园玩，人还算好，不是很多，小动物很多，进门就看到好漂亮的火烈鸟，小朋友一路很兴奋哈，非常适合一家人出游，节奏缓慢,0.9999952446951024
茱萸湾,真心不错，带娃逛逛，增加他们的知识量，也很有兴趣。老虎，狮子，熊猫，袋鼠，都不错，还有意外的在树林里发现了梅花鹿和孔雀，真的好棒。值得推荐。红山动物园相比较而言太累人了，跑一座山头才看一个动物。所以，茱萸湾很有优势！,0.9999999988273303
茱萸湾,有些动物像熊猫，小熊猫，涨知识了，原来小熊猫≠熊猫的小时候，第一次不是在电视上看到这么多的动物，射箭很有趣，绿色的植物也很多，感觉这个季节来的正好,0.9999892753876477
茱萸湾,就是动物园 适合亲子周边游,0.9371471488564519
茱萸湾,孩子喜欢 收费有点一言难尽,0.608197120646611
茱萸湾,扬州茱萸湾风景区也是扬州动物园，值得带小孩去逛逛。还挺有意思的。,0.9997611947394841
茱萸湾,景色宜人，动物很多，可惜太热，老虎狮子都在休息，可以带小孩子去玩,0.9838194791437802
茱萸湾,优雅的天鹅，可爱的浣熊，淘气的狐猴，美丽的孔雀……还有历史悠久的大运河，不枉此行,0.9999881558793289
茱萸湾,每年都要去一次。更多的是纪念。蛮好的一个亲子互动的地方！,0.9903060166936324
茱萸湾,人山人海，人多,0.5443456329515354
茱萸湾,整体还可以,0.7827228554414102
茱萸湾,性价比高，园区很大，动物也很多，很满意的一次体验,0.9956002396251414
茱萸湾,这里风景优美，景色怡人，里面还有各种动物，适合全家人周末去亲近大自然，特别是有小盆友的家庭。公园面积挺大的，在里面可以待一整天。,0.9999999938204702
茱萸湾,性价比很高，里面有很多小动物可以喂，孩子很喜欢,0.9997770721485852
茱萸湾,不错，去的时候有凉风，树也多，没有那么晒。,0.9608990620763258
茱萸湾,值得一去的动物园，景区挺大，动物种类也丰富,0.9847055889429368
茱萸湾,????????????????????,0.5
茱萸湾,有趣好玩，性价比高，总体超赞，景色不错，,0.9999974636923397
茱萸湾,茱萸湾风景区位于扬州东首湾头镇，面积约50公顷，北接邵伯湖，西濒京杭大运河，东连仙女镇。 在茱萸湾风景区内，有一片芍药园，正是芍药花盛开的时候，姹紫嫣红，春色满园，招蜂惹蝶，引人入胜。一群六十多岁的发小们又集中来到这里，踏春赏花，其乐融融。,0.9998934652319447
茱萸湾,在春天是一个非常值得去的地方。有花有水有鸭子，还有狮子老虎和孔雀。春天一到，百花齐放，梨花桃花和柳树组合了一幅美丽的风景！当然还有美妙的烧烤区，是年轻人向往的地方，有集体烧烤，也有＂包厢＂式烧烤。环境真心好，空气干净，是郊游和团建的好地方。,0.9999999996246711
茱萸湾,茱萸湾风景区位于扬州东首历史文化遗存丰富的湾头镇，湾头是一座有着2500多年历史的运河古镇，位于扬州东郊京杭运河与芒道河之间，北接棠湖（今邵伯湖），西濒京杭大运河，东连仙女镇（江都市政府所在地）。这里原来叫茱萸湾，汉代就已形成。《重修扬州府志》载：“汉吴王刘濞开此通海陵仓（是以此为起点开挖邗沟通往泰州）”，因此地北有茱萸村，并遍植茱萸树，故以茱萸立名，且此处又有弯道，故“茱萸湾”始得名。,0.9999999720938125
茱萸湾,只要是价格真便宜 而且适合小朋友过去玩,0.9304519893145571
茱萸湾,经常来，设施很好，还有有热水可以接,0.4653522051271668
茱萸湾,????????????????,0.5
茱萸湾,周末打卡不要太好啊！！！！！！！,0.21119120192979446
茱萸湾,点个赞再说吧，还是不错的地方的,0.9387393849490812
茱萸湾,风景很好，植被茂盛，动物可爱,0.997118180635031
茱萸湾,非常棒 孩子们喜欢去的地方,0.9890616527472263
茱萸湾,很高兴很好玩，小天鹅不错,0.9948912132530441
茱萸湾,人太多，动物不多，停车场离门口很远，太累了，建议动物数量增加,0.36333340257605584
茱萸湾,面积还可以，动物七七八八也有，但是种类并不多，就这个价吧，不过放养的L挺有趣狮子老虎挺有活力，熊池的一只熊瘦的只剩骨头了,0.9996674100714721
茱萸湾,.........,0.4285714285714284
茱萸湾,哈哈哈哈哈哈哈哈哈,0.9957269865929866
茱萸湾,环境不错，空气清新,0.9757128388293043
茱萸湾,超级棒，携程真好,0.667440331356457
茱萸湾,........,0.10000000000000009
茱萸湾,很好 适合亲子游,0.8231906626064004
茱萸湾,带孩子去非常o的，有很多动物，只是刚进门很好，越往后感觉乱糟糟的，还设了围挡，停车紧张，需要等,0.7067292523609493
茱萸湾,好玩的是动物都是半开放的，可以亲近，不好玩的是动物太少了，好多笼子和场地都是空的。然后就是动物幼儿园太臭了，直接被熏吐了。大猩猩真的会拿东西砸人，要小心，总的来说性价比还可以,0.9773385048890735
茱萸湾,需要换门票才能进去，不能凭身份证直接入园，内部不错，设计合理，卫生间很多，风景优美，动物也挺多,0.925125137934729
茱萸湾,非常好的体验,0.7583067733643236
茱萸湾,不错挺方便。,0.9401948468541813
茱萸湾,真的很不错哦,0.9421514967904675
茱萸湾,适合带孩子,0.8611159895994469
茱萸湾,………….,0.5
茱萸湾,还可以??,0.5738749797015925
茱萸湾,不错挺方便,0.9401948468541813
茱萸湾,动植物园，动物基本都不关在笼子里，属于半开放式的。种类不算少，但每种数量不多，给大家开开眼界。进园处的湖那边很多鸟，很美，一直往里走以植物居多，还有很多收费的游乐项目，比如cs，卡丁车等。,0.9999975841485417
茱萸湾,适合居家旅行 情侣 公司聚会，景点环境非常好，空气也清晰！还有很多野生动物，这么近就能看到国宝，挺可爱的，我们此次是举行BBQ派对，建议尽量早点过去，10点后人会很多！,0.9998234018010483
茱萸湾,五一期间人太多，配套管理跟不上，体验感一般,0.39883099021362367
茱萸湾,茱萸湾是古运河从北面进入扬州市区的门户，隋炀帝三下扬州，清康熙、乾隆帝六次南巡都经过这里。唐代的茱萸湾 还是国对处往来的一个港口。唐诗描绘了这里的水色风光：“半逻鸢满树，新年人独还。落花逐流水，共到茱萸湾。”“有地唯栽竹，无家不养鹅。春风荡城郭，满耳是笙歌。”,0.9999999866143723
茱萸湾,这里是孩子们的天堂，几乎都是家长带着孩子过来玩的，看看各种各样的动物，涨知识。公园里面植被茂密，空气清新，可以在草地上搭个帐篷野餐，是一个全家共同出游的好地方，不足之处就是里面餐食供应太匮乏，找不到能吃点正餐的地方。,0.9999999033646914
茱萸湾,4.4早上7:40刚开门就到了，公园基本没人，绿树鲜花映入眼帘，环境干净，听着鸟鸣猿啼非常惬意，孔雀自由自在畅游园中，小松鼠树上树下自由自在，各种动物在干净花园的公园里舒适的生活。,0.9999999999800322
茱萸湾,看到了大熊猫，正在拉粑粑??很多漂亮的天鹅，老虎狮子等等，孩子很喜欢，风景也优美，带孩子去真的不错！需要改善的是停车场，里面位置少不好停外面临时的坑坑洼洼，车很难开，希望改善！,0.9997455599224813
茱萸湾,茱萸湾动物园的动物很可爱，就是品种不是很多，如果早上去差不多中午就能全部逛完，差不多半天时间，但是门票很便宜。所以性价比很高，平时带孩子去玩玩还是很不多的,0.9999965595954378
茱萸湾,非常适合带孩子来游玩，风景也很美,0.9956920226515833
茱萸湾,总体超赞，性价比高，有趣好玩，动物蛮多的，可以亲密接触，除了节假日人暴多外，还是蛮好的，很适合亲子。,0.9999999701158755
茱萸湾,内置收费项目多，对于公园来讲失去意义,0.8862188764442102
茱萸湾,马戏团门口宝宝玩的车乱收费，乱要价，小孩不能玩，大人带还要买两张票才能玩，啥道理，那你就不要开这个小车，外面哪里会收双人的钱？？？,0.00036467607377843603
茱萸湾,挺大的公园，里面还有动物园，环境不错的，大人小孩都有的玩，早点去还有停车场，停车场也挺大的，值得去玩，玩过以后吃扬州茶点，棒棒哒,0.9997456258782128
茱萸湾,还不错，就是地方太大，老人孩子走不动。野营的人挺多的，搭个帐篷，带点吃的，一家三口出行的话，很有趣味，城里人难得亲近自然。,0.9998550160272138
茱萸湾,大扬州不错的风景区，动物们也很健壮！同事们都说不错，下一次有机会带家人同去，期待着携程能享受更多的优惠！携程棒棒哒！哈哈！,0.9983045924171637
茱萸湾,茱萸湾是我来扬州这么多年，一直都很喜欢的景点。老少皆宜！门票低廉，交通方便，服务贴心，下面简单说说吧！市区乘32路公交车终点站既是茱萸湾景区大门。园区门口有婴儿车租赁，很贴心。景区内景色秀美，花卉繁多，很多大树遮阴，更重要的是很多可爱小动物散养，有互动区域可亲密接触环尾胡猴，孔雀等。也有发型猛兽区观看，但我最爱金丝猴啦，能驻足很久。景区里有简餐，小吃售卖，免费热水供应，100个赞。,0.9999999999955649
茱萸湾,来了好多次了，宝宝特别喜欢小动物什么的，每次来的时候都要准备水果喂小猴子，这次还带了胡萝卜来喂小羊小鹿，宝宝特别开心。刚开的两栖馆很不错，20块门票本来还有点犹豫，进去了才发现完全超值。小是小了点但是动物很全，海豹，鳄鱼，海龟，各种蟒蛇蜥蜴。小海豹离的很近很近，是海底世界看不见的，花10块钱就可以喂海豹，我趁机摸了下它的手手… 很满意哦，等天气好的时候还带宝宝来。,0.9999999999996625
茱萸湾,带着孩子一起去看看动物真不错,0.992765233390126
茱萸湾,带着家里人过来玩的，距离市中心比较远，交通还是比较方便的，应该算是一个小型的动物园，比较适合带小孩子来玩，就是动物太少了点，说是熊猫，其实是小熊猫,0.9992059875351632
茱萸湾,春天就适合和朋友一起春游,0.9840548845535386
茱萸湾,动物园动物放养比较多，喂小动物需要单另花钱，适合带孩子来玩玩。,0.9947592592189344
茱萸湾,茱萸湾动植物园真的是溜娃的宝藏好地方，很多人都带了帐篷露营，萌宠小动物可以零距离接触，买喂食是需要另外付钱的。鹿鸣苑附近有散养的鹿，但是很胆小。除猛兽区外，其他地方的小动物大多都可以近距离接触，值得推荐，,0.9999991961186664
茱萸湾,茱萸湾很适合带小朋友出游，看看动物，尤其好多天鹅，野餐一下，还可以烧烤，玩一下游乐设施，景色还不错，门票也不算贵，就是里面有些项目是收费的，海豹，两栖动物馆都收费。亲子玩玩还可以。,0.9999531031554699
茱萸湾,挺好的一个地方，有风景可以欣赏，有动物可以观赏，也算近距离接触一些动物，挺好的，带着孩子玩慢慢的玩，至少可以玩大半天呢，挺不错的，喜欢这里茱萸湾风景区，扬州动物园，有老虎有狮子有狗熊，有兔子，有黑天鹅，有猴子狒狒，好多动物，特别好！,0.9999999999987745
茱萸湾,动物蛮多，大熊猫，小熊猫，老虎，狮子，狼，金钱豹等。里面小孩玩的娱乐项目蛮多，水上的激光船，卡丁车，碰碰车，小火车。野营，野炊烧烤都可以，准备不充分，到那啥都没准备，有点可惜。步行就能逛好。值得去游玩。,0.9986349412346621
茱萸湾,我们是中午进园的，在园区外不远处有免费的停车场，停车很方便的。园区内有植物园和动物园，都是可以免费参观的。在动物园我第一次看到了国宝级动物D大熊猫，她憨态可掬的样子着实可爱。在猛兽区有老虎、狮子和棕熊，这些大型食肉动物十分凶猛，游览时可要注意安全！站在茱萸宝塔下，眼前波涛万顷，运河两岸层林尽染，在隆冬季节畅游茱萸湾也是别有一番滋味！计划在四、五月份我们再来一次，茱萸湾是一个让人留恋往返的地方！,0.9999995817261527
茱萸湾,茱萸湾风景区位于扬州东首湾头镇，面积约50公顷，北接邵伯湖，西濒京杭大运河，东连仙女镇。 《重修扬州府志》载：“汉吴王刘濞开此通海陵仓（是以此为起点开挖邗沟通往泰州）”，因此地北有茱萸村，并遍植茱萸树，故以茱萸立名，且此处又有弯道，故“茱萸湾”始得名。 茱萸湾2011年被评为国家4A级旅游景区，2014年获评江苏省生态文明教育基地。,0.9997392055344316
茱萸湾,如果是亲子游来扬州的话，这个地方是首选，就是一个风景优美的动植物园，很多动物，而且动物养的还是不错的，很多住的都是豪宅啊，小朋友玩的很开心，大人能看到美景，人也没瘦西湖那么爆满，相当满意对这次选的这个景点，推荐亲子游！,0.9999999999846525
茱萸湾,还行吧，动物园。,0.8943497647254218
茱萸湾,非常喜欢非常喜欢,0.8298294910298197
茱萸湾,出游的好去处,0.46743176682773957
茱萸湾,孩子喜欢玩,0.9269629408639943
茱萸湾,出去春游吧,0.674955064043103
茱萸湾,值得一游,0.8098672246262445
茱萸湾,里面有个动物园 性价比高 带小孩玩很不错 门票好像只要20？ 李勉风景还不错 走到最后有一个小白塔,0.9999803159469001
茱萸湾,思念总比西湖瘦，不再三月依旧可以下扬州！一天时间固然紧张，但走马观花也总比蜗着懒觉有意义！茱萸湾公园和扬州动物园是同一个地方，票价45元，性价比还是很高，可以看动物，环境也不错，值得推荐！,0.9999999997836926
茱萸湾,值得一去，相当不错，孩子喜欢，空气清新，停车方便,0.9974251277251261
茱萸湾,性价比高，特被适合短途旅行,0.9955892715504802
茱萸湾,扬州茱萸湾风景区，三面环水，环境优雅，唐代著名诗人刘长卿赞道 ：“落花逐流水，共到茱萸湾”，鹤鸣湖是景区开门水景，湖中几座小岛的造景，实为这些水禽们营造了生态的环境。天鹅是鸟类是游禽中体形最大的种类，这里有白天鹅与黑天鹅。,0.9999998955459304
茱萸湾,茱萸湾总体不错，特别适合亲子游，它兼有动物园和植物园，观赏游玩性好。(虽然有些地方环境卫生水平还有待提高)动物园除了大熊猫没有，其他都很好，所有动物都蛮精神的。植物园有花荟绿植草地，园内有自助烧烤。乐园有卡丁车碰碰车蛮好。最值得一提的是园内马戏，节目精彩。海狮表演也很好。虽然说这些都是自费项目，但掏得值！最后也抱怨一句，虽然不是景区的错：这满天的飞絮真的是太讨厌了！,0.9999999999836602
茱萸湾,挑了个周五工作日和妈妈带着外公外婆，还有小孩子一起去的，总体来说不错，景区挺大的.景色很美，小廊在动物区和湖水中弯弯曲曲，不错 1、我们从11点进去，走走看看停停，用了5个半小时，（ps:门票不是通票，景区内额外收费项目：海狮表演、马戏、两栖动物馆等，分别安排表演时间只有两场，都是11.00多和14点多，没有导购图，转转悠悠我们一场没赶上，有点遗憾）。2、景区内有收费?，车位不算多，白天和夜里收费不同，白天2元半小时。 3、因为是动植物一体园，里面的动物种类也不算少，悠闲中足以让我们惊喜。4、一进门有自助儿童车租赁，押金200元，每小时10元，封顶30元，收费不算高，而且好像10分钟内还车不收费，还挺人性化的。5、本来想看熊猫的，结果没看到，不过恰逢孔雀开屏求偶季，算“一点点补偿” 。 下面说一下缺点：1、景区内工作人员我只看到进门审票的一个人，景区内需要额外收费的人，然后就是两三个清洁人员和施工绿化人员，其他就没了，不知道是不是工作日游客少的关系，没有导购图，想问个路都没得人，哈哈哈哈哈哈。 2、景区内没有国宝熊猫就不要放图片来忽悠人嘛，小浣熊直接写好啦，挂着的图写着（小熊猫不等于小的熊猫），我也算是冲着这个选择这个景区的，想说带孩子认识一下真实国宝长啥样，找了好久都没有，还是问了其他游客，他们笑着说在哪哪哪，没啥好看的，我当时还纳闷了，我的天，神一样的偷换概念。 最后，携程订票确实方便，但是对熊猫这个有点生气，哎,4.723776925175116e-12
茱萸湾,玩得不错，价格合理，里面的小动物比较多，尤其是里面的猴子特别可爱。就是坐游船几分钟就要20一人，有点坑人。带孩子老人去，比较合适，里面项目另外收费，杂技表演另外收费45元一人，大概一小时左右吧。桂花树挺多，里面走走逛逛很香，也很休闲。,0.9999769284177422
茱萸湾,非常喜欢这个风景区，位置好，开车过去很方便，推荐有空去看看,0.9966873026619633
茱萸湾,动植物在一起的公园我还第一次看到我觉得值了，这里动物满全的我看到了羊驼、树袋熊、金丝猴、黑天鹅和白天鹅、孔雀等等等等很多……植物也看到了琼花、药芍花、樱花等等总之我觉得值得去!,0.9999207915667868
茱萸湾,不枉此行。虽然里面的动物跟南京，上海的没法比但是里面的风景还是不错的。而且票价便宜是个休闲踏春的好去处。周末带上全家去走走还是不错的。,0.9990283082313726
茱萸湾,带小盆友去动物园看动物，玩的非常的开心，就是熊猫挂在树上睡觉了??,0.9943432499367062
茱萸湾,地方很大，买包饲料湖边可以喂喂鸭子天鹅，这边看猛兽不错，都能看得清清楚楚的，里面也有一些馆进去要付钱的，但是小朋友喜欢啊，由于时间问题还有些地方没去，希望有机会再去吧,0.13734809341037169
茱萸湾,票价不贵，总体还可以。但是去的时候熊猫在树上睡觉，游客里有一个家长居然为了让熊猫动一动，用玉米棒去砸熊猫，所幸没有砸到。而管理人员和宝安就坐在旁边的长椅上玩游戏。连国宝都不受管理人员重视，让人很是意外！,0.49880071663689096
茱萸湾,阳光明媚的周末，带上心爱的人来这转转，看看风景，看看可爱的动物们也是一种乐趣，老虎，狮子，熊，火烈鸟，还有好多孔雀，天鹅,0.9999998935651777
茱萸湾,记得里面好像有个动物园，门票很便宜，性价比很高，风景也不错,0.999953805287473
茱萸湾,这个动物园靠着镇江，门票不贵，里面动物也不少，还有个海豚表演另外收费，里面有租电动车的，性价比蛮好的，另外收费的好像没有了。门票很实惠。,0.9950064644185104
茱萸湾,非常棒的一次旅游，小孩子非常开心，娱乐体验很嗨，人山人海，孔雀园可以和孔雀互动非常棒，建议更多的动物园区能有互动区，最好开放自驾游区更好,0.9999990294489512
茱萸湾,里面没有熊猫 没有熊猫 只有浣熊 想去看熊猫的不要去啊啊啊啊,0.9400582769688405
茱萸湾,性价比很高，里面很大，动物也多，值得一去的好地方！！！,0.9918791126869166
茱萸湾,就是个动物园孩子还挺喜欢的。hhhhhhhhhhhhh,0.9845374275080254
茱萸湾,茱萸湾风景区，是扬州当地非常受到大家欢迎的景点，不仅仅是游客们喜欢，就连本地人也超级喜欢周末过来，这边的景色超级美，也是野营绝佳选择！,0.9997894327104454
茱萸湾,整体感觉值票价，环境还不错，适合一家游玩，离门口200米有免费停车场，里面的海狮表演馆虽然小了点旧了点，一个人才10块钱，也算良心价了，90公分以上全票有点不理解，，，，，,0.25270759810488985
茱萸湾,阳春三月下扬州，扬州除了瘦西湖非常有名外也有其他值得一看的公园，茱萸湾风景区里有扬州市花??琼花，开的非常漂亮，还有木芙蓉也分外夺目，非常值得游玩，周边停车也非常方便。,0.9999931106834389
茱萸湾,扬州市内最喜欢去的景区，门票很便宜，里面动物很多，环境也非常好，最主要是管理得不错很干净。可以带野餐垫去草坪上野餐，也有烧烤点。,0.9998938989153923
茱萸湾,非常好，特别适合遛娃。我们去的时候正好门票打折，22一张，特别优惠！娃玩得特别开心，里面虽然动物不多，但是地方挺大的，很多人带了帐篷，烧烤架去烧烤。,0.9992179469754516
茱萸湾,公园加动物园，老少咸宜，门票还不贵，值得推荐。,0.9677993123181358
茱萸湾,地方虽小，但是确实挺美的，带孩子去的好去处！,0.9661897106245118
茱萸湾,总体超赞，有趣好玩，性价比高，景色不错，小动物都很可爱！！！特别是有小电瓶车可以骑，让懒癌星人有了一个很好的游玩体验，非常好,0.9999999814053467
茱萸湾,有一座茱萸塔，古代是京杭大运河的航标，自然风光优美，水清岸绿。,0.9982851479799598
茱萸湾,疫情有所稳定 加油 疫情后动物园就可以开放了,0.9910508696376621
茱萸湾,很不错的地方，很适合小朋友来玩。马戏表演除了开场的，后面都是杂技魔术，含金量很高，但是小朋友更喜欢动物。熊猫馆没有大熊猫，只有小熊猫，算充数吗 总得来说还是不错的，里面的小卖部再多一些，吃的多些就更好了。,0.9999999273471296
茱萸湾,【景色】秋天非常美！ 【趣味】 【性价比】,0.9994466250989343
茱萸湾,驱车前往，从扬州西到扬州东，带孩子玩的好地方，基本可以玩到大半天，扎个帐篷也是很好的选择。扬州景色一向很好，茱萸湾公园干净卫生，没有浓郁的商业气息，很舒适。这,0.9999949053650135
茱萸湾,很适合带孩子去玩，推着小推车去很方便，没有什么难走的地方，楼梯的地方也贴心的弄了斜坡，方便带推车的游客，风景也不错，今天宝宝玩的也很高兴！,0.9983311806211541
茱萸湾,亲子活动挺好的，有很多动物小孩子很喜,0.9976151996044831
茱萸湾,门票便宜，茱萸湾很大，有好多动物，真的是物超所值，陪孩子的必选之地，很值得一游！！！下次有机会，还会带家人一同游玩，小朋友也能增长见闻！,0.9999999298661062
茱萸湾,性价比较高，门票单价不算贵，园内有动物，马戏表演和游乐场，就是游乐场项目单价偏贵。                    性价比高，,0.9999051707832279
茱萸湾,景色不错，总体还行，性价比高，有趣好玩，品种不是特别多，价格淡季还是很划算的！服务基本比较空缺，因为是冬季，很多场馆都是关闭的，园里自然生态还是保护的不错的，推荐带孩子游玩。,0.9999999996718707
茱萸湾,带小孩去玩的最佳地点，门票也不会贵，小动物也多，还有小朋友玩的设备，很赞,0.9991090016095827
茱萸湾,休闲的地方，适合带娃去玩玩！！,0.7623022804834171
茱萸湾,真的很不错，景不错，还有不少动物，遛娃必打卡之处！,0.999825117641157
茱萸湾,有趣的动物比较多，可以近距离接触，景点也不错，就是有点小贵，门票45元,0.9818565630085833
茱萸湾,动物还挺多的 挺适合带孩子玩玩,0.9989683753120592
茱萸湾,景区动物挺多的 性价比高 不错,0.9993810136375123
茱萸湾,总体来说很好。包含了动物园植物园名胜古迹博物馆等等综合一体，大人小孩都能各取所需。走累了还能看看古运河风景。除了两栖爬行馆另外收的20元门票有得儿亏以外，其他都很好。,0.9999939128179248
茱萸湾,景区布局合理，动物园和娱乐项目交替存在，很多地方可以出来野餐，非常适合全家出游，烧烤的价格建议更便宜点。,0.9877454904220404
茱萸湾,其他都很好，收费的两栖馆和大马戏很坑，两栖馆屁点大，大概也就10样东西。马戏一共就4个人，全是杂技表演,0.0010009700917317232
茱萸湾,那天虽然下着小雨，但因为没有其他人，烧烤区相当于被我们包场了，有雨棚，下雨不受影响，就是炭炉生火耽误了点时间，总之玩的很尽兴！另外，雨中的树林青翠欲滴，相当漂亮！,0.6354934888755711
茱萸湾,第二次来了，比第一次来时又有了变化。里面卖吃的售卖点多了。然后设置方面又有了一些变化。里面可以看动物，可以烧烤，可以玩游乐项目，可以看风景。总的来说，还是不错的。一天足够，也不会太累。这个价钱吧，也算合适了。里面看表演，骑马等需要额外收费。还有就是我还是摸不清这个各个场馆的指示牌。有时候来来***走几趟冤枉路～有趣好玩，体验很好，值得推荐，景色不错，,0.999999988160117
茱萸湾,休闲娱乐，带孩子看动物不二的选择，春天到了，风景如画，离家也不远，三五好友一起踏青BBQ 也是极好的，每年都要去个一两次！,0.9998914123178405
茱萸湾,非常不错的公园，特别适合一大家子出游，特别是带上小朋友，可以在里面逛上一天是没有问题的，很多动物都是可以零距离接触的，虽然现在是冬天，但是风景也还是很不错的，里面有赏花的地方，主要现在是淡季，冬天没有，不过整天来说还是不错的！,0.9999993860401729
茱萸湾,茱萸湾风景名胜区是一座融自然风光、人文景观、花卉、植物动物观赏和现代游乐为一体的半岛生态型动植物园。动物园里分别有猛兽区、食草动物区、宠物区、猴岛、水禽鱼类观赏区、鹤生态园、海狮表演馆、猛兽表演馆等。走在茱萸湾公园，这里坐山造势、小桥流水、植物点缀，非常适合休闲游。,0.9999999999999769
茱萸湾,茱萸湾风景区在京杭大运河挺进扬州的地方，也算是扬州的植物园?动物园，踏春散步，带着小朋友看看动物，一家人???都挺开心,0.9999400031323512
茱萸湾,工作人员态度极差,0.02840029862123694
茱萸湾,不要在夏天去就行,0.49419972793332345
茱萸湾,小动物不多，都比较懒散，适合亲子玩，不大。走一圈不会很累,0.712015236001715
茱萸湾,中午吃了饭去的，直接把车开到了停车场，外面车是停了很多，但是里面人流量还好，小朋友们玩的很开心,0.6752832754063638
茱萸湾,环境非常不错，动物区有很多互动，最推荐的是狐猴互动岛，一定要体验一下。漫步走到最里面，有庭院，有河水，有栾树茱萸，还有一座塔，非常美。,0.9999935539171848
茱萸湾,带孩子去看看小动物，走走小栈道感觉还是很惬意的，环境不错，端午去的错过了花季，好多花没看到。40圆的票价还是很值的,0.9999866629055411
茱萸湾,五一第一天去的，很担心人多，进景区走的有点远，总体还好，没有人挤人。景区风景秀丽，值得一去！,0.9980685455551438
茱萸湾,酒店门票不贵，动物种类也还可以，不过门口看着比较小气，停车场车位严重不足，内部餐厅比较少，很一般。另外景区内互动区域比较多，但是都需要另外付费买饲料，不过价格还好不是很贵，总的来说还不错,0.798876970836908
茱萸湾,还不错，人也不是很多，值得去玩，携程订票很方便,0.7719969758296257
茱萸湾,里面有个动物园 以前带小朋友去过 还不错 门票便宜性价比高 外面风景也不错 随便走走踏青蛮好的,0.9999789448877691
茱萸湾,带着一岁的儿子和公公婆婆一起去的，两个老人比小娃娃玩的嗨，见了很多平日见不到的小动物。天气好，玩的很舒服。总体用了三个小时。,0.9977424806464215
茱萸湾,非常值得推荐的地方，动物散养，可以与人亲近，植物参差错路，无论哪个角度拍下来，都是一幅画。加上柏油小路的点缀，更显清新悦目！,0.9999998750368145
茱萸湾,《重修扬州府志》载：“汉吴王刘濞开此通海陵仓（是以此为起点开挖邗沟通往泰州）”，因此地北有茱萸村，并遍植茱萸树，故以茱萸立名，且此处又有弯道，故“茱萸湾”始得名。,0.9206214903491484
茱萸湾,垃圾的要死，看表演要另外付钱，看爬行馆要另外付钱，带馆字的都要另外付钱！！！！！！！！！！！！！！！！！！！！！！！！！,8.071791802932715e-05
茱萸湾,这里的动物园还真的不错，路比较好走，小孩走路也不会累，三个小时能逛完，停车场免费的得跑五分钟，景区里面的3.5一个小时，吃胡萝卜的动物不多，建议带点大白菜，个人感觉动物没有红山动物园的多，不过还不错啦，里面小孩玩得娱乐设施比较多，不过要钱的啦，里面的小商店很多，东西都不贵，好多人去那边自己烧烤，搭帐篷玩，真好,0.9999983142162726
茱萸湾,已经带宝宝来过好多次了，这次趁着假期带上自己孩子和亲戚家孩子一起，有好多动物，小朋友们玩的不亦乐乎，在里面吃吃喝喝，看看小动物，玩玩健身器材，比之前多了个两栖动物可以看，轻轻松松玩了一上午，宝贝们都很开心，很值得一去噢！,0.9999999994855635
茱萸湾,春暖花开适合踏青，进园逛逛玩玩感觉挺好。梅花开了，花香景美。,0.9997104828255736
茱萸湾,茱萸湾在扬州郊区的湾头镇，在市区可坐公交32路直达，底站下车。票价45元/人，网上预定40元/人。园内不算很大，自己根据指示牌进行游览。茱萸湾其实也就是扬州的动物园，但园内都是一些常见的动物，本地人偶尔带小宝宝来看看还行，外地人就不建议过来了。相较于动物的种类，景区的绿化真是做得不错，尤其其中的一片大草地太美了，每次去，都会感叹！,0.9999999913211931
茱萸湾,连着两个星期去了，多了一直食蚁兽，萌萌的、很可爱哦！跑马场也不贵，以前才20块钱。就是没看到小棕熊宝宝，笼子在清洗中…至于狼嘛，估计是没吃饱饭吧，瘦瘪瘪的，还关在笼子里，一点精神都没有…还是那几只老虎更精神，在虎山上很自由！,0.9940830303316746
茱萸湾,地方很大 风景很美 烟花三月下扬州 拍图给外地小伙伴 都再说要组团来 由于是节假日去的 人多 下次还会来 性价比高,0.9999689789964822
茱萸湾,带小孩玩的好去处，植物动物都有，各个动物馆衔接的比较好，长在公园里的动物园，值得推荐，小朋友玩的开心，我们就开心啦。,0.9999980856101276
茱萸湾,还可以，五一期间人没有其他有名景点那么多！更适合带小朋友去玩，动物还挺多的,0.9957121970398143
茱萸湾,作为扬州人，已经去过很多次，带孩子很方便，可以闲逛一天,0.94973438614221
茱萸湾,动物园动物种类蛮多的，占地面积大，参观的人分散。但是两栖馆要20块一个人，海狮表演10块一个人，喂动物得买售卖的。,0.9982044507889759
茱萸湾,特别适合小孩子去玩儿，孩子玩的很开心，可以野炊，看动物，看风景，建议在园区外小店租一个超市的小推车，可以放包包，孩子走累了也可以坐坐！,0.9829291765964564
茱萸湾,天然氧吧，老少皆宜，风景秀丽，茱萸林，芍药花植被遍布整个园子，不虚此行，物有所值，值得推荐。,0.9995545032702525
茱萸湾,一大早从泰州自驾过去，一个小时就到了，建议还是网上购票然后自助取票，现场买票排队人太多了。里面环境很好，尤其秋天季节，秋高气爽，蓝天白云。里面的动物也很多，适合带上一家人，即是散心又是亲子活动,0.43605391055310616
茱萸湾,地方不大，适合带小孩过去看动物、植物。里面还有专门烧烤的地方，有些植物可以教小孩认识。春天过去可能风景会更漂亮。,0.9999865248814458
茱萸湾,真心好！性价比一流，园里特别干净特别生态，说明管理的很好！该有的小动物们也都有，还看到了大熊猫，棒棒哒！推荐！,0.999999973219643
茱萸湾,一次不错的游玩，网上订票很快捷，茱萸湾不仅可以带小朋友前往和小动物亲近，也可以拍风景和人像,0.9983782898854094
茱萸湾,推荐大家去玩，门票便宜又好玩！假期一家人去玩的，小朋友看到狮子、老虎、大熊猫等好多动物特别开心。大马戏很好看，惊险刺激，马场骑马也不错～因为第一次去准备工作做的不充分，不然可以在里面玩一天！,0.9999965193267354
茱萸湾,总体很不错，绿化、展区、丰容都做的比较好，特别是鹤苑很棒，据说其他一些展区也是得奖过的。总之很值玩的很开心！,0.9997769094659459
茱萸湾,五一假期去的 前两天把扬州必去的景点都玩完了 就选择了茱萸湾 人不少 停车免费 就是免费停车场里大门有点远 可以自费坐三轮车 茱萸湾就是个类似生态园的地方 有动物 景色不错哟 很大 本地人很多 好多带着帐篷来的,0.9999989235379744
茱萸湾,不值得去，风景不错，门票价格还行，不过进去后除了看河里游的天鹅和看长颈鹿不要门票，别的所有动物都要另买门票，这是我带娃玩的所有动物园里最独特的。,0.999949099535304
茱萸湾,总体来说环境很好，植物也很多，有一些常见的动物，狮子，老虎，猴子等等。孩子玩的很开心，地方不算太大，半天就可以逛完。里面的小水族馆要另外付钱，二十块，不贵，还是很值得带孩子去玩一下的。,0.9999710728513604
茱萸湾,风景很美，小动物也很多,0.997749842036459
茱萸湾,自带动植物园 相较于往常的动物园 这里的亮点是可以和羊驼亲密接触的,0.99552927797345
茱萸湾,今天去动物园开了眼，原来酒精消毒可以用白酒替代，免洗洗手液洗完要用水洗才行……疫情刚好转，动物园是不是也要对商家进行规范管理呢？经历过不按价格公示随心收费，又见识了白酒充当酒精消毒使用，这个体验也是有点醉醉的,0.011130604989726733
茱萸湾,性价比高，有趣好玩，景色不错，总体超赞，孩子很开心，特别兴奋,0.9999999816186943
茱萸湾,可以近距离接触小动物～小朋友超级开心，门票也不贵，风景也很好,0.9980433432250972
茱萸湾,带宝宝一起去玩的，还是不错的，可以带野餐的东西，有大草坪可以,0.9965186376213309
茱萸湾,性价比高，总体超赞，景色不错，有趣好玩，,0.9999974636923397
茱萸湾,风景很好，是亲子游玩的好去处。门口有免费的停车场，还是蛮贴心的。逛大半天下来也不觉得多累。如果可以的话，可以去吃吃烧烤。小孩子比较热衷于喂食小动物。唯一的遗憾就是没有免费的开水供应，需要自己带热水进园。,0.9999661381163757
茱萸湾,环境挺好的。适合带小朋友和家人来游玩。放松放松心情挺不错的。,0.9998605652769618
茱萸湾,还不错。儿子想看的老虎狮子都有。玩的很开心。就是停车场乱收费，我是本地人都这样了，相信很多外地游客就更被宰了。比较可气。,0.07605241823205433
茱萸湾,基本常规动物都有，分布也比较合理，园内还有游乐场和植物园，外面人很多，往园子深处走人就少了，而且有大运河，看着豁然开朗，很不错。回头有景区电瓶车，不用担心走断腿。携程的价格很划算。,0.9999993029059887
茱萸湾,陪孩子去的，真不错，宝贝们特别开心玩的。小动物们也很多的。,0.9998509012418778
茱萸湾,景区环境布局合理 平时带孩子来走走 接近大自然 认识认识植物 看看各种动物还是蛮不错的,0.9999648991863233
茱萸湾,天很热，但是走几步就有椅子和买水的地方，观光车是随时上下,0.8055370012660432
茱萸湾,很好，多次游玩，有景有动物，趣味性强，适合家庭亲子出游,0.9863848701997786
茱萸湾,带着孩子玩了一天，孩子很开心，天气不错，挺适合玩的！,0.9990325521368291
茱萸湾,大人觉得有点脏乱，投喂和游乐场小朋友玩的很开心。,0.9310220097222203
茱萸湾,很不错，喂的小动物挺多的，近距离接触，自然风光也不错，属于植物园和动物园的完美结合，网上买票挺方便的，还优惠5元，就是里面喂动物基本不给自带胡萝卜之类，都要求买他们的。,0.9999962818342137
茱萸湾,总体还可以，景区植物园那块很好，草坪翠绿，很多游客躺在上面晒太阳，很惬意。动物园那片道路不太好，路面不平，很多地方坏了，没有修缮，而且味道也有点大。,0.9995754309596353
茱萸湾,很久很久没有来到茱萸湾了，景色美丽，动物可爱！整个人的 心情都变得好了～踏青出游的好去处！,0.9999741024015457
茱萸湾,茱萸湾动植物园风景很美，带着小朋友边看动物，边赏景，里面还有儿童游乐园，很适合一家人踏青,0.9999988968375727
茱萸湾,非常棒的景区，性价比很高，马戏表演真的很经常,0.9994218912006293
茱萸湾,有动物，还有风景不错！而且还能看到梅花鹿到处跑,0.9941431288869539
茱萸湾,整体就是个动物园，也没有太多的动物，还好吧。带孩子转一转也是可以的。也不用报太大期望。 不过看到了熊猫爬树，还是比较给面子的。,0.9881992003766168
茱萸湾,动物越来越多，去年看见的放养的鹿今年都关起来了，有放养的猴子～真是特别适合游玩的地方,0.9692146312936796
茱萸湾,性价比高，f总体超赞，有趣好玩，景色不错，,0.9999971828193055
茱萸湾,景色不错，总体超赞，,0.999489772163935
茱萸湾,性价比高，有趣好玩，景色不错，总体超赞，,0.9999974636923397
茱萸湾,性价比高，景色不错，总体超赞，有趣好玩，,0.9999974636923397
茱萸湾,总体超赞，景色不错，有趣好玩，性价比高，,0.9999974636923397
茱萸湾,景色不错，性价比高，,0.9989220081315854
茱萸湾,景色不错，总体超赞，有趣好玩，性价比高，,0.9999974636923397
茱萸湾,景色不错，有趣好玩，总体超赞，性价比高，,0.9999974636923397
茱萸湾,有趣好玩，景色不错，总体超赞，性价比高，,0.9999974636923397
茱萸湾,还不错哦，带小孩去正好。以后有机会再来。,0.9926509384711831
茱萸湾,风景优美，动物很多,0.994043405996237
茱萸湾,强度不大，适合孩子一起去，动物少了点,0.9357184495757053
茱萸湾,有隐形消费基本小孩玩的设备也收钱绝了,0.058465625832552104
茱萸湾,茱萸湾风景区水系丰富北边有邵伯湖，西边还有京杭大运河，自然风光非常不错，水清岸绿，生态保护的不错，游客很多，景区特色有荷风曲桥和鹤鸣湖。,0.9999994061015091
茱萸湾,性价比高，有趣好玩，宝宝挺开心的。,0.9997391715076113
茱萸湾,我这个泰州人最爱去的动物园，棒棒哒,0.9059174393443944
茱萸湾,环境优美，动物可爱，小孩很喜欢……,0.9990010294113941
茱萸湾,大人小孩都玩的尽兴，就是去的晚了，4点半左右老虎狮子都被工作人员关起来了，,0.21955640735939919
茱萸湾,孩子玩的很开心，非常不错，棒棒哒,0.9925005165312418
茱萸湾,适合带孩子去转转，节假日人很多。,0.9789918335684819
茱萸湾,***,0.19999999999999996
茱萸湾,动物园大小挺适合我们家宝贝游玩的,0.9970745541990942
茱萸湾,有趣好玩，景色不错，性价比高，,0.9999027379737186
茱萸湾,景色不错，有趣好玩，总体超赞，,0.999953988386485
茱萸湾,风景好，服务好，人又少，棒极了,0.9942771580577529
茱萸湾,带娃的经典景点，在扬州算不错的,0.9561130800529161
茱萸湾,景色不错，性价比高，总体超赞，,0.9999718622632295
茱萸湾,有趣好玩，性价比高，总体超赞，,0.9998833804992313
茱萸湾,熊猫宝宝太可爱了！！！！！！！,0.4572247979284678
茱萸湾,是动物园，人不多，半天逛一下正好，小朋友喜欢，里面还可以喂一下小动物。,0.9861427721369582
茱萸湾,风景优美的动物园，性价比超高,0.9999384061022001
茱萸湾,还好，动物不太多。走走逛逛,0.9597650615973343
茱萸湾,从镇江开车过去一个多小时，里面有动物园，很适合带孩子去玩玩。丰富孩子的体验，还能学到知识。门票价格也不贵，玩一下大概半天时间。,0.9957731184623371
茱萸湾,带小朋友 玩了一下午 很开心,0.9614747265947178
茱萸湾,很好玩呀，带家人和女生都可以来玩，也挺大的。,0.9876559641863919
茱萸湾,携程网订票取票方便快捷 有优惠 景区总体环境不错,0.3127233667894569
茱萸湾,值得一游的地方，不错。,0.8158247888131206
茱萸湾,超级棒的景点景色不错，,0.9949930539651125
茱萸湾,珍稀动物多，大熊猫??,0.8434096974201055
茱萸湾,不错，孩子玩的很开心。,0.993912722837704
茱萸湾,集植物园和动物园于一体,0.9839630277062327
茱萸湾,一般吧，随处可见的公园,0.7222890128159087
茱萸湾,茱萸湾生态特别好，园区还大，一家老小都很合适。已经来过很多次。,0.988073843153389
茱萸湾,玩的地方挺多的。里面的动物也挺多的。小孩子也挺喜欢里面有狮子，老虎。还有斑马，梅花鹿。哎呦，丹顶鹤啊！,0.9996043650015568
茱萸湾,今天天气很好，出来一趟看到这么好的风景整个人都很放松，也很开心，一家三口出来，美美哒。也拍了美美哒照片,0.9999769926897862
茱萸湾,今天周末，带儿子去茱萸湾公园逛了一下午，里面空气很新鲜，动物也很多，环境各方面都不错，儿子玩的很开心。,0.9999886639984844
茱萸湾,还好吧，没有被惊艳到,0.9125533566621612
茱萸湾,这里很好玩，适合宝宝,0.9636051714908312
茱萸湾,价廉物美，还会再来！,0.7506961101810506
茱萸湾,值得一去，已打卡多次,0.666871574893459
茱萸湾,性价比高，有趣好玩，,0.9955468629941342
茱萸湾,景色不错，有趣好玩，,0.9982384124007828
茱萸湾,总体超赞，性价比高，,0.9987077141757469
茱萸湾,性价比高，景色不错，,0.9989220081315854
茱萸湾,挺好，适合带孩子游玩,0.965881084615371
茱萸湾,环境很好，还有散养的鹿和孔雀，就是里面的小卖部里卖的东西的价格太黑了，靠的近很适合带男人娃子进去转转,0.6626274328967998
茱萸湾,总体感觉还可以，但在海狮表演馆的体验很不好。一开始就领着海狮鼓动游客合影收费，而且5～6个工作人员围着，当提出看不到海狮时就群起而攻之，服务态度非常恶劣，仿佛是群黑社会，根本不是什么海狮表演，就是合影收费。希望景区管理部门管管这群人！！！！！,2.2842033942094275e-06
茱萸湾,环境好，动物很活泼,0.9974509728850702
茱萸湾,性价比高，值得一去,0.9828731075333669
茱萸湾,蛮好的??????,0.7913030405717676
茱萸湾,环境好，景点宜人！,0.7449326048696673
茱萸湾,挺好玩的都是带自家宝贝去玩玩的动物也基本都有环境不错干净老虎熊猫十八食草食肉动物也应有尽有了就是门口的停车位比较少需要停外面的然后走进来。,0.9999969359117515
茱萸湾,一开始以为是个湖之类的景观，结果是个动物园，不过喂喂小动物也还挺有意思，就是海狮没看到表演来晚了,0.9969197875063226
茱萸湾,带娃家附近转转 ,0.5726789366571455
茱萸湾,里面收费内容太多,0.11487810929082609
茱萸湾,带小孩来的，周末休闲来这里挺好的，风景不错还有动物可以看，门票也不贵，对于住在附近的我们来说确实是个游玩的好去处，希望再多些动物就好了。,0.999982194992376
茱萸湾,扬州的动物园必须支持，有免费停车的地方，门票也便宜，挺好,0.9823929972066846
茱萸湾,很大，环境优美。孩子们喜欢，可爱的小动物，春天花也很漂亮,0.9999971959657072
茱萸湾,很好玩，动物挺多的，这个价格不贵，里面的烧烤园乌烟瘴气的,0.998061932037915
茱萸湾,总体还是不错的，公园很别致，动植物园在一起的，适合亲子游,0.9998654147739046
茱萸湾,景色还不错，动物少了点，都懒洋洋的。停车方便，门口不远处开辟了大的免费停车场,0.9995451554634786
茱萸湾,很好很开心??,0.9444576905778121
茱萸湾,好玩，方便快捷,0.6957760021894146
茱萸湾,很好的一次旅游,0.6622532880438109
茱萸湾,扬州动物园真好,0.8681653318717695
茱萸湾,景色动物一体 ,0.9939643068372231
茱萸湾,还不错 有大熊猫,0.8717221333694785
茱萸湾,不错，环境不错,0.9820202807728451
茱萸湾,很大，玩的不错(?????)? ??,0.9507343371688874
茱萸湾,公园不大，景色不错，动物不多，可是熊猫很可爱很活泼。,0.9999851328742295
茱萸湾,我觉得非常好，可惜那天下雨，下次还会带宝贝在去玩儿的。,0.6613897377144506
茱萸湾,很好哦，，，,0.8127556654443949
茱萸湾,动物很受喜欢,0.9743337385395457
茱萸湾,henhao,0.5
茱萸湾,第二次购买了,0.4915361277447762
茱萸湾,常去，可以。,0.635008698348608
茱萸湾,挺有意思的，门票也不贵，但是节假日人真的好多啊。。。,0.978783035497914
茱萸湾,还是上半年端午节的时候去的，动物热的都躲起来了，没见几个。再加上确实已经到了初夏，植物方面都已经茂盛了，也没见几朵花，所以整个行程就当是和孩子出来散散心，也就不指望什么了！,0.5417449316500457
茱萸湾,挺好的谢谢,0.8653732457127369
茱萸湾,海可以可以,0.7707509881422924
茱萸湾,还不错吧啊,0.8830153175079881
茱萸湾,景色很不错,0.9895570087469553
茱萸湾,一直都很好,0.7963159603326924
茱萸湾,有趣好玩，,0.9249409973079813
茱萸湾,环境很优美,0.9312784883005325
茱萸湾,五一人很多,0.6301783414230984
茱萸湾,套餐很不错,0.9529074518710431
茱萸湾,景色不错，,0.9807979383844442
茱萸湾,景色不错，有趣好玩，动物有点少，就是景区内可以自己骑的电动车简直贵到离谱，其他就都还不错！,0.9988298536832666
茱萸湾,总体超赞，,0.9770634881531762
茱萸湾,挺好的啊呀,0.8284246220999102
茱萸湾,景色美，孩子们的乐园。成年人也能找到孩提时的欢乐。,0.9918151234800442
茱萸湾,位于扬州的东边，算是一个小型的动物园，适合郊游野餐,0.9613119359940198
茱萸湾,风景很好，简单明了，适合溜娃。性价比很高。会再来,0.9986648364914102
茱萸湾,带小孩出行，里面各种各样的动物，熊猫、金丝猴等等，景区内绿树丛荫，夏天在里面也感觉凉爽。,0.9733859062482321
茱萸湾,超级适合孩子去，环境好集动物园植物园，烧烤露营于一体，还有游乐场。,0.9997064347031887
茱萸湾,很实惠，网上订的票有植物园和动物园一起的，很赞,0.9966566908470441
茱萸湾,环境超级好，还有好多可爱小动物，最重要的是可以烧烤，适合公司或家庭郊游活动，强烈推荐！,0.9880445359629181
茱萸湾,动物虽然不是很多，但是该有的都有，值得票价。但是里面有的游玩的还需给钱，游船只有十分钟，不划算，但总得来说还行，宝宝玩的开心,0.9998456602974426
茱萸湾,人满多的，就是动物不怎么多，希望动物园能多弄些动物来，还有东西就是有点小贵，希望物价能便宜一点，还有就是希望玩的项目多一点！,0.9885512340548936
茱萸湾,公园设计很合理，兜一圈可把所有动物都看完，跟动物近距离，可以和动物互动，非常值得来。,0.9999856389198077
茱萸湾,感觉是动物园和植物园的综合体，门票不贵，但是园内分项收费很多，适合带个地垫帐篷野餐，小孩挺喜欢的。去的时候芍药花开得很艳，河里的野生小鱼也很多。,0.9973285731212665
茱萸湾,很棒，带孩子来看看，风景很美，动物很可爱。,0.9999728120929526
茱萸湾,非常适合带孩子去玩，有个动物园和游乐场，孩子很喜欢，交通也方便，离市区还有一段距离，环境不错，植物非常茂密，景致也非常美丽,0.9999999783637648
茱萸湾,总体还不错，这个天正好适合春游，中午带个野餐垫，吃点东西，休息休息，还是挺不错的。,0.9986035570150991
茱萸湾,游玩的那天虽然天气比较冷而且玩到一半的时候还下起了雨，但是我们一家人依旧玩的很开心，小朋友看到了很多可爱的小动物很兴奋。,0.9999230888104516
茱萸湾,这是一个动植物园，有动物，有植物，都偏少，景区较大，最晚段有塔，可以看到海。4、5月份建议前往，需要步行较久。一般推荐。,0.9999747675395081
茱萸湾,总体非常好，卫生间干净且设施齐全。有免费的热水，有免费的婴儿车和轮椅提供（需两百块钱押金），还可以免费存包。动物们也很可爱，基本都散养着，骑马、马戏表演也都不贵。全家玩的很开心！,0.9967894329373348
茱萸湾,景区游玩路线比较轻松。儿童乐园里的项目都是比较好玩的项目！非常适合带孩子去玩！,0.9968751572077865
茱萸湾,总得来说还可以，眼镜狐猴真的太热情的都跳我肩膀上来了，地方很大就是天气有点热，另外园内没什么吃的，有待改进！海龟的池子也太小了点，表演没有看，自费的有点多。,0.2509942518324968
茱萸湾,还可以，带孩子在周边转转，看看动物什么的是个不错的地方,0.996264196780056
茱萸湾,天然氧吧，动物散养，狮子老虎，袋鼠浣熊，仙鹤烈鸟，长臂猴，鹦鹉飞，海狮跳。京杭运河，景色宜人。交通便利，亲子同乐！,0.999083940883351
茱萸湾,很不错哦，还看到了大小熊猫！很开心,0.9889642730818832
茱萸湾,长假里人相对少一点的景区，既有自然风光又有小朋友喜欢的动物，走到最后的茱萸湾景色也很赞，比瘦西湖和个园有性价比。,0.9999999934038639
茱萸湾,不错，地方很大，下次还去，空气好,0.9559414206459094
茱萸湾,亲近大自然的好地方，人少很舒服,0.9767040706958952
茱萸湾,慢慢游玩3个小时左右走完，不错,0.9704630231606676
茱萸湾,6号晴天去的，人很多。下午到那的。前年也去过一次，今年去发现地方变大了不少。儿子最喜欢喂鸽子。就是里面的孔雀太可怜的，每只尾巴都没有长长的羽毛了。。。,0.6849392937571368
茱萸湾,项目多，环境优美，玩的很开心。,0.9859151126040362
茱萸湾,还挺好，动物园，环境优美，休闲亲子好去处，对于扬州市民和外地朋友是一个闲暇时光的一个好选择去处，下次带小辈去,0.9999923573106727
茱萸湾,节日去的，人比较多，还好有个免费停车场，不过要走一段路。景区是第二次来了，小朋友挺喜欢，里面动物挺多，就是天热了，都在那睡觉了，都不活动。环境优美,0.9977799847672902
茱萸湾,里面有好多可爱的动物，有萌萌的大熊猫，还有大猩猩，路上还有松鼠，玩的真的很开心！！！,0.999826569951111
茱萸湾,扬州非常不错的亲子旅游地，动物世界，风景美丽，就是人太多了哈！,0.999845946717751
茱萸湾,价格不贵，适合一家子去游玩的地方，口气好，很悠闲，玩一天差不多，走走，看看，吃吃，玩玩，差头从市区到这里不多30元的车钱。,0.21733942669915562
茱萸湾,景色不错，体验很好，,0.9962778232254311
茱萸湾,带家人到扬州小住几天，喝早茶的时候听人说茱萸湾还不错，于是就呆小孩和老婆过去了。 因为是工作日，所以人不多，环境还是挺幽静的，景色不错，里面有很多动物，小朋友可以喂喂，休闲游乐还是比较合适的。 【景色】还可以,0.9999996373425492
茱萸湾,本以为是个小动物园，没抱着多大期望来的，结果体验感超好！公园还是比较大的，所有的动物都隔开了一定距离，以开放型散养为主，不像其他动物园用笼子关着。小朋友互动的地方比较多，比如喂鹦鹉（要收费，且给的喂食很少）、喂天鹅鸭子大雁、喂斑马等等，小朋友能比较近距离接触到可爱的动物们的。熊猫馆里果然没有大熊猫，动物园里也没有长颈鹿大象这类体型较大的动物，但能歇息的地方很多，处处都是草坪绿树鲜花，很多带帐篷野餐垫来的，还有卡丁车之类的娱乐设施，如果自带野餐的话可以玩一天或大半天。,0.9999999998626228
茱萸湾,环境还不错，周末带孩子野餐、亲近亲近大自然，宝宝最喜欢看羊驼,0.9999979123661104
茱萸湾,小孩很喜欢的一个地方 ，一直都很兴奋！动物挺多的 ，票价不贵，非常值得去，我觉得比上海动物园都热闹！,0.9992472444407847
茱萸湾,值得一去，动物园和植物园在一起，寓教寓乐，休息的时候还发现了群散养的梅花鹿出来遛达，很贴进的感觉，动物数量不是挺多的，关键停车还免费，携程订票方便，说走就走的旅行，携程首选。,0.9929610234766025
茱萸湾,动物非常多，和老婆玩的很开心，就是熊猫有点懒，等了半天看不到正面 还有就是希望成人的游乐项目多一点，会有空去继续玩耍的，空气环境都不错,0.99857132935553
茱萸湾,第一次去，感觉很不错，环境很好，有球有水还有动物和娱乐设施，带孩子去看看动物不错，里面很大。,0.9999648086453085
茱萸湾,环境很好 动物挺多的 熊猫好懒 这个季节花都没开挺遗憾的,0.9885057795585785
茱萸湾,物美廉价的动物园，第一次带父母和娃去，感受都挺满意的，唯一不足的是，那边停车场太小，我们车停了好远！有时间的话，还会再次去游玩！,0.9981744164776224
茱萸湾,风景不错，去的时候人也不是太多，能够近距离接触动物，票价也不高，很赞,0.9987543455158102
茱萸湾,带小朋友去看动物，小朋友很开心，特别是看到大熊猫和小熊猫，赞赞赞，下次还会去有趣好玩，,0.9999997750058107
茱萸湾,扬州是个不错的城市，茱萸湾适合带老人小孩，看看动物悠闲地走走，大概3个小时可以逛完，总体感觉不错，地方挺大，动物不算太多还好吧,0.9999923348881105
茱萸湾,还不错啦，就是动物不是太多，去看大熊猫还没看到,0.8810667412855527
茱萸湾,一般般，not bad. Gooooooooooooooooooooooooooooooooooooooooooooooood ,0.2699636795795842
茱萸湾,今天真值了，好多动物都出来活动，精神气十足。,0.9978244077153521
茱萸湾,很好。带小孩来玩真好，孩子开心。动物品种多。,0.9988352344390711
茱萸湾,茱萸湾动物园风景环境很好，还可以烧烤露营，动物品种挺多的，是节假日旅游的不错选择！,0.9999814040384722
茱萸湾,1.11E+112,0.5
茱萸湾,风景不错，我们没有走全，主要去看了马戏和海狮表演，之后又去了孔雀园零距离的和孔雀亲密了一下，还可以喂食哦！之后就是狐猴乐园，也是零距离的喂食还可以抚摸一下可爱的它们哦！接下来还有一些其他的小动物可以看。总体来说，带小朋友的去玩玩还是很不错的。,0.9999999860519306
茱萸湾,美是一种境界，一种环境的动人状态。红红的霜叶陶醉了秋日的树林，潺潺的溪水胜过了悠扬的琴声。当人们心情豪迈地欣赏着这动人的美景，即使露水沾湿了衣服也会浑然不觉。如此的美景怎么会不让人陶醉和向往呢？美景不仅可以使人心情愉悦，消除烦恼与杂尘，更让人感到心旷神怡。,0.9999999999997125
茱萸湾,极好的亲子游去处。风景优美，游客少，园中池水为园外古河的引入的活水。有完全散养的小鹿(我们遇到一只)，小园散养的孔雀、长尾环猴，小朋友玩得很开心。虽然没了熊猫，也无大象、长颈鹿，但熊、狮、虎都在室外活动，小朋友看了个够。,0.9999935647218743
茱萸湾,还是不错的，动物种类很多，带孩子玩不错。,0.9997496518993574
茱萸湾,空气新鲜，换个环境，心情也变得不一样了，还看到了不少动物，小小只的金丝猴，两只小猴子在房子里打架，打不过就叫唤猴爸爸来，太好玩了。旁边的孩子还跟妈妈说要养它。原来熊猫是如此的懒，我第一次去看它的时候，是在太阳下的，再一次去看的时候，它挪到了旁边，屁股对着我们。怎么也不肯动，真真是太懒了，我看见了真实的熊大熊二，加就差个光头强了，嘿嘿，会不会是它们的饲养员啊，就是照片啥都没有拍，都在别人手机里,0.9991997508524235
茱萸湾,茱萸湾动物园里面的动物还是比较多的，有熊猫、袋鼠、斑马、梅花鹿、麋鹿、羊驼、松鼠猴、角马、长角羚羊、环尾狐猴、黑叶猴、黑猩猩、东北虎、非洲狮、山羊、荷兰兔、香猪、鸵鸟、黑天鹅、白天鹅、鸳鸯、鹈鹕、丹顶鹤、红鹤、以及一些叫不错名的水禽飞鸟。,0.9999946526190866
茱萸湾,很不错????40字很不错????40字很不错????40字很不错????40字很不错????40字很不错????40字很不错????40字很不错????40字很不错????40字很不错????40字.,0.999999998402336
茱萸湾,很不错，地方很大，景色很美，动物虽然少了点，但饲养员照顾的都很好，梅花鹿在园中自由觅食，最喜欢长臂猿，很活泼，很有趣，唯一遗憾的是因为网上订票，工作人员只是扫了二维码，没有给票，就那么直接让进去了，询问是说网上定的，所以没有票,0.9999998776204818
茱萸湾,国庆假期去的，人有点多，网上订票直接刷身份证就可以进园，很方便。园里动物还蛮多的，然后孔雀园和节尾狐猴还可以近距离接触，还有小朋友玩的游乐设施，看到好多家庭带了帐篷野餐，小朋友玩的很开心，物有所值！,0.9999956710003792
茱萸湾,门票四十真的超值！很喜欢的公园。里面好多动物，虽然是圈养，但是比一般动物园的铁笼子要好太多，比较自然生态的环境，动物们好像也更好动活泼～特别是鹿和浣熊，好可爱。树木很多，所以空气也好，适合带小孩去。,0.9999999990613224
茱萸湾,人比较多，停车场到景区门口还是有点距离的，里面还可以，就是看表演要另外收费的,0.6327675449323784
茱萸湾,带娃踏青看看小动物挺好的，娃很开心,0.9982909109477105
茱萸湾,很好，春暖花开，茱萸湾人很多，带着孩子出行，很好，晒晒太阳，海狮表演很好玩,0.9999952576889739
茱萸湾,还行吧，但是春季的扬州人太多了,0.5724693195081464
茱萸湾,茱萸湾风景区的门票要说也不算贵，因为里面的景色确实还是不错的，湖面很漂亮，扬州其实也不光有瘦西湖，一个漂亮的湖，也有其他不错的公园,0.9999999968877658
茱萸湾,早上8点前到的，人不多，环境特别好，老虎，金丝猴等动物很精神。儿子最喜欢喂环尾狐猴，买的饲料慢慢放勺上，好多猴扒着勺子吃。秘诀，让孩子坐在小石板凳，即使东西没了，好多猴到孩子身上座，特别有趣,0.9998567038903534
茱萸湾,茱萸湾风景区环境不错，景区内植物比较多，有大片竹林，园区内动物不少，最喜欢观看的是黑天鹅，不怕人，在水里优雅自在，其他动物园区也比较好玩，味道有点大。,0.9999954476985141
茱萸湾,景色宜人，动物可爱 环境优美，,0.9991929421396104
茱萸湾,值得一去，带孩子去亲近大自然，接触各种小动物，家门口的动物园，很方便,0.9999492483456497
茱萸湾,动物挺多，又新开了袋鼠园，感觉很有趣！门票价格也不贵，性价比很高。建议降低停车场的收费价格，和周边地区景点相比，价格高了好多。,0.9997690237592867
茱萸湾,性价比很高，家庭出游的好选择，尤其家里有小孩子的，小朋友可开心了,0.9998454530021362
茱萸湾,按照具体工作内容不同，可以分为领队、全陪、地陪。想要从业必须经过全国导游人员资格考试。现在的导游一般挂靠旅行社或集中于专门的导游服务管理机构。,0.032859521447775375
茱萸湾,入园还是挺方便的，里面的动物也很多，还可以烧烤，搭帐篷，放风筝,0.9727116943932642
茱萸湾,过去碰巧下雪，雪景很美哈哈，还堆了雪人呵呵,0.6878816044127085
茱萸湾,小长假出行，人比较多。带着孩子去踏青，转一圈大约2、3个小时。,0.3728739513861864
茱萸湾,性价比高，值得一去。,0.9828731075333669
茱萸湾,动物园动物很少 一般般,0.9666084477796878
茱萸湾,去就是为了烧烤的，有专门烧烤的地方但不能用自己的烧烤架！要200元现金做押金租烧烤架，2小时60元！！！其实价格还行吧！,1.2055784057163343e-05
茱萸湾,挺不错的，带娃出去旅游首选，除了各种各样动物还有骑马和碰碰车,0.9998496681534774
茱萸湾,这里的植被，动物能和谐的生活在这里，风景真的很不错，周末节假日带小孩来走走很不错哦，大自然的氧吧。,0.9999993642788632
茱萸湾,很有意思！和同事们一起去烧烤！天气非常好，携程票价最划算！,0.9872646098416314
茱萸湾,惠可以走走,0.04242529574910214
茱萸湾,还不错，适合周末的时候带孩子去玩玩，,0.9959308331831043
茱萸湾,国庆节后的一周错峰出游，景点里人不多，有很多当地的亲子旅行团前来游玩。茱萸湾风景区其实也就是扬州动物园，场地不算大，动物种类和数量也不算多，适合小朋友去看看动物，在森林里逛逛。,0.9998566881028185
茱萸湾,半个 海誓不错的,0.8894505184685496
茱萸湾,大门口检票员蛮好的，公园蛮大的，干干净净的，里面有很多小动物，里面小店里的烤肠，冰糖葫芦很好吃,0.9996685424347642
茱萸湾,去过很多次了，携程上订比较划算些，孩子很喜欢去，不仅有动物，也有儿童游乐区,0.994294988506088
茱萸湾,人不多，地方大，比较适合全家一起来,0.42780045423658386
茱萸湾,早上9点进去，下午2点半离开，相当满意，值得一玩，优美的自然美景和动物联系在一起，有动有静，在这里人，自然，动物组合成一幅优美的画卷！,0.9999106508303321
茱萸湾,景区很好，比较适合带小孩子游玩，动物喂养的都很肥，美中不足的就是天气有点冷，动物们不爱出来,0.9998157908731731
茱萸湾,玩的很开心，携程订票很方便，下次出行还是选择携程。,0.4202353388666987
茱萸湾,其实就是个动物园。好在里面很干净，地方也很大，动物种类还比较多，走走休闲游还是挺好的。推荐,0.9996616613461925
茱萸湾,总体来说还是不错的，带孩子去玩的，小孩玩的很开心,0.9996621715157643
茱萸湾,看动物，看表演。玩卡丁车，儿童乐园。就是天太热。,0.7229028615769771
茱萸湾,去的那天天气很好，已经去过好几次了，每次都是带孩子来玩的，里面有很多动物，宝宝已经记住很多了。这里还可以野餐，以后还会经常来的。,0.9996662853130903
茱萸湾,带孩子和家人一起出行，非常方便，直接刷身份证入园即可！茱萸湾非常适合带孩子游玩，看看动物，带个帐篷，累了可以在草坪上休息休息！,0.9798658408421242
茱萸湾,位于扬州城区东北郊湾头镇。湾头镇因盛长茱萸树，故古时曾名茱萸村、茱萸湾。有不少花卉植物，更有很多动物，有火烈鸟、老虎、狮子、熊猫、天鹅、熊等，品种蛮多的，黑天鹅很漂亮,0.999999998530241
茱萸湾,还好吧，适合带着孩子来看看，里面玩的东西太贵,0.9049278433960902
茱萸湾,孩子很喜欢玩，携程买票既方便又实惠，很好很好,0.9920813383898818
茱萸湾,景色不错，有趣好玩，总体超赞，性价比高，里面的动物很可爱。下次再有朋友来再去玩…………………………………………………………,0.9999999428943015
茱萸湾,去过很多次了，带小朋友去转转还是不错的，携程上买票很方便，入园时只需出示身份证即可,0.06745819192691238
茱萸湾,风景非常漂亮，孩子非常喜欢，以后还会光顾！,0.9967936397215188
茱萸湾,首先，大熊猫可以免费观看，但是鳄鱼馆居然要单独收费。我们在门口说了句：居然要收费。里面的工作人员居然还骂骂咧咧的！还有里面的红龙恐龙园，也要收费！难怪门票便宜，这些加起来。真心不如南通和常州的。最起码人家一票全含。其次是里面的动物，狒狒和猴子都出去打工了吗？都不在家？总之，个人体验感觉非常坑！不会再去第二次！,0.24536760360946586
茱萸湾,环境一般，打车不是那么方便，不过景区门口有个32路公交终点站可以乘出来一点再打车！ 景区其实还不错，挺适合带娃的，跟动物近距离，还有很多儿童乐园，总体来说挺值的！,0.9999945644969999
茱萸湾,环境优美，不费时间，停车不方便。环境优美，不费时间，停车不方便。环境优美，不费时间，停车不方便。环境优美，不费时间，停车不方便。环境优美，不费时间，停车不方便。,0.026673438567497043
茱萸湾,动物还蛮多的、就是大猩猩会拿屎砸人！！！,0.5026908205526224
茱萸湾,风和日丽，很适合带孩子去游玩，玩得很开心,0.9891214841829095
茱萸湾,这次还是凭身份证换票才能进去，十点钟开始的第一场，等了二十分钟才开始，表演的熊和马很好，熊骑车很可爱^ω^，骑马也很棒。！，小朋友喜欢，小丑也是，但是就是简单的做气球，也不多，很多小孩想要。开始的走钢丝有些动作还是很棒。钢丝跳绳转呼啦圈，舞蹈也不错，就是音乐声音大了点，总体不错?就是门票有些贵,0.9995187340732431
茱萸湾,还可以吧！最好在网上订票！在柜台要45呢！里面动物挺多的！可惜现在没有大熊猫！,0.5977728641222908
茱萸湾,总体不错，天气好了可以带娃一起来春游，,0.9419688737942051
茱萸湾,天气暖和了一家人过来玩下挺好，就是动物比以前少点了。早上过来早许多动物都在睡觉,0.9746760621863424
茱萸湾,5.1假期，组织家里亲戚一起烧烤野炊,0.847345612469182
茱萸湾,很好哦，不止一次去了，宝宝对小动物们也很感兴趣，还看了国际大马戏，马戏的时间比较长，1个小时左右，真心惊险刺激，很棒,0.9995515227525613
茱萸湾,值这个票价 动物不少 表演都是另收钱的,0.6342295311542167
茱萸湾,很好，很开心！！？？下次还来！！？,0.9523584404777775
茱萸湾,有点像动物园，国庆的时候带孩子来这里玩，可以玩一整天，孩子也玩得特别高兴。,0.995275931500648
茱萸湾,带孩子去的，孩子很喜欢，玩的很开心,0.9975754534265792
茱萸湾,还不错的啊，门票也不贵。很好。,0.9278878225822917
茱萸湾,中午从南通开车过来。玩了一个下午，门票不贵，有大熊猫、袋鼠等珍贵动物。,0.9146608178893233
茱萸湾,性价比高，比南京红山动物园好。,0.9967676631627231
茱萸湾,门票便宜，风景也不错，里面除了看动物是免费的，其他什么都是要收费的，,0.9626158711067834
茱萸湾,扬州动物园和植物园，火烈鸟很好看，其他的动物大多数嫌热，不怎么动，猴子还是比较活泼的，走的还伸手跟你要东西吃,0.9997980527486929
茱萸湾,性价比很高的地方，绿树成荫，空气很好，还有比较多的动物，园内的观光车也是15块随便坐，车很多，司机还特别交代如果等不到车可以打电话，他们会直接来接。,0.9991037890443212
茱萸湾,天气好 心情好 景区好 挺开心的,0.9377585815540375
茱萸湾,空气非常好，很适合全家郊游，动物园里动物种类蛮多，游乐场很适合孩子玩耍，大片的树林是露营的首选，下次有时间发动更多的盆友再去。,0.9999898875716262
茱萸湾,这里只适合中班以下的小孩去消磨时光，再大一点的小孩去就没意思了。,0.14841420603457023
茱萸湾,特别适合带孩子去，熊猫馆开放了，很多小朋友去参观，有意思呢。萌宠乐园还可以给羊驼小山羊喂食互动，不错呢。,0.999997806310558
茱萸湾,这个马戏节今年才有的，价格和景区门票一样，说是马戏节其实节目更多的是杂技表演，动物表演只有一只熊和遛马。,0.9859514932064029
茱萸湾,周末天气暖和，人气爆满，直奔烧烤区，烧烤玩看看熊猫打打牌很惬意,0.836467519077403
茱萸湾,还是国庆长假期间带小孩去玩的，动物还是挺多的，很值，价格也不贵,0.8336597772138729
茱萸湾,好多水里动物可以近距离接触，很亲切。海狮表演才10元，超值。,0.9983240002683917
茱萸湾,大熊猫在屋里吃竹子，宝宝喊它半天它就只给我们背影，下次一定看正面，宝宝跟爸爸骑马很开心，一点都不怕，带很多东西的话，最好租个车，宝爸快累死了,0.9947808412402612
茱萸湾,很大的公园式，在里面散步带孩子玩玩还行，没什么特别的娱乐，可以放松下看下风景，动物很少，不足的是里面没什么吃的，天热时候去可以，天冷去不好,0.9999053567218761
茱萸湾,全家出游到扬州玩两天，在网上看了一下觉得这个适合全家的喜好，特别是儿子，看到动物园里的这些小动物都非常高兴，风景区非常大，可以要很长时间。,0.9919794946282676
茱萸湾,一项最深刻的是那一个池塘里有很多的金鱼人文景观花卉融为一体,0.9999313968239393
茱萸湾,非常不错哦！带孩子去玩的，孩子很喜欢。环境不错，设施也很齐全，虽然是淡季，但还是很不错的。好评！,0.999998668723931
茱萸湾,带孩子去玩的，孩子玩的很开心，烧烤亲子聚会好去处，推介朋友们去玩，就是停车后要有一段距离，不然超级堵，建议朋友们可以直接选择公交直达或者打的都是不错的原则,0.999995261843202
茱萸湾,最喜欢这里，价格便宜，玩着不累，很喜欢水杉林，累了在里面搭个帐篷，休息一会儿，来个野餐，很是惬意，其他动物要另外花门票的反而没什么意思,0.9996395895417304
茱萸湾,携程购票方便，直接扫码入园。景区停车场略小，好在人不是很多，玩的挺开心。动物园品种不多，景区还是挺大的，动物园植物园合二为一，值得一玩,0.9997959345335768
茱萸湾,第一次用携程订票，没想到这么方便，定的大马戏票不知道也在进门的地方领，到了马戏门口又回头来领的，里面环境优美空气清新，适合一家人游玩。,0.0015126253780464172
茱萸湾,携程订票很方便，取票需要带上短信+手机号，就可以啦！～,0.0018226013238109573
茱萸湾,挺舒服，适合小朋友玩，地方比较大，绿化挺多，性价比很高，停车方便，是亲子游的好去处，里面有不少儿童健身设施，宝宝很感兴趣，下次还会去的,0.999996739589785
茱萸湾,网购票价比到现场还贵，没什么意思。风景不错动物不多。,0.9346961815741548
茱萸湾,茱萸湾动物园动物很多，很适合宝宝去玩，性价比蛮高的！,0.9999793575576147
茱萸湾,踏青的好地方,0.5763530407742341
茱萸湾,适合带小朋友一起游玩，可以投食小东西，可以搭帐篷烧烤,0.8088471684200006
茱萸湾,这个价格太直了，大部分猛兽类的动物都能看到，只是进去后爬行动物还有马戏表演都要另外收费，不过价格很实惠，值得一玩,0.9862035642332859
茱萸湾,不错的景点，风景宜人，小动物挺多，更适合有小孩的去玩,0.9991664181178892
茱萸湾,很好哦，宝宝很感兴趣，不是第一次去了，清明小长假人也不是很多，可能园子大了，人流都分散掉了吧,0.9333924644856422
茱萸湾,第二次带小孩过来，同时也是自己第五次过来。今天人挺多的，但进去因为园区较大，人流量感觉还可以。总体感觉园区越来越好，动物也越来越多。,0.2761395820052919
茱萸湾,这里的动物有很多是散养的，不是关在笼子里面的，有意思,0.9760166654040588
茱萸湾,看看小动物和花花草草，性价比超高，亲子遛娃好去处。,0.999987638227765
茱萸湾,去茱萸湾风景区就为了参观扬州动物园，这个动物园的特点就是能让小朋友近距离接触到孔雀、天鹅、矮脚马、羊驼、鸽子、猴子等等，亲自喂食。,0.9998335072019532
茱萸湾,很好，我们去的时候正是高峰期，人很多，景色很美，有很多好玩的地方，停车免费，出行也很方便。景点濒临京杭大运河，可以看到来往的船只！,0.9999786850872345
茱萸湾,去的时候人不是很多，景色很美，是个值得一去的地方。,0.9953074075861361
茱萸湾,价格不贵，而且里面的动物也很多，很适合带小朋友去玩,0.988070417159133
茱萸湾,第二次去了，体验感十足，当地人也去，溜有趣好玩，体验很好，景色不错，值得推荐，娃不错的地方，动物园跟植物园连接一起的，总体不错。,0.9999999986431634
茱萸湾,人实在太多了，去过很多动物园，虽然比不上上海动物园、常州淹城动物园、北京动物园。但是毕竟靠家近，能有个如此动物园已经很不错不错了,0.9999479893153655
茱萸湾,在扬州郊区，挺远的。去的当天下雨，多亏下雨，人不是很多。还好吧。在扬州郊区，挺远的。去的当天下雨，多亏下雨，人不是很多。还好吧。,0.009059139436500496
茱萸湾,扬马的那天，和朋友一起带孩子们游玩，真的是一个很不错的地方，很干净，空气很好，里面很多动物，大猩猩特别可爱，有机会还想再去走走！,0.9999905281489504
茱萸湾,好..............................................................,0.6317853705682674
茱萸湾,阳春三月，来茱萸湾公园踏青吧，暖风熏得游人醉！,0.9477519072252263
茱萸湾,这个风景区还不错，挺大的面积，里面有个动物园，虽然动物不太多，但是带小孩随便逛逛可以的，主要是人不算太多，适合节假日家庭出游。,0.9983295849364439
茱萸湾,面对全国范围内风景区人满为患的现状，这里是绝妙之处，有儿童游乐场，还有水上项目，最大的特色是动物园，挺齐全的，总体性价比很高!,0.9999999913990721
茱萸湾,挺开心的 风景不错 动物也挺全的。是个适合带小孩还有全家去玩的好地方。推荐大家可以去玩玩。,0.9999800182235749
茱萸湾,价格便宜，自然公园和动物园相结合，老少咸宜。,0.9950192491638753
茱萸湾,很好玩 还会去的*******************************************************哈哈,0.8898939436242308
茱萸湾,还有熊猫！！风景不赖，估计是快到淡季了，人少，一点都不挤，再过几天去吧，省钱啦，哈哈,0.28764655571487796
茱萸湾,烟花三月下扬州，遍插茱萸少一人。茱萸湾北接邵伯湖，西濒京杭大运河，东连仙女镇。因此地北有茱萸村，并遍植茱萸树，故以茱萸立名。,0.9929719165019211
茱萸湾,动物和植物相互融合，景点非常漂亮，值得一游。,0.9999834859018909
茱萸湾,景色不错，总体超赞，性价比高，适合带宝宝去看小动物。宝宝很喜欢，现在修建的很大，总体很不错，价格也非常的适中，适合周末出游,0.9999999999359024
茱萸湾,***赞,0.7155489446172436
茱萸湾,风景优美，带小朋友去很合适。虽然动物种类不算多，但动物笼舍分布合理，比南京红山动物园要好些，不会很累。,0.9999835700750411
茱萸湾,五一假期，带孩子去茱萸湾景区~扬州动物园，优点:外围免费停车，但是停车场路面建议修理平整。缺点:景区内部小的收费点太多。建议管理部门把门票价格可以适当提高，把景区内的小景点包括进去！,0.003168330141458453
茱萸湾,玩的很开心，适合带宝宝去玩........,0.9525969006806593
茱萸湾,下雨天人不是很多，门票价格不高，值得来玩。,0.6344207258484216
茱萸湾,地方不错，很多动物，比较适合带小孩去看看。,0.9885740457687309
茱萸湾,当天8:00前下单，到景点工作人员解释今天团体包场没有位置，我说是携程网订好的，客服打电话咨询下，就出票了，携程让很满意!,3.4047043353524487e-06
茱萸湾,还不错，风景优美，动物也挺多，就是不能喂食,0.9996531296966973
茱萸湾,茱萸湾很漂亮，动物很可爱，植物很多，好地方,0.9999531476586724
茱萸湾,很好，很好，很好，很好，，，，，，，，gggggggggggggggggggggggggggggggggggggggggg,0.9903532912343862
茱萸湾,周末带小孩去玩还不错吧，动物不是很多，长颈鹿大象没有，但是价格在这里性价比还是不错，里面的爬行馆还要另外买票20元。带小孩骑马大人小孩30一圈。公园门口的收费停车场位置不是很多，建议停在200米外的免费停车场。,0.9606982328996193
茱萸湾,进入景区后才发现它原来是个动物园加植物园的混合景点，游客大部分集中在动物园区域，一般大人会带小孩到这边观赏各种各样的动物，并开展一些与动物的互动活动。继续往北走就是植物园区域了，几头鹿警觉地出现在树林中进行觅食，而我最感兴趣的莫过于湾的尽头，这儿不仅有一座宝塔矗立其间，更能眺望远处的铁路桥，河风吹在脸上十分惬意。靠东侧有一个航标灯柱，起源于清朝，为古代京杭大运河进入扬州城的标志。,0.9999999999893361
茱萸湾,这个马戏一点也不好看，叫马戏，其实就是杂技，就是一开始五匹马，后面全部是杂技，根本没有动物的，里面热的不得了，还有一股油漆味，上当了，35块贵是不贵，但是浪费时间，还出了一身汗，实在浪费！不推荐！动物园也不好玩，长劲鹿也没有的，大象也没有的，叫是带女儿来扬州看奶奶，女儿非要去动物园，上海动物园30块门票，比这个好看多了，真是不推荐,0.012031975621236146
茱萸湾,很值得去玩，没有瘦西湖的名气大，但是这里的景色也不错，植被比较多，走在景区里很凉爽，带爸妈一起去的，走走看看，老人很开心,0.9999994558078088
茱萸湾,一个大公园，规划的还不错，有动物有绿植，还不错，可以去去的。一个大公园，规划的还不错，有动物有绿植，还不错，可以去去的。,0.9999987442972793
茱萸湾,一次不错的游玩经历，很适合带着小孩全家一起出行，动物园内有很多不同种类的小动物，园内的花草树木的种类也有很多，环境很好。,0.9999970816463409
茱萸湾,风景非常美丽，环境也非常的好，小动物也多,0.9981409543167954
茱萸湾,带着孩子亲子游，地方不大，走走也挺舒适。,0.9542565661584951
茱萸湾,去的第二次了第一次，网上可以便宜点是在门口买的票，真的很不错哦，老人小孩最佳选择,0.8280654985499831
茱萸湾,整个游玩过程很开心，也不止一次去茱萸湾了，既然针对孩子希望商业类多开发一些，孩子可以吃的东西太少了。最后，这一次居然遇到了一个坑爹项目！园内的电瓶观光车上写着招手即停，我们误以为是免费的，结果上了车收15元/人，但是我们上车的地方离大门口只有一分钟车程！司机兼售票员并未作任何提醒，就这样坑走了我们45元！觉得很不合理！,0.008730022002203408
茱萸湾,非常适合带孩子去游玩，挺大的，不错。价格也非常合适，宝宝玩的很开心，推荐大家去游玩。喂金鱼喝奶那个挺好玩的，宝宝开心死了,0.9999998330319427
茱萸湾,很开心????hhhhhhhhhhhhhhhhhhhhhhhhhhhhhhhhhh哈哈哈哈哈哈哈哈哈哈哈哈哈哈哈哈哈哈哈,0.9999952912077602
茱萸湾,景色不错，性价比高，大多数动物都关在笼子里，开放空间不够，别的都挺好。32路公交车到达，停车场有几个，地方也比较大，里面吃饭的地方比较low，东西不好吃，有几个馆还是不错的，希望能看到长颈鹿出来玩！,0.9999927633214893
茱萸湾,扬州茱萸湾湿地公园，环境不错挺好的。。,0.9993978568856822
茱萸湾,值得一去，春天景色不错，也有不少动物。,0.9999407032686002
茱萸湾,扬州有名的景点太多了，像瘦西湖，而茱萸湾的地理位置又相对比较偏，去的人应该还是当地人居多。景区里面还算大，有很多动物，也有娱乐设施，总体感觉还可以，离市区远。,0.9999836123980183
茱萸湾,陪孩子去，很开心，喂了鸽子，骑了马，开了碰碰车，看了大熊猫，老虎，狮子，熊，好多好多动物，现在这个季节带孩子去玩，正好,0.9997862100011701
茱萸湾,"动物不是很多,带小朋友周末玩玩还可以。",0.9918092097125512
茱萸湾,带着孩子家人一起出来散散心，放松放松,0.9665966199747211
茱萸湾,里面的动物比上次去的时候少了，熊猫都没有了，狼和豹子都没有野性，一直躺在角落,0.9979496754748443
茱萸湾,大马戏很好看，孩子很喜欢，节目50分钟左右，内容很丰富！,0.8490684264656676
茱萸湾,茱萸湾的景致很好，特别喜欢这个地方,0.9926607318369063
茱萸湾,典型扬州风景，适合带老年人一游！！,0.5526400754672566
茱萸湾,动物挺多的，地方挺大的，服务挺好的,0.993006143893159
茱萸湾,价格便宜，位置也好走，虽然天冷动物不多 ，带孩子玩玩足矣,0.9876795903338162
茱萸湾,不错，风景很美，值得以后在去，不丑,0.9930341577437736
茱萸湾,静中有动，非常适合一家大小悠闲游玩,0.9361058058077067
茱萸湾,环境好，道路宽广，游玩项目多，交通方便，可能不是节假日，有种少有的安静，非常舒适，有种在公园晨练的那种舒服的感觉。,0.9999976220660853
茱萸湾,带小朋友进去玩，很合适，有动物看，还有一些简单的游乐设施，还看到了老虎打架，回去宝宝就会学老虎叫，很开心的一次游玩,0.9995042066822243
茱萸湾,经常去玩，每次去都要弄烧烤很好玩,0.8802768819353283
茱萸湾,非常适合带家人一起去散散心！！！,0.240728032468016
茱萸湾,风景不错，各类区域划分合理，要是有个别动物换过家之后的牌子能换下就更好了,0.9990369958981592
茱萸湾,茱萸湾总的说来是个半岛生态型动植物园。公园的动物开放式散养，种类丰富，滨河风光带将运河风光尽收眼底，四季植物争艳,0.9999997798011165
茱萸湾,办了一张游园卡，经常戴孩子来玩,0.9414866555831385
茱萸湾,风景非常美丽，水也特别清澈！！,0.9861798400470928
茱萸湾,景区风景不错，面积也还蛮大的，有不少动物，小朋友很喜欢，可以一家人一起过来玩，带小朋友过来走走，认识不少动物。,0.9999966687203162
茱萸湾,景区环境很好，小动物也挺多的，端午节假期过去游玩的，人不是很多，一家人闲庭信步很是惬意，很愉快的一次旅游体验。,0.9997076440848315
茱萸湾,经常带娃去，很好的寓教于乐的地方，动物品种还不够全吧，希望园领导继续开发啊，把湾头一片全部拿下更赞，搞成度假村,0.9818114559731073
茱萸湾,很惬意，等花儿开了再去一次……,0.9840220134213156
茱萸湾,非常好的景点，非常适合带小朋友来玩，能够和动物亲密接触，孔雀开屏等。,0.9995072320975484
茱萸湾,很棒的一次旅行哦，孩子玩的很开心，天气也好，门票不贵，建议买电子票，直接刷二维码就可以了,0.8780526094617134
茱萸湾,还不错哦，值得和小盆友一起去玩。只是不要受附近村民忽悠到他们那里停车，虽说十块也不多，只是有一种受骗的感觉。,0.7910513891359966
茱萸湾,人太多了，基本就是去看人的,0.476506362139679
茱萸湾,动植物同园 很赞。看了几个表演show 也都很不错。尤其适合孩子与小动物们互动体验 孩子很开心 一番很难忘的经历。,0.9999999730461627
茱萸湾,走的路不是很多，也没有人山人海的感觉，动物倒是挺多的，记住防蚊就好,0.6182366165898647
茱萸湾,带小朋友去的，绿树成荫不怎么晒。动物还行，小朋友喜欢。还有不少游乐设施。外面的马路在修路，过节去堵的要死。,0.9875304057173228
茱萸湾,地方很大 不错不错 值得一玩！,0.9965141001686179
茱萸湾,景区门口停车方便，直接刷身份证就能入园，景区动物蛮多的，适合亲子游，小家伙玩的很尽兴。,0.9850236229418311
茱萸湾,总体来说不错，刷身份证进园方便，最基本的动物也都有，就是环境有改善空间，感觉有点乱，可能是国庆游客多的缘故,0.201011160038697
茱萸湾,风景不错，小动物也挺可爱。,0.9992183272389623
茱萸湾,离扬州市区有点远，基本都是动物园，虽然也不大，转一圈一个小时就结束了，但野炊的人不少，可以带点吃的全家一起去玩玩，感觉还不错。,0.9968384447201886
茱萸湾,棒棒的哦！还有食蚁兽，超级可爱呢！跑马场也棒棒的呢！价格也不贵哦！,0.9999596787108598
茱萸湾,非常不错的亲子游玩场所，适合带孩子踏青，景区风景非常好，还有动物园，适合各类人群玩耍,0.9998955046592873
茱萸湾,还不错呢，五一节人太多啦，好多节目都没排到队，下次再来玩吧，就看了一个海狮表演，时间也比较短，都不过瘾。,0.997913632323687
茱萸湾,风景美丽，空气清新，环境非常不错，带孩子玩的，孩子很开心，还有手推车出租，非常便捷，周末去的，人有点多。,0.999999279582321
茱萸湾,环境不错，动物园比较干净，规划的很好，可惜今天下雨，有些动物待在小房子里了，如果是晴天都在活动区会更好玩,0.9998022565300491
茱萸湾,宝贝最爱的地方，天天吵着要去看小动物，因为离家很近所以经常会去看,0.9985682808561563
茱萸湾,地方没法停车，自驾游的朋友最好打车地方没法停车，自驾游的朋友最好打车地方没法停车，自驾游的朋友最好打车。,0.0012325163501855085
茱萸湾,扬州美景胜西湖，瘦西湖，大明寺，茱萸湾，至今历历在目，真是人间天堂好去处啊！下次一定还要来一次细细游玩！,0.9999994592113364
茱萸湾,周末假期人多的一套糊涂，本地人来玩的居多，车要停在很远的停车场，动物还挺多，关键是没得吃，景区内没啥吃的，附近也没几个像样的饭店，景区门外大排档一路都是，很不干净。总的来讲票价是值的。,0.7725968365021904
茱萸湾,我4月初来扬州的，本打算去兴化看油菜花的，后来担心孩子太小，路途太远就改在来茱萸湾公园玩。茱萸湾公园非常适合亲子游，有孩子喜欢的动物，有远离市区的绿化安静环境，一点也不后悔没去看油菜花,0.9997269782451333
茱萸湾,40元的门票比较值，有大小熊猫袋鼠等动物，动物都比较精神，环境卫生，基本没啥异味，植物园春天来应该很好看,0.9948353161150213
茱萸湾,挺不错的，里面环境很好，看到好多人在里面搭了帐篷野餐，动植物在一起的也不多，门票也不贵，以后还会再去的,0.9986936830272438
茱萸湾,地方挺大。由于人多或是其他原因？散养动物关起来了，还是我没撞着？有点可惜。总体不错，适合一家人踏青 散步,0.9998592865424628
茱萸湾,这里是魔都不多见的原生态景区，不仅有丰富的植被，而且有非常多类别的小动物。感觉很不错，尤其是亲子活动。,0.9999488236873889
茱萸湾,一年去一两次，带孩子去的，因为雨天所以没什么人，感觉很好，动物不多，但是孩子还是挺开心的，草地很有感觉,0.9998838145364287
茱萸湾,帮朋友订的，据说还可以。要我自己没去过，下次有机会去看一下。有趣好玩，景色不错，性价比高，总体超赞，,0.9999985415270765
茱萸湾,里面有不少可以自己亲自喂食的项目，特别适合小孩，玩得很开心，特别是有个小猴子和小羊，大人都特别想去喂,0.9999156535627769
茱萸湾,小宝贝玩的好开心，而且价格比现场买便宜，买票方便，不需要排队,0.3849474157482148
茱萸湾,挺好的一个动植物园，很适合孩子玩，能喂天鹅，喂孔雀，喂鸽子，动物很活泼，总在活动！带孩子的很值得去！,0.9999999329538047
茱萸湾,我们从北京来，茱萸湾风景区给人一种北京小型动物＋植物园的感觉，虽然是12月初淡季去的但风景依然很优美,0.9999155611574371
茱萸湾,总体感觉很好，特别是又引进了袋鼠等几种新动物，各种猴子都很顽皮，也许是天热的缘故，两只猩猩有点散漫。,0.9952850399782859
茱萸湾,又要打四十个字，好吧，非常值得推荐带小孩子去的地方，植物，动物，湖，草地，野炊，儿童乐园，全部都有！,0.9986431849750834
茱萸湾,很不错的地方。小朋友玩的很开心，还有大熊猫，和袋鼠。地方很大，空气很好。孔雀和松鼠散养在树林里，还有很漂亮的火烈鸟，很多动物都是第一次看到,0.9999962074294313
茱萸湾,早上一开门就入园了，人少很安静。孩子可以近距离接触小动物。,0.9918612437609314
茱萸湾,离市区较远，到32路公交很方便。动物不是太多，但养得不错。逛到最远的茱萸宝塔一圈回来大约2个小时。,0.9833820025173581
茱萸湾,每年带孩子去一次，有植物有动物，还可以露营，很值得推荐，关键价格还不贵啊，有小孩的带孩子去，很不错,0.9999735166943742
茱萸湾,还不错的，希望沿河的栈道做的时候该有坡道，不然太不方便带小孩推车的家长了，另外茱萸湾没有大象吗？,0.997994409541152
茱萸湾,还可以。空间大，环境还不错，树木植物很多，可以逛半天，同事可以搭帐篷，野餐。,0.99823004272504
茱萸湾,非常适合亲子游，活动空间很大，新建的孔雀园很受小朋友欢迎,0.9957801586938868
茱萸湾,哈哈哈哈哈哈哈哈哈哈哈哈哈哈哈哈哈哈哈哈哈哈哈哈哈哈 哈哈哈哈哈哈哈哈哈哈哈哈哈哈哈哈哈哈哈哈哈,0.9999999999977847
茱萸湾,这个景点是动物园和景点的混合，作为动物园来说，规模比较小，但景色比传统动物园好很多，总的来说景色不错，票价不贵，带娃小朋友很推荐喔。,0.9999871172477257
茱萸湾,动物园加植物园，宝宝玩的非常开心，就是没有大象长颈鹿这些大型动物，非周末去的，人很少，非常好,0.9999272747713076
茱萸湾,这是性价比很高的动物园，价格便宜，而且动物园里的动物与游客很近，伸手就能碰到的，小孩子去很好,0.9999602339541762
茱萸湾,原来的扬州动物园。小孩子不少。,0.6324678224748224
茱萸湾,不错，不错不错，不错不错，不错不错，不错不错，不错不错，不错不错，不错不错，不错不错，不错,0.999999999999968
茱萸湾,简单说就是扬州动物园！和苏州比逊了不少，但是小熊猫印象深刻！还不错，要是天不下雨就完美了！,0.9770461484347156
茱萸湾,环境不错，动物和植物品种比较多，值得好去游玩！而且门票还比较便宜，停车场比较大，交通方便！,0.999867803573039
茱萸湾,很棒的公园、遛娃好去处！真心喜欢门口的天鹅湖、偷偷喂点好吃的哈哈哈哈,0.9998968376437949
茱萸湾,门票价格不贵，可里面所有都要再花钱，有点坑，就连两栖爬行馆都要花钱进去，坑大发了。还有个体能场，30，抢钱来的更快点，这样子的报价，景区都不管控吗？,2.7181796404818215e-06
茱萸湾,位置在扬州瘦西湖的北边那一片吧，周围规划的都是旅游地产，有个玉器小镇正在建设中，所以周围配套不是很成熟，过去的交通也不是太方便，有公交车，但是车次比较少，有些小动物可以喂，总体还一般般吧！,0.9998963267447826
茱萸湾,非常好，让小朋友亲近大自然，一定要买电瓶车票，不限次数，随便做.三周岁宝宝不需要小车车了,0.9865367873056342
茱萸湾,非常好！愉快的一次游玩！正好赶上下雪，雪景很赞！,0.9783558945682813
茱萸湾,很不错哦，今天旅游上万人，爸爸妈妈第一次来茱萸湾,0.9995204036301428
茱萸湾,个人很喜欢，自然环境优美，公园里走走很放松身心。,0.9999493988961428
茱萸湾,公园地理位置很好，里面很干净，空气清新，还有宝宝专门玩得地方，宝贝玩得都不肯走，下次还来,0.9999299605189552
茱萸湾,3点多入园的，蛮不错，比较亲民的的公园，价格不高。有动物有游乐场，下次有机会还会来的。,0.9999146980903846
茱萸湾,票价不贵，地理位置不错，在一座岛上，小朋友去玩了一次，动物数量也不是非常多，风景还不错,0.9972355500878121
茱萸湾,非常不错哦！环境优美，绿地与河流相连，动植物交汇，自然风光独特，特别是动物很多。好评！,0.999991226926084
茱萸湾,天气有点热，不过树荫挺好，动物不算多，走一圈就差不多了。不过带着孩子，转转，也是可以的,0.9197568430918995
茱萸湾,你们还能不去上课的感觉……在干嘛。一个人就是说你也不知道自己有时候真的觉得很幸福……在,0.9882017890412536
茱萸湾,不会去除皮肤表面形成一道亮丽的颜色和味道不错，不能再也逃生。我会一直陪着自己去了……一,0.8566995783216629
茱萸湾,动植物园为一体，风景优美宜人，孩子在里面非常高兴，票价也很便宜，值得带孩子去，不虚此行,0.9994474362523423
茱萸湾,去好几次了，很好，经济实惠！！！！！！！！！！！！！！！！！！！！！！！！！！！！！！,0.9454048661168603
茱萸湾,带奶奶去玩的，她觉得很好玩，老人家是挺喜欢看看的，小熊猫很可爱的.无聊的时候逛逛挺好的,0.9997657593507726
茱萸湾,亲子游玩的不二选择…但是景区周边的道路只能用一个字形容：烂！清明节假期去的，基本上人挤人，建议错峰出行！,0.9511166960469657
茱萸湾,茱萸湾风景不错，动物也挺多的。小孩子特喜欢！,0.9996592144599029
茱萸湾,很开心，动物园植物园在一起，面积很大，还有很多娱乐设施，主要是动物都很萌，值得一去！,0.9999607621388162
茱萸湾,不错，适合孩子玩，挺大的，去的话要带点吃的去,0.9985352017804158
茱萸湾,很有秋天的感觉，动物种类还行，内部分区也不错。要是再有大象、河马、蛇之类的就完美了。,0.9999437604501552
茱萸湾,第一次使用携程买门票，非常好，操作很方便，入园也很方便，以后买门票就用携程了，满意！,0.4541719416404054
茱萸湾,变化很大，很好看。里面的动物比较多。孩子们特别喜欢，而且价格也适中，下次还会选择这里,0.9999984287067729
茱萸湾,很方便，动物品种多，还好玩，很方便，动物品种多，还好玩，很方便，动物品种多，还好玩，,0.9999958847207151
茱萸湾,环境非常美丽的动物园，和植物园在一起真的是很不错，里面还有儿童游乐的地方，非常开心！,0.9999783965816442
茱萸湾,位置比较偏僻，但是32路公交车的终点站，可说方便可说不便。 里面动物蛮多的，有老虎、狮子、熊、各种禽类等，相对于都是风景的扬州可以说是比较好玩的了，很适合带孩子去。,0.9999015676941904
茱萸湾,这趟旅行非常愉快，动物品种繁多，娱乐设施也不错，而且门票也不贵，非常适合出游的首选地,0.9996974290692767
茱萸湾,茱芋湾风景区靠近京杭大运运河，主要以自然风光和动物园区为主。这里可以看到许多火烈鸟、仙鹤、天鹅等鸟类，也有骑马、海洋剧场，还可以在三月份看琼花。,0.9999653253379538
茱萸湾,选了三人的门票，儿童70周岁以上老人免费，到景点才看到还有60周岁到69岁票价20几元，app上也没介绍，相当于多花几十块,0.06188271711896076
茱萸湾,周末可以带孩子去玩玩，动物园还可以。停车是个问题，要走一段路，自带的停车场太小了。,0.9918517973787411
茱萸湾,有景色，有动植物，非常值得一去的地方，就是地方比较偏远了些，多些交通线路就更好了。,0.9990757806131989
茱萸湾,还不错，带小孩游玩，人挺多的，网上订票方便,0.7654222551358597
茱萸湾,茱萸湾风景很美，小动物很可爱，值得一去，网站订票很方便，直接刷二维码入园，方便快捷,0.9987084485978467
茱萸湾,冬天去的，人不多，动物园很干净，孩子很喜欢大熊猫。还有给孩子玩的地方，停车也方便。,0.9959155382369946
茱萸湾,不错不错，宝贝每次都要去玩。下次还会去的。,0.9984277461450484
茱萸湾,很不错的旅行，下次还会来。很不错的旅行，下次还会来。很不错的旅行，下次还会来不错哦,0.9999955284011368
茱萸湾,还行，周末带着孩子去的，孩子玩的很开心，不过里面没什么吃的，建议去的时候带点吃的，,0.9986353422443888
茱萸湾,特地星期二去的，人比较少，去玩的都是小孩子，动物比较少，有很多设施没有开！总体还行,0.9769514841795163
茱萸湾,我去的时候天气还比较热，一路上没有太多遮挡太阳的地方，动物还挺多，就是老虎都在睡觉,0.6606322676270631
茱萸湾,小朋友很高兴，园内绿树成荫，很适合悠闲，在里面一家漫步，在树林睡吊床，一家很是惬意,0.9993105745775643
茱萸湾,还可以，有动物也有植物，带孩子去蛮好的。,0.9981897376767567
茱萸湾,真的非常方便，到了那人多买票很麻烦，携程订票直接扫码就进去了不用等，玩得很开心！,0.017201760904998586
茱萸湾,动物少，景色不算美，在过段时候去玩会好些,0.9986298138873761
茱萸湾,里面音乐优美动听，环境干净幽深静谧，让人游玩舒心，真是一池鸟影，半亩虫声。我喜欢,0.9997709625045583
茱萸湾,总体来说，就是运河旁边的一个江心洲，有植物和动物，还有儿童游乐场，适合全家带小孩来玩。风景不错，植物覆盖好，但是动物种类偏少，适合散步休闲的好去处，难得天气不错,0.9999999999948193
茱萸湾,第三次来，现在多了袋鼠，好吃的狗熊还在。,0.1531053405298357
茱萸湾,一家人一起去玩的，蛮好。以后有机会还去。,0.9627624307703765
茱萸湾,好玩，里面挺大，风景很好，适合带孩子游玩,0.9984363346269347
茱萸湾,携程买票很快，前一天晚上定好的前第二天去立马就能用，茱萸湾很好玩，动物们也很可爱,0.9152405583916606
茱萸湾,挺好的，就是人太多太多！四十元还是值的。,0.42945317010962336
茱萸湾,是一座融自然风光、人文景观、花卉、植物动物观赏和现代游乐为一体的半岛生态型植物园,0.9999996950050747
茱萸湾,门票价格适中，小孩子也很喜欢动物，很适合亲子游或亲朋挚友的地方，还可以搭个帐篷呢,0.9996905226743126
茱萸湾,里面动物种类还可以，地方也比较大，后面是植物园，小朋友玩的很开心，明天天暖和再去,0.991062618033148
茱萸湾,环境怡人，动态结合，修身养性，值得一玩，风景秀丽！！！！！！！！！！！！！！！！,0.9996738981907343
茱萸湾,挺好的，宝贝挺开心的，看到各种动物，里面地方很大，玩了大半天，还不肯走呢，嘿嘿。,0.9988454459109336
茱萸湾,绝对可以，非常值得一去。有动物，有风景,0.9852546429580348
茱萸湾,虽然动物不太多，但也玩得很开心！不累人,0.9401793113651484
茱萸湾,大马戏孩子很喜欢，演出时间近一个小时。,0.9600385825270124
茱萸湾,人挺好多，地方不大，环境还不错，东西也还可以，价格也蛮实惠，特别适合带孩子??,0.9997736508994157
茱萸湾,茱萸湾，是一个去过还想去的公园，这里将动物和植物有机的结合在一起了，景色很好，,0.9999669550883277
茱萸湾,我非常喜欢的扬州景点，可以与两园媲美，想看茱萸，对动植物感兴趣的朋友，不要错过,0.9965288290566314
茱萸湾,人不少，带儿子踏青的好选择，小孩很开心,0.9957156801062728
茱萸湾,门票不贵，带孩子逛逛还是不错的，但里面有很多收费项目（大马戏的表演，动物少，就看到狗和马，几乎是杂技）爬行馆是收费的，比较商业化，还不如一百多门票统一收费呢,0.9825601337438971
茱萸湾,带孩子旅游的，还是不错的。蛮适合的。,0.9846145638829717
茱萸湾,孩子喜欢，人不多，环境也不错就是可怜那只海豹被人当成挣钱工具，看起来很老了！,0.9925418025549495
茱萸湾,地方有些偏，风景还行。动物少，去的时机也不好，琼花只剩几株，芍药也没怎么开？,0.644398632251944
茱萸湾,好多动物，表演非常精彩，下次还会来！,0.9896332084449373
茱萸湾,很不错的地方。看到了熊猫和袋鼠，还有火烈鸟，小朋友玩的很开心。地方很大，空气很好。孔雀和松鼠都是散养在树林里，很少见,0.9993661435506784
茱萸湾,周末带孩子去动物园玩玩的，人很多，动物品种没啥亮点也么啥缺点，停车场很小。,0.9956738501979544
茱萸湾,很不错，动物挺多的，人也不是很多 很多动物还能近距离接触,0.9998484315865801
茱萸湾,整体不错，4月份比较忙，动物比较少,0.9491846610852342
茱萸湾,景点环境非常好，空气也清晰！还有很多野生动物，这么近就能看到国宝，挺可爱的,0.9991797126673663
茱萸湾,门票携程买的周末四十一人，就是里面小朋友玩的游乐设施有点贵的，碰碰车20吧三分钟，滑行龙30三圈，卡丁车60三圈，里面吃的也少，不过看到不少人在里面烧烤。,0.007877896928243366
茱萸湾,和朋友一起去的 动物园里的猩猩很可爱,0.9566594487656788
茱萸湾,一次很好的游玩，节假节后人会少些。,0.75546550755832
茱萸湾,大概一个小时，很刺激，很好看，推荐,0.965365398304976
茱萸湾,很不错，有点大，环境好，很好的哦哦,0.9902307666346913
茱萸湾,地方不大，但动物还不少，适合溜娃,0.8596791697541587
茱萸湾,很不错呢，动物很多，门票不贵，值得一去，小孩子很开心,0.9989641804236506
茱萸湾,很方便！很快捷！很贴心！很到位！,0.9988991094752848
茱萸湾,清明节去的，非常适合的季节，有动物有植物，可以露营可以烧烤，春游好去处。,0.9955550039113183
茱萸湾,就是老虎没之前多了，其他还好还好,0.6321275821247125
茱萸湾,这里的长臂猿非常厉害，会玩杂技。,0.4554608352481361
茱萸湾,宝贝最喜欢的地方，每个月都要来的,0.8384759317372338
茱萸湾,风景不错，动物也很多，感觉比南京的红山动物园还要好，地方也不小价格还不贵,0.9997465770973346
茱萸湾,服务人员都没几个人，动物更加少,0.6738176669948803
茱萸湾,可玩性低，景色一般，有待改进，,0.7633518548940669
茱萸湾,挺不错的，老少皆宜，只是千万不要节假日来，人太多了，大大降低了体验感啊,0.9228664061110279
茱萸湾,没有刻意的去雕塑，自然景观不错，很接地气的一个公园，湖里有不少天鹅与野鸭，散养的孔雀很亲和，门票不贵，平民价。,0.999943684444636
茱萸湾,动物挺多 地方挺大 挺好玩 物超所值,0.9999050588387358
茱萸湾,孩子非常开心～一家人游园正合适,0.9486026663989426
茱萸湾,风景优美，有自己的独特风味？赞,0.9998710932919812
茱萸湾,带宝宝游玩，景区内空气清新，大多数动物都是散养在一起，宝宝玩的很开心。,0.9996809505767862
茱萸湾,动物种类比较多，环境优美，路线合理，可玩性强，如果餐饮更多一点就好了。,0.9989314498094692
茱萸湾,好玩，大熊猫，小熊猫，袋鼠，老虎，狮子，火烈鸟，天鹅等等，好玩又不贵！,0.8537096588977435
茱萸湾,自然和谐的公园，马戏现场有儿童票卖，在网上没有说明，订了全票也没法退～,0.005017257680646536
茱萸湾,很好，很适合家庭出游，嗯，，！,0.8866306268926202
茱萸湾,冬天人少 有点冷 还是很安静 推荐,0.744492039333806
茱萸湾,很好的，带孩子体验，玩乐的好地方，去过好几次了，每次孩子都玩的很开心,0.9987236300622542
茱萸湾,去的时候下雪了，人很少，但动物让我们惊喜了，特别是那只狒狒，太好玩了,0.9765757314270587
茱萸湾,很好，每年都会带孩子去，大熊猫特别懒，袋鼠最可爱，拍照片还摆pose,0.8687547698268127
茱萸湾,适合亲子游玩，景区动物种类很多，风景也可以，设施齐全，就是节假日停车很不方便，距离市区比较远，错开游玩高峰带孩子去还是很不错的！,0.9999954340640805
茱萸湾,门票太值，很适合带宝宝去玩。冬天，植物园很萧条，打算春天再去一次。,0.9957294744796155
茱萸湾,里面卫生一般，售卖点食品也不好，烤肠都是淀粉肠，卫生也看着不干净，动物种类不多，每种动物也就那么两头，还有很多收费项目。 总之卫生差，还处处收费。,0.005075662843145312
茱萸湾,公园蛮大的，带孩子游玩不错，马戏表演一般般吧，虽然演员也比较卖力！,0.9992403661762476
茱萸湾,植物比较多，动物也多！各种美景美物，门票也便宜，很适合带孩子春游！,0.9995057997096644
茱萸湾,体验很好，有趣好玩，小狐猴特别可爱，还有孔雀围着你，前提是得喂食,0.9996663856158144
茱萸湾,带宝宝来，真的不错。特别适合。宝宝很喜欢。下次还会再来。棒棒的。,0.9999977574946508
茱萸湾,有意思，带小孩来玩，小孩很喜欢，主要是环境好,0.9916156768816902
茱萸湾,很适合家庭亲子游，孩子玩的很开心！很愉快的一天，全家玩都很适合！,0.9987890885422176
茱萸湾,孩子喜欢去玩，多次去了，门票有优惠，还是不错的，一年里必须去几次,0.9877821250490088
茱萸湾,价格实惠，动物种类也多，停车方便，五一期间也不算堵，玩的很不错。,0.9962671905537548
茱萸湾,性价比高，。有趣好玩，景色不错，总体超赞，已经带娃玩了很多次了,0.9999994459325788
茱萸湾,公园里面游玩的项目挺多,0.9261682104308351
茱萸湾,自然风光不错，门口还有儿童推车可用，有动物看看，非常适合遛娃。,0.9995911892680247
茱萸湾,在扬州东郊，位置很好找。 园区很大，风景也不错，适合一家人出游。,0.7951539497659122
茱萸湾,整体来说的话带小孩子过来玩玩还是相当的可以的，也比较有兴趣的。,0.9700137147318961
茱萸湾,公园很不错，订票很方便，非常好的旅行，期待下次和家人再去一次。,0.9887333211050775
茱萸湾,很不错吧，动物很多，票也不贵，小朋友很喜欢去玩，每年都要去一次,0.9945876694393657
茱萸湾,里面有很多表演都是收费的，其余的还好，风景可以，带小孩玩很适合,0.9917894456106877
茱萸湾,里面不大，但是带孩子去挺好的，享受悠闲时光，有些设施需要修补了,0.9787009800386979
茱萸湾,动物种类一般，但风景比较不错，每次去扬州，小朋友都会去玩一次的,0.9990516404448945
茱萸湾,很不错，动物植物园，都可以就看到。大门票太贵了，优惠不明显……,0.9958083112342404
茱萸湾,周末人还是挺多的，是亲子休闲的好去处，喜欢里面的小熊猫，特可爱,0.9981285364386078
茱萸湾,扬州有名的景点 非常值得一去 运河旁的美丽风景,0.9885785547823649
茱萸湾,不推荐，就一个小公园,0.7665528694604509
茱萸湾,地方很大，环境不错，很多小动物，适合家庭游玩，带了娃去很开心,0.9996327431811707
茱萸湾,去了好几次了，我和我的家人感觉都很不错，以后有机会还会再去的,0.9692954162659365
茱萸湾,简配版动物园种类和数量都不多，精致简练。适合带小朋友去游玩。,0.9658970548693324
茱萸湾,总体感觉动物种类偏少，里面的两栖动物还要收费！不过环境还不错,0.990926327921914
茱萸湾,适合亲子游玩，环境好！就是大熊猫馆还在改造中，没有让儿子看到,0.9675270519899973
茱萸湾,里面动物非常多，火烈鸟金丝猴小浣熊，可以带孩子玩儿，春风佛面,0.9801479720108198
茱萸湾,还不错，很动物。和家人一起去玩还是不错的，比较适合带孩子。,0.9998898870850043
茱萸湾,每年都去 值得亲子游,0.7421429056046709
茱萸湾,绝对可以去的，有动物园，有游乐园游玩的地方还挺大，值得一去,0.9952800085311453
茱萸湾,还不错 ，就是有点绕，好多地方没去到，以后有机会可以再去玩会,0.9051564985397222
茱萸湾,环境不错哦，感觉动物少点儿，有好多都没看到，可能去表演了吧,0.9894329255536106
茱萸湾,还好吧，带娃看看动物，网上购票很方便。,0.9330149361862714
茱萸湾,位于扬州东边的湾头镇，从茱萸村得名。是国家4A级旅游景区。,0.6802102777248406
茱萸湾,家里亲戚从外地来扬州玩，说要看动物去动物园，结果真的很不错,0.9952186920963886
茱萸湾,环境优美，票价也亲民，所以人很多，交通略堵，总体来说不错！,0.9945006902521545
茱萸湾,作为一个扬州人，这是我最爱去地方~宁静优美，门票价格也不贵,0.8841081829856495
茱萸湾,带小孩去玩儿的，里面的动物还是挺好玩儿的，小孩玩儿的挺开心,0.7127655735323348
茱萸湾,茱萸湾动物园里有部分散养的动物，逛园子的时候会在身边穿梭。,0.9999552426874482
茱萸湾,就是一个小型的动物园，性价比是超级高的，里面动物真不少，,0.9933637783879472
茱萸湾,景色很好，带孩子和家人来玩非常合适，,0.998999468739855
茱萸湾,好长时间没去了，感觉不错，取票方便，价格再便宜点就好了。,0.9269750720166312
茱萸湾,非常好的一个动物园加植物园，正好碰到下雪，太美了。好评。,0.9353621044403317
茱萸湾,网上购票特别方便，直接刷身份证就可以了。动物园带小孩去玩,0.06652356646911872
茱萸湾,风景挺好的，就是感觉配套跟不上，厕所少，吃饭地方少，进大门还要从停车场里面穿过，感觉特别不安全！,0.24464344084964074
茱萸湾,风景很美，动物也很多，小孩玩得很高兴,0.9993066795061103
茱萸湾,这个季节到哪都凉嗖嗖的，还好今天天气不错，等明年开春再来,0.8087512872369889
茱萸湾,其实已经玩过好几次了，我应该等到淡季买票，可以便宜不少呢,0.7444588873268065
茱萸湾,总体超赞，还行,0.9899342660675128
茱萸湾,家庭游玩 父母很喜欢很开心 休闲旅游孩子业亲近自然 很棒很棒,0.999998546756675
茱萸湾,茱萸湾风景区，特别有动物是散养的，小孩子玩的特别开心！,0.9968691636352375
茱萸湾,去的时候下小雨，人不多的。地方大景色优美，适合家庭出游,0.9711653510009663
茱萸湾,非常好，风景非常漂亮，孩子玩的非常开心，以后还会去玩!,0.9994475571519793
茱萸湾,特别超值的一次游玩！宝贝非常开心。,0.9950802576310259
茱萸湾,非常不错哦！带孩子去的，很不错的动物园，特别是有一些些,0.999329306430299
茱萸湾,还不错，适合带孩子来玩，小推车无压力，设计的比较人性化,0.9983589784721191
茱萸湾,很好，有动物，到不太多，各种都有，面积很大，能看到运河,0.8978952897869968
茱萸湾,不错不错，宝宝很喜欢，动物园布局很合理，不用绕很远的路,0.9997094797772365
茱萸湾,一个人的旅行。走走转转还是不错的。蚊虫多，注意防晒驱蚊,0.5863943262925745
茱萸湾,多次游玩，孩子喜欢，一圈下来也蛮累的，游乐设施也挺多的,0.9539868799596061
茱萸湾,人很多，但是还不错，都是周末带孩子来玩的，停车不太方便,0.883444924792502
茱萸湾,很不错，带孩子去玩的，玩的很开心,0.9985107108670527
茱萸湾,动物很多哦，环境很好，是个去野炊,0.9798689063047575
茱萸湾,有水有动物有游乐项目，中午自己弄个烧烤，很有趣的体验,0.9703938648918835
茱萸湾,很不错，两家人出游，风景好，还能看看动物，园内也不臭,0.9796964231206744
茱萸湾,感觉很不错，适合带孩子一起去，动物植物不少，值回票价,0.9998890911333385
茱萸湾,价格便宜，性价比很高。可以全家一起去玩，带小孩很好。,0.9979200888226701
茱萸湾,一年玩好几次呢。孩子特别喜欢。特别是海狮表演。激动的,0.9915735545768298
茱萸湾,性价比很高，带小孩去还比较划算。,0.9949111801655683
茱萸湾,扬州小伙伴玩的地方，增加动物和玩的场所，马场太差劲,0.3458836954712292
茱萸湾,很好很好很好很好很好很好的很好很好很好很好很好很好的,0.9999991679416163
茱萸湾,不错，是个很好玩的旅游景点，我会介绍个朋友去游览，,0.9943911990539727
茱萸湾,大马戏很有趣，如果和其他动物的表演时间错开就更好了,0.9865368926202893
茱萸湾,景区还挺大的，很多小朋友过来玩，可以很悠闲的逛逛。,0.9939455151851524
茱萸湾,还可以。孩子玩的很开心。就是下雨了。不过不影响心情,0.8268693548771234
茱萸湾,小孩子很喜欢，关键是狮子老虎都没睡觉，环境也不错。,0.9846812080562639
茱萸湾,大运河边。如果你想亲子游，带着小孩去看动物，蛮好。,0.9707565644640676
茱萸湾,景点动物不多，但环境很好，适合小盆友玩耍，孔雀和天鹅都可以近距离接触，2，3个小时可以逛完,0.9990624063247572
茱萸湾,地方很大 适合野营 动物园设计比较合理 转一圈正好回大门,0.9023333734741168
茱萸湾,good景色不错，性价比高，有趣好玩，总体超赞，,0.9999964785266121
茱萸湾,不错，门票价格真的很良心了。这次去又多了很多动物,0.9939976699110367
茱萸湾,很方便，直接刷身份证进门，景区很大，每次都逛不完,0.03783217312005516
茱萸湾,公园很大，但由于时间比较赶没有逛完，有机会再去吧,0.9774021279808357
茱萸湾,挺不错的，烧烤必备的地方，赞,0.9939167690672884
茱萸湾,挺好的。带宝宝去看看逛逛的。携程购买门票很方便。,0.9944467990577264
茱萸湾,大熊猫抑郁了？还不错吧！！！！！！！！！！！！！,0.8463449473391247
茱萸湾,特别美，很多小动物，园子景色很好，适合周末出行。,0.9999468644833449
茱萸湾,每次孩子都很爱玩，就是周边交通差一点，别的都很好,0.9880089776823192
茱萸湾,门票便宜，动物还比较多，带小孩子的完全可以去玩玩,0.98729000278743
茱萸湾,总的来说可以带小宝宝去看看，和小动物互动一下下,0.9357538435284951
茱萸湾,动物种类和环境值得推荐，可以与动物近距离相处！,0.9997328585294496
茱萸湾,地方很大，环境也不错，还算值了。就是动物少了点,0.9936815584811851
茱萸湾,景区很大，走走逛逛感觉不错！春暖花开时节最棒！,0.99988010828172
茱萸湾,带小孩玩的，北侧的游乐场不错，长臂猿动作敏捷。,0.98561107121083
茱萸湾,茱萸湾环境非常好，比一般动物园干净，环境也很好,0.9959262267779477
茱萸湾,很好，小朋友玩的很开心，动物也配合，都是醒着的,0.9955489212543104
茱萸湾,茱萸湾风景区位于扬州，是大运河进入扬州的门户。,0.9509825451256221
茱萸湾,还不错，孩子很喜欢，值得推荐，下次还来。。。。,0.9966510713138106
茱萸湾,很不错哦，园里很大，动物分散了，就没有那么臭了,0.9961928501482807
茱萸湾,还不错 去的时候是冬天好多动物都在室内，总体不错,0.9991507942397871
茱萸湾,取票方便，不用排队，网上购票还有优惠，非常好！,0.11072045419453747
茱萸湾,我们是下午去的，人不算多，环境不错适合全家区玩,0.909654233238483
茱萸湾,很好玩！感觉超值的！小朋友们都玩的很开心~~~,0.9993865050088027
茱萸湾,多次去游玩了，感觉棒棒的。每一次都是一个惊喜。,0.9995832122459277
茱萸湾,带小朋友去的，园区不大，但是带小宝宝去够了。,0.4047672725111815
茱萸湾,基本的动物都能看到，近距离喂食羊驼还蛮不错～,0.9979235735892165
茱萸湾,扬州的景点都不错的，茱萸湾也是很漂亮的景点。,0.9969333444102982
茱萸湾,地方很大，非常适合亲子游就是说好的熊猫不见了,0.4585415500239918
茱萸湾,带孩子游玩的好去处，很多小动物，半天时间足够,0.9944880623447722
茱萸湾,主要是去看琼花的，时间稍微迟了点，来年再来。,0.03202897273587113
茱萸湾,人很少，景色丰富，有动物也有植物，还有古运河,0.9988520725535684
茱萸湾,和老婆在一起玩的很开心 动物很多，下次会再去的,0.993203100914402
茱萸湾,不错，不大吧，一会逛完了，小孩玩的地方也不错,0.9583824560395762
茱萸湾,带两个孩子去的，今天人好多啊，孩子玩的很开心,0.9910707866699375
茱萸湾,环境优美，游人很多，服务很到位，下次再过来！,0.9662627089143551
茱萸湾,挺不错的，价格便宜而且动物挺多，而且地方不小,0.9952769564360197
茱萸湾,带孩子一起去的看老虎狮子和熊大熊二孩子很高兴,0.991654991776842
茱萸湾,附近在修路，停车不方便，里面很好值得推荐，,0.9149779849131762
茱萸湾,网上订票非常方便，进门只需要刷身份证就行了,0.0003560035272666129
茱萸湾,适合小孩慢节奏游览，就是里面收费项目不咋地,0.29794736799189214
茱萸湾,不错不错不错不错挺好的适合小朋友玩价格便宜,0.999982042222155
茱萸湾,景区内好多都在整修，体验感一般般吧，太热了,0.35339417380303173
茱萸湾,大马戏很有趣，就是和其他表演时间错开就好了,0.8908903117098338
茱萸湾,动物不算多，孩子喜欢玩，周末带孩子的好去处,0.998501952108835
茱萸湾,动物种类不是很多，天气冷很多动物都看不到了,0.9211288620972118
茱萸湾,作为扬州人还是第一次去 里面蛮大的 可能是季节不对 没什么动物 懒洋洋的 对了 停车场略坑 2元半小时 不如停在南面的免费停车场 就走了几步,0.4171494584348987
茱萸湾,帮家人买的，方便快捷无须排队买票了，还便宜,0.16788338053619856
茱萸湾,总体园林比想象中要大，适合全家出游，还不错,0.9733671617780594
茱萸湾,里面的动物很可爱的，春天到了，花开了很多。,0.9979692114855534
茱萸湾,景色不错，体验很好，值得推荐，有趣好玩，,0.9999207974107243
茱萸湾,体验很好，有趣好玩，值得推荐，景色不错，,0.9999207974107243
茱萸湾,值得推荐，景色不错，有趣好玩，体验很好，,0.9999207974107243
茱萸湾,环境不错，路线也不错,0.993684989285617
茱萸湾,值得推荐，有趣好玩，体验很好，景色不错，,0.9999207974107243
茱萸湾,体验很好，值得推荐，有趣好玩，景色不错，,0.9999207974107243
茱萸湾,体验很好，值得推荐，景色不错，有趣好玩，,0.9999207974107243
茱萸湾,很好玩，人也很多，一个不错的亲子动物园。,0.9976267022424676
茱萸湾,门票不贵景区也很大，景色也很好，看到了蛮多动物的，里面的爬行馆要另外出20元每人，地方很小，实际进去把一些海洋生物圈养在里面，灯光昏暗，打着冷色系的光感觉很压抑，看起来很可怜。。。有一些游乐项目，但是很坑，卡丁车30人每位，但是一辆车必须坐两个人，三圈很快就没了，碰碰车场地小，时间短，30可以玩两次，一人一车,0.05437778708846064
茱萸湾,不错，适合带小孩子郊游，坐在草地上鹛阳,0.9413589482409049
茱萸湾,真的大口大口快点快点快点打开看到坎坎坷坷,0.8548932363249746
茱萸湾,景区挺大的，天然氧吧，孔雀小朋友很喜欢！,0.9732341333375425
茱萸湾,动物少了，那个地方还在改建，希望尽快解决,0.24280216845321279
茱萸湾,不错，值得一去，就是里面的饮食卫生欠佳。,0.9730170946266229
茱萸湾,不错，适合和家人短途旅行过来散散步什么的,0.9983967380413298
茱萸湾,动物不算多，孩子喜欢玩，周末游玩的好去处,0.9945782950660638
茱萸湾,带儿子去玩的，很开心！主演是去看动物的！,0.9979546096531634
茱萸湾,带孩子去，有动物，可以搭帐篷，还有黄河。,0.9502331246904479
茱萸湾,感觉还不错，动物也蛮多的，小朋友玩的也多,0.9976492487739294
茱萸湾,公司活动，给员工买的票，比现场售票处便宜,0.2349725963058179
茱萸湾,合适短途自驾游的好地方，动植物都可以欣赏,0.9729037755213458
茱萸湾,不错的地方，可以去看看，价位也是比较便宜,0.9694706205999943
茱萸湾,这里是个空气清新的好地方，下次还可以再来,0.8502927496283513
茱萸湾,很好就是人好多，五一时候去的，天气也很好,0.883721732882484
茱萸湾,哦一次佛像来吃可修复肌肤修复恢复了黄豆芽,0.7063244685432372
茱萸湾,动物很多，票价合理,0.836433476769148
茱萸湾,天气不错风景也不错，和家人一起出去。。,0.9864282983843521
茱萸湾,"不错哦，直接拿身份证一刷,超级很方便!",0.2973790234066839
茱萸湾,景区大门口就有自主取票机，取票很方便。,0.7576780914216436
茱萸湾,挺好的 很适合春游 园区分区景观做的都不错,0.7551006886282653
茱萸湾,非常适合亲子活动的地方，就是动物太老了,0.9066855560355065
茱萸湾,其实就是植物园和动物园，总体还不错，动物品种并不多，但鹤的品种很多，值得一看。现在这个季节去是看不到茱萸的，有些失望。,0.9990180566902306
茱萸湾,半天时间，景色很美，很值得带孩子一玩。,0.998904050045574
茱萸湾,动物园动物蛮多的，就是毕竟是小动物园，动物精神状态不太好，有些很瘦。另外这个天带孩子去还是有点热，如果秋天去可能会更好,0.9999962198965078
茱萸湾,孩子玩的很开心，动物不是很多，风景不错,0.9996774541614504
茱萸湾,一家出行，宝宝喜欢各种动物，空气清新。,0.9958240784396644
茱萸湾,不错，宝宝很喜欢，风景很不错，每次都去,0.999753296034132
茱萸湾,今天第一次看见工作人员喂老虎，小孩高兴,0.34796861179760563
茱萸湾,地方很大，动物也不错，小朋友玩的很高兴,0.9975271793527491
茱萸湾,动物种类繁多，项目新颖，设备设施齐全。,0.9948921752605446
茱萸湾,动物种类繁多，项目较多，设备设施齐全。,0.9874485400185222
茱萸湾,扬州的动物园，里面动物不太多，熊猫、狮子什么基本不动，就猴子还蛮好玩，草坪和休息的地方还蛮多的，宝宝在里面玩还是不错的,0.9999517838131594
茱萸湾,动物园很大，还有儿童乐园，适合全家出游,0.7738568811092567
茱萸湾,蛮好的，一家三口,0.5662385529345852
茱萸湾,总体而言很好的体验感，大人小孩都喜欢,0.9970918558568881
茱萸湾,感觉不错，我们还烧烤了，下次还会去的,0.9242619939794722
茱萸湾,去过很多次了，地方很大，小朋友很喜欢,0.9474125008825602
茱萸湾,带小孩可以玩一下，有动物园，环境也好,0.9288965942556541
茱萸湾,好瓶，各种小动物，植物，适合孩子出行,0.9947687964466443
茱萸湾,把动物园放在风景区，感觉有些怪怪的。,0.793179637421993
茱萸湾,这是一个植物园！！！！还不错！！！！,0.6108322798256097
茱萸湾,小孩玩的很开心，携程上购票方便实惠！,0.9397829449409847
茱萸湾,不错，带孩子玩的很开心，希望下次再来,0.994531443701916
茱萸湾,带宝宝玩挺好的，还可以噢，项目挺多的,0.9993377454486485
茱萸湾,很不错哦，比常州淹城动物园便宜多了。,0.9905295721584725
茱萸湾,使用方便，信息较全，挺好的一次体验。,0.8536083654561009
茱萸湾,有很多可爱的动物，人不太多，适合出行,0.9699720254766676
茱萸湾,小孩很喜欢，里面的游乐场也被她玩遍了,0.9031462233650196
茱萸湾,带孩子游玩很好，环境非常棒，风景很美,0.999927005029724
茱萸湾,茱萸湾风景不错 里面还有动物园 挺好玩的,0.9993847436750397
茱萸湾,走走路，看看小动物，休闲娱乐好去处。,0.9806296910870824
茱萸湾,很大的一个公园，景色也很好，很不错！,0.999512373556019
茱萸湾,公园很大，动物很多，马戏表演特别好看,0.9964369357731182
茱萸湾,好玩，很大，动物多，花很美。总之很赞,0.999849209289894
茱萸湾,是不错，大人玩的很好，小宝宝老看人了,0.9973791722080504
茱萸湾,服务态度特别好，很温馨，会再次入住,0.8254946209683028
茱萸湾,有熊猫 孩子很喜欢看看的 就是夏天太热,0.6576118591771257
茱萸湾,天太热了，不过带小朋友玩还是不错的,0.8026095678958622
茱萸湾,还不错的动物园，空气不错值得推荐，,0.9982907464373931
茱萸湾,值得游玩的地方,0.7172895803137979
茱萸湾,性价比超高，每次带娃来扬州必打卡！,0.9989903115814965
茱萸湾,跟几年前变化很大，可以玩的项目多了,0.9494315610733436
茱萸湾,值得一去的公园，人少门票40挺值的,0.8299899807393211
茱萸湾,主要是孩子开心了，其他的都是次要的,0.9772489429871154
茱萸湾,带小孩子好玩，看看动物，主要看猴子,0.9946169541205954
茱萸湾,扬州风景区，环境很好，蓝天白云。。,0.9215293926345609
茱萸湾,带孩子去玩，性价比比较高，建议出行,0.9917046520398614
茱萸湾,真的很不错，动植物以及风景都很好！,0.9981681566769295
茱萸湾,适合带小朋友来玩 ，适合带小朋友来玩,0.9831535623871731
茱萸湾,棒棒哒，熊猫，老虎，狮子，鹿，马等,0.5943261855969206
茱萸湾,天太热了，动物们不出来，下次再来吧,0.2232250267912287
茱萸湾,小动物很可爱，风景优美人不多不拥挤,0.9775691740563248
茱萸湾,价格能接受，就是动物的种类不太多。,0.7380217709681743
茱萸湾,孩子们玩的很开心，携程旅行买票方便,0.8168439842277018
茱萸湾,淡季天冷 依然不错，特别推荐孔雀园。,0.9896072287854353
茱萸湾,非常好，小朋友很喜欢，已来很多次！,0.9511809342433779
茱萸湾,可以逛逛，天气冷，动物要冬眠的感觉,0.8488317004509799
茱萸湾,很棒...............,0.8962965116493858
茱萸湾,老常客了，使用非常方便，下次再买。,0.15782993854309557
茱萸湾,物美价廉，是个周末带娃消遣的好去处,0.854129446274517
茱萸湾,带孩子的最好，动物还可以，蛮不错的,0.998715407184935
茱萸湾,很好玩，项目很多，和一家人出游很好,0.9227386736928006
茱萸湾,看了不少动物，各种天鹅，还有各种猴,0.9612056704668575
茱萸湾,这得减肥 v普查局机关和非耕地好心疼,0.9273543861631302
茱萸湾,唯有美景不可辜负！户外烧烤最佳去处,0.7102740678819082
茱萸湾,动物园，值得带孩子去玩，风景美丽。,0.9988725032892455
茱萸湾,很好，很满意，以后还会去，非常好玩,0.984021613445388
茱萸湾,性价比很高，景色很好，推荐大家游玩,0.9993733340589087
茱萸湾,节假日人很多，陪孩子逛逛很不错！,0.9992121350495117
茱萸湾,还行吧，不是太大，逛个半天刚刚好,0.39498113561385817
茱萸湾,带孩子去还是不错的！性价比很高！,0.9989142980494635
茱萸湾,还是很不错的,0.9333470031029839
茱萸湾,茱萸湾还是很不错的  接近大自然 ,0.994677117719211
茱萸湾,扬州茱萸湾风景区景色不错环境好。,0.9986527669701655
茱萸湾,周末或者长假带小孩子去玩比较好。,0.8191218828791068
茱萸湾,园林式景区，还有很多动物，很满意,0.9885818876585336
茱萸湾,比瘦西湖有意思，价格也很好，满意,0.999656455721729
茱萸湾,公园还是挺大的，带孩子玩的话走走歇歇也能玩个4个小时，里面还有个儿童游乐场，六一节特意带小孩去的，孩子玩的很开心,0.9999830412392564
茱萸湾,正好赶上旅游节活动茱萸湾优惠不少,0.9684385468509487
茱萸湾,放假去的 人很多 但是还是值得看看的,0.8412329838495676
茱萸湾,景区很好，交通方便，动植物园一起,0.9534776541232824
茱萸湾,很好，很便宜，也很好玩，真的不错,0.9982670748795707
茱萸湾,经常带女儿去，小朋友很喜欢这里。,0.9736246461597419
茱萸湾,很好 已经带亲朋好友及小孩玩了多次,0.9729669554231846
茱萸湾,挺好的，值得推荐，亲们可以去看看,0.9460573601425837
茱萸湾,很好，非常适合亲子游玩，推荐一下,0.9313406557389288
茱萸湾,挺不错的，带孩子玩正好，孩子喜欢,0.9993650239030362
茱萸湾,很大很不错，动物也不少，下次再来,0.9924952303010951
茱萸湾,小孩玩的很开心，携程方便实惠？！,0.8373954928189344
茱萸湾,价格优惠，人也不多，没有恶意抬价,0.3322456024441459
茱萸湾,不错，很好玩，买票也核算～～～～,0.7386759181915068
茱萸湾,玩了好多次了，真心不错，值得去玩,0.9905073895343198
茱萸湾,还不错，带孩子去玩的，好多小动物,0.9972211987595531
茱萸湾,不错，速度快，景色也不错……..,0.9993806634194274
茱萸湾,人很多很多，总体玩的还可以，推荐,0.9778770078350179
茱萸湾,景色不错，值得推荐，体验很好，,0.9991220078126046
茱萸湾,还是不错的，动物园里居然有熊猫,0.8472100980713828
茱萸湾,每年都要发个孩子去几次，挺好的,0.8415579608272503
茱萸湾,适合遛娃，是个亲子娱乐的好地方,0.8147468900981019
茱萸湾,开心开心开心开心开心开心开心啦,0.9988829410829374
茱萸湾,地理位置好，景色优美，值得一去,0.9988777120650967
茱萸湾,家门口动物园，挺好的，经常玩的,0.9632312050883854
茱萸湾,地方不错挺好的挺大可以溜达一天,0.7859814534930871
茱萸湾,很好！直接凭携程二维码扫码入园,0.7870008759369422
茱萸湾,适合带孩子去玩，孩子很喜欢！！,0.9803443235410895
茱萸湾,不错适合踏青，。。。。。。。。,0.8803346432351818
茱萸湾,还不错，环境挺好的，值得去玩！,0.9959455409682567
茱萸湾,取票方便，景色不错，道路在维修,0.9523653426518903
茱萸湾,还不错，人不多，散散步好去处哈,0.9862912857246341
茱萸湾,很好，很方便，直接拿身份证进入,0.26958089303615107
茱萸湾,宝宝很是喜欢，下次还会再去的！,0.9856675264199541
茱萸湾,能和小动物们亲密接触。非常开心,0.9918919432229855
茱萸湾,赞赞赞赞赞赞赞赞赞！方便快捷！,0.9999999986039008
茱萸湾,一家国庆出游，玩的很开心。！！,0.4880913461255312
茱萸湾,还是很有意思的，经常带小孩去。,0.9315876064390844
茱萸湾,真心很不错，值得一玩，风景如画,0.991380866337222
茱萸湾,好多小动物，小朋友玩的非常开心,0.9877417513958103
茱萸湾,总体很好！小朋友玩受比较开1心,0.9369998562714646
茱萸湾,不错。很好，还可以，蛮好的……,0.9931361584367451
茱萸湾,扬州动物园挺大挺好的风景。。。,0.9921586831107599
茱萸湾,还不错。一家人玩的都挺开心的。,0.9671766860766531
茱萸湾,多次游玩，孩子很喜欢，还会再去,0.9170808065333914
茱萸湾,很独特好玩，管理散漫的动物园。,0.990638282563484
茱萸湾,下次还去，停车还免费，环境丰富,0.7956212008102169
茱萸湾,不错，快捷方便，特别简单易操作,0.790618710632651
茱萸湾,十分不错，值得去，环境优雅！！,0.9972633773197067
茱萸湾,很不错哦，值得去，推荐！！！！,0.9556373582013522
茱萸湾,儿子玩的很开心，下次还要来玩玩,0.9672535211023277
茱萸湾,不错的地方，景区很大，好玩。。,0.960632299847391
茱萸湾,非常适合带小宝宝去玩，还不错。,0.9777783016617572
茱萸湾,景色优美，动物可爱，亲子游首选,0.9999873849668114
茱萸湾,扬州本地动物园，值得去看一看！,0.9292335986529077
茱萸湾,扬州的动植物园，动物都在晒太阳,0.9975578640723375
茱萸湾,还可以，还行吧，就这样。一般般,0.7400058756994624
茱萸湾,和女朋友一起去的，她玩的很开心,0.8990341564569849
茱萸湾,风景很好，大人小孩都挺喜欢的！,0.9960206367547773
茱萸湾,还行吧还可以吧还不错吧还管吧。,0.9626649084764015
茱萸湾,很好，取票方便，动物园也很好玩,0.9564037968618867
茱萸湾,虽然有点远，但是还是值得去玩，风景不错，里面动物都是类似散养的，动物表演和海狮表演也不错，就是跟动物照相有点贵,0.9999991498465137
茱萸湾,不错，适合亲子游玩，性价比不错,0.9980743692858611
茱萸湾,很好，感觉不错，既方便又实惠。,0.9932206328572964
茱萸湾,带孩子去不错的选择真的很不错哦,0.9978925388184149
茱萸湾,很好，不错，值得一玩，字数不够,0.9985358357506393
茱萸湾,很好玩，换票很快的，很好用的。,0.988256030476502
茱萸湾,人不多，风景挺好，适合阖家游玩,0.9367382483226737
茱萸湾,值得一去，携程网订票方便又快捷,0.046557600182522196
茱萸湾,很好很方便，下次还会选择这里。,0.9974310641370371
茱萸湾,地方不错哦，适合有小朋友的去玩,0.9636232527995809
茱萸湾,有动物园！里面的的景色还不错！,0.9951479992695385
茱萸湾,方便，春意盎然。景点取票很方便，各种花卉，景色很美。动物也不少，很值得来一趟。以后会常来，们家的后花园????,0.9998642935751799
茱萸湾,空气好，很适合情侣，孩子出游,0.8982295888386513
茱萸湾,熊猫什么都有 挺好的 喜欢来这里,0.9096779274078625
茱萸湾,适合带宝宝去玩 不累人 方便停车,0.9543491780338373
茱萸湾,挺好玩的，更适合带小朋友去玩,0.9898699154172029
茱萸湾,不错 适合带小朋友逛逛看看。。,0.9891300359074351
茱萸湾,扬州欢迎您，吃喝玩乐在扬州。,0.7605359248310518
茱萸湾,风景很好 适合亲子游 露营及拓展,0.9567755966422783
茱萸湾,挺好玩的， 下次有机会再来一次,0.9740594467135262
茱萸湾,很好 挺不错 值得一试 家人很开心,0.9993009528504082
茱萸湾,带孩子玩 孩子的天堂，环境优雅,0.999693259555316
茱萸湾,带小孩去挺好的，生态动物园,0.9882823981347972
茱萸湾,还好，就是疫情期间没啥人。,0.3128613822618228
茱萸湾,很棒，干净整洁，风景线优美,0.9966456766065428
茱萸湾,整体还不错，就是很多区域的动物都没有的，就一个空架子摆设在里面，动物园很大，可以带孩子逛整整一天也不单调！,0.9974727987274775
茱萸湾,比较适合亲子游，比较休闲。,0.7617921746230812
茱萸湾,适合亲子游，小朋友很开心！,0.9374800982729983
茱萸湾,五一假期，带孩子去茱萸湾景区~扬州动物园。马戏表演还是可以的，开场表演最棒，另外可以增加点动物的马戏表演！,0.9997427832540389
茱萸湾,地方很大 去的一天正好小雨 匆匆逛了一圈出来了 熊猫馆没熊猫 孩子没看到有点不开心 其他还不错吧,0.9831524477315939
茱萸湾,环境不错 动物好玩 不错的地方,0.9988617500557758
茱萸湾,很不错 风景雅致 适合全家出游,0.991592034874012
茱萸湾,端午节去的，人超多，停车场没建好，坑坑洼洼。里面的动物还行。熊猫，小熊猫，大猩猩，狮子，老虎，都挺精神的。,0.979973812722666
茱萸湾,性价比高，景点有点乱，没有大象，有熊猫。没有无障碍通道。停车场有点远，没有管理。沙石路，不平…不是很方便。,0.8123475060424472
茱萸湾,公园很大 还有大熊猫可以看,0.904734432580753
茱萸湾,环境优美，适合家庭出游，,0.9063156959374933
茱萸湾,有儿童乐园，地理位置好！,0.8721578862253632
茱萸湾,好地方人杰地灵哈爸妈满意,0.7038352966656517
茱萸湾,园子不大，胜在节假日人不算太多，门票也不贵。家庭亲子游不错，不过设施都比较陈旧了。熊猫只有一只好可怜啊。,0.6889063986946472
茱萸湾,暑假去的天气很热，园区古木参天，好多小动物，适合带孩子玩。海狮表演要另外收费，总觉得环境不错，票价略贵。,0.9840132516529613
茱萸湾,还不错啊 带孩子玩玩很好,0.9967384781777767
茱萸湾,不错的 就是停车场太乱了,0.2928892410962104
茱萸湾,第二次去，带二宝去，第一次是带大宝去，整体感觉不错吧，环境优美绿树成荫，动物略微少点了，其他都挺不错的,0.9997838933295428
茱萸湾,订票进园方便，国庆朋友亲子出游，旁边有很大的停车场，免费。里面有动物幼儿园，小朋友可以近距离接触小动物,0.9787709003702186
茱萸湾,总体超赞，景色不错，,0.999489772163935
茱萸湾,有趣好玩，性价比高，,0.9955468629941342
茱萸湾,扬州本地亲子游好去处,0.617675445980888
茱萸湾,值得推荐，有趣好玩，,0.9812702074266307
茱萸湾,有趣好玩，体验很好，,0.9847502378010703
茱萸湾,体验很好，值得推荐，,0.9611593650337512
茱萸湾,非常好，比以前好多了,0.7658088675002498
茱萸湾,适合周末外出走一走,0.8440793910612857
茱萸湾,风景优美，适合亲子,0.9746513973815225
茱萸湾,绿植比较多，其余都没啥，动物就那么三三两两，两析馆进去收门票，进园最好自带饮品，其余没啥景色不错，,0.7843261626039201
茱萸湾,极好的一次烧烤旅游,0.2615946566580939
茱萸湾,很大，可以做观光车,0.947644929852491
茱萸湾,中规中矩的一个动物园，门票便宜。动物比较少，而且看起来好可怜，感觉生病了都没人管。希望救救这些动物,0.9999731875558535
茱萸湾,动物和风景糅合在一个公园里，非常不错的主意。如果多些休闲茶室咖啡馆就更好了。有趣好玩，性价比高，,0.9999996706290174
茱萸湾,适合遛娃的好地方,0.6655384684219368
茱萸湾,可以搭帐篷，烧烤,0.5250040744228923
茱萸湾,挺好玩的，有意思,0.9777317915003266
茱萸湾,很大，动物挺多的,0.9697539044654129
茱萸湾,景区环境真心不错,0.9491837764801628
茱萸湾,确定时候人比较多，动物比较慵懒，不活跃，最关键去看猴子的时候，那个讲解人员也不讲什么，在那拿着手机玩，只是嘱咐游客不能投食给小猴子！我觉得不太好，而且马戏团和马场那，臭味特别大,0.9969761719724476
茱萸湾,感觉还不错，来过好几次！就是那边卫生环境不是很好。有的动物居住的地方气味太大了，总体而言还可以！,0.9437310179074166
茱萸湾,好好好哦哦哦哦,0.6931978425614437
茱萸湾,还不错，很大。,0.9347627984212797
茱萸湾,不错，环境很好,0.9688668161735655
茱萸湾,人太多，没别的,0.27314666658554587
茱萸湾,很好，去烧烤的,0.7639544691639827
茱萸湾,地方挺大的，节假日出行人实在太多了，分好几个景点内容还可以，但是票价有点贵，也没什么好玩的地方,0.5596472528354455
茱萸湾,按照给的旅游路线玩的，动物基本都看到了，小孩子玩的兴奋的不得了。网购票可以便宜一点，比较方便。,0.9960135349408059
茱萸湾,不错。 适合小朋友玩。 里面还有动物。 虽然瓶中不是很多。 但确实值得去。 里面的树很多。 总之很不错。 好,0.9999967710286697
茱萸湾,亲子游玩很好,0.8567930837044117
茱萸湾,出票速度很快,0.9209643659637489
茱萸湾,适合小朋友玩,0.8630467459336205
茱萸湾,带孩子玩很好,0.9609886366219933
茱萸湾,好的很，不错,0.9518123289584978
茱萸湾,里面是小动物园，可以带小孩去看看，景色也不错，还可以在那里野炊烧烤，很棒,0.9991801461610101
茱萸湾,环境不错，不算很大，动物园动物有点少，有点分散，不过挺干净没什么异味。动物看上去情况也挺好。,0.999569485816929
茱萸湾,还行！节假日人爆满！ 动物不是很多！主要是逛逛～～～,0.9740774397117161
茱萸湾,有动物园，烧烤，游乐区。游乐区收费很贵，烧烤很好玩，适合亲子出游。离市区比较远，交通还算方便,0.9943739432146814
茱萸湾,性价比高，,0.9527209841936997
茱萸湾,完美好的额,0.815908447132359
茱萸湾,每年都来玩,0.6915717732986212
茱萸湾,带孩子是值得去的，我们是两个大人，趣味性没那么好。主要是看动物，风景嘛，肯定赶不上瘦西湖。,0.9999672050648907
茱萸湾,很好 非常好,0.8584860988095927
茱萸湾,性价比高！,0.9527209841936997
茱萸湾,好??，好,0.4952889335665446
茱萸湾,真的很喜欢,0.8593205962498858
茱萸湾,很好好好好,0.743341119463829
茱萸湾,好 哈哈哈哈,0.9188596770356848
茱萸湾,里面就是个动植物园 动物数量一般 价钱定位40也算符合,0.9818245456706227
茱萸湾,动物有点少，可能来玩的时间段比较早，花花草草都还没有冒出来，小朋友玩得东西挺多，总体一般吧,0.9992672599755178
茱萸湾,方便的很。,0.6732684101105153
茱萸湾,性价比不错性价比不错性价比不错性价比不错性价比不错性价比不错性价比不错性价比不错性价比不错,0.9999915899088149
茱萸湾,里面很不错，人不算很拥挤，就是动物有点分散呢，有很多空旷的地方没有动物，要是再多点就更好了,0.9983693772659579
茱萸湾,满意 满意,0.8376376805389197
茱萸湾,谁今天去的？能不能联系我，有东西落在那里了。谢谢,0.868642392414703
茱萸湾,和孩子们一起去的，感觉不错！空气挺好，动物也挺多，孩子玩的很开心，已后有时间，还会再去。,0.9999609801976203
茱萸湾,"动物比想象得多,尤其有大熊猫和金丝猴比较惊喜.其他的就很一般了.从价格上来说也有点贵了.",0.9983304354970179
茱萸湾,动物什么的还可以，毕竟门票价格在那儿，但是里面的服务设施不到位，吃饭的、卖东西的很少。,0.9604395415088458
茱萸湾,还不错哦，风景秀丽里面还包含一个动物园，门票价格也低，适合带小孩玩,0.9985092870907617
茱萸湾,里面就是一个小型的动物园，走一会就感觉没什么可以逛的了，整体一般吧,0.8200256019133225
茱萸湾,值得推荐，景色不错，餐饮需要加强，里面的各种餐饮都太差了，就餐环境不好，服务也不好！,0.7315614145040539
茱萸湾,一般般，去一次足以。同样的价格，同样的距离，对镇江人来说，还是去南京红山动物园更值。,0.8772251158760767
茱萸湾,动物园来说性价比算高的 就是园内不是太干净 推荐,0.999604182181123
茱萸湾,昨天和朋友玩的真不错，风景才好，动物也多啊，分开的，不像一般的动物园只有动物，是动物园和风景交替出现很有特色，动物园还是蛮大的，空气新鲜，动物数量相对来说还是可以的,0.9999998855819814
茱萸湾,公园内在施工，动物不是很多，景点比较一般，看海狮表演还要另外收费，带孩子随便玩玩了,0.9979774942693151
茱萸湾,动物不是很多，有条件还是建议去南京红山动物园 去看看。周末去的，人蛮多的，离动物太远,0.9942137137144619
茱萸湾,总体说还行，一家人出去玩的，就是人多，热，又累，有的动物没有看过，有点失望。。。。,0.6783995162835582
茱萸湾,环境清幽，空气清新，非常适合老人和小孩游玩！景区提供小孩车的租赁服务，十分方便！,0.9893778096517793
茱萸湾,动物园比较生态，觉得比红山动物园好吧，动物也挺多的，，，大面积的草坪真的是最爱啊,0.9999125855150028
茱萸湾,值得带小孩去玩玩，人不太多，动物种类还可以，对得起票价。,0.9845338789022258
茱萸湾,适合遛娃娃的好去处，环境优美，可惜去的时候赶上了下雨天??，有机会一定还会去,0.9873502649148572
茱萸湾,不建议外地游客去游玩当地的小动物园,0.06187243538516285
茱萸湾,很好！不错的地方，景色宜人，性价比很高，可以带孩子去，看动物，扬州动物园！,0.999997296101367
茱萸湾,公园环境好，占地面积挺大的，至少得玩半天，带孩子玩的话最好带上吃的和喝的。,0.9967439570481876
茱萸湾,总体还行吧，人挺多的，主要是孩子比较开心，实际动物数量比较少，景色还行吧！,0.9997942458040702
茱萸湾,来的挺早的，车位比较多，可以带点东西喂河里的鸭子，天鹅,0.8619020850751179
茱萸湾,感觉带娃玩动物园特别有意义 也很有意思 就是天太冷了动物们都不活跃 下次春夏再去,0.9869990406106832
茱萸湾,停车场免费，但是周边餐饮配套不行！,0.35415367923147245
茱萸湾,假期人多，停车免费哦，地方挺大的，不输南京动物园的，值得带宝宝溜达溜达！,0.9989149307695346
茱萸湾,第二次去了，时间匆忙，感觉没有第一次去有新鲜感。但是门票不贵，良心价。,0.33686992419550843
茱萸湾,景区挺大的，风景也不错，就是动物少了点，还有不少二次消费的小馆不太好,0.9825049575030012
茱萸湾,景区门口一女工作人员态度太差，旅游景区本就是服务行业，对游客不明白的问题应该耐心作答，而不是这样笑话游客的，真不知道是我们没文化，还是她太有文化了！,0.000960719529208176
茱萸湾,虽然动物少点，但是环境不错。里面游乐场价格较高。适合一家人前往游玩。,0.9169754174029465
茱萸湾,还可以，就是动物没更新，另外里面鱼馆收费不合理,0.028821760100264604
茱萸湾,亲子**程之一，景区挺大，动物不太多，遇到小朋友春游，孩子很开心。,0.993499233942273
茱萸湾,地方偏，停车场小，园内总体环境不错，就是没有大熊猫就别写大熊猫馆了,0.9730433899775821
茱萸湾,不会再去了，动物都无精打采，鸽子都少好多，所有喂食都要收费，自己带食物进去喂肯定不可以了，小孩拿香蕉喂了下猴子，那人就一直白眼瞪着，感觉好不舒服,0.08602240670246875
茱萸湾,还好，里面有几种动物，适合带孩子走走玩玩！海洋动物要另外给钱的！,0.999885872917448
茱萸湾,天气冷了，动物不怎么活动了，还有些动物没有，不过总得来说还可以吧,0.97427757134465
茱萸湾,基本是个动物园，种类比较少，亲子游还可以，据说周末假期会爆满。,0.7730103067512607
茱萸湾,携程上购买便宜5元一张；里面动物不多，有很多来 烧烤的，烟很大。,0.7091492506412754
茱萸湾,带孩子玩挺好的，人不多，火烈鸟很好看，风景也不错！还可以烧烤！,0.9994481032235137
茱萸湾,还可以，项目比较少，喜欢自然风景的可以试试，带小朋友就不推荐了,0.9922943938753164
茱萸湾,还行吧，动物不是很多，单调了些，类似免门票的合肥滨湖湿地公园。,0.9902094964868828
茱萸湾,还不错，动物园和植物园的结合。小动物也算挺多，宝宝玩的很开心,0.9999704916180772
茱萸湾,适合亲子游，不必进停车场，大门外200米左右有空地可免费停车,0.07048033356076777
茱萸湾,带孩子去玩的，总体还不错，有很多动物。期待明年春天再去一趟。,0.9999953278391207
茱萸湾,服务态度太差，服务态度太恶劣，人员素质低下，影响出游心情,3.9754576498518546e-06
茱萸湾,动物没有红山多，风景还可以，值得一玩,0.992946297793795
茱萸湾,挺有特色的，还挺好玩的，值得一去！,0.9950501718065308
茱萸湾,里面有动物园，但是动物很少，正好放假第一天去的，人超多,0.992554598428827
茱萸湾,风景不错，景区很适合一家老小去踏青，休闲式的动植物乐园,0.997214688039671
茱萸湾,垃圾到处都是,0.06368222303282534
茱萸湾,外地来的，感觉一般，动物不是很丰富，服务人员挺热情的,0.891524766258554
茱萸湾,江南小园林，别具一格，饶有意境。,0.9783221036203076
茱萸湾,还行吧。动物不多，里面游乐设施和冷饮这些卖的有点贵。,0.9581285082956761
茱萸湾,茱萸是最讲感情的植物了，到茱萸园自然会体会这份情谊。,0.9999074452126033
茱萸湾,人好少～不过也蛮有意思的～就是老虎狮子还是懒洋洋的,0.8949722414199268
茱萸湾,这是一个结合动物园游乐场植物园的好地方。是非常适合孩子老人游玩的地方。景区本身不错，但周边配套稍微差点。适合当天往返。景区不留人。,0.9975576308531099
茱萸湾,性价比一般，周边可提示和开发的余地还是比较大的。,0.9192814717341259
茱萸湾,不贵，适合野炊烧烤! 就是建了个工厂大白烟冒的吓人,0.12816972776359414
茱萸湾,感觉还好！环境还不错！在添点孩子能玩的就更好了！,0.9915629132076438
茱萸湾,扬州动物园，植物园都在这儿。游客较少，本地人多。,0.84489597097201
茱萸湾,挺好的，带娃玩儿不错呢，动物园与公园的结合。,0.9859930334072065
茱萸湾,动物园好大，植物也比较多。干净整洁，值得游玩,0.9991193224151913
茱萸湾,还可以吧，门票价格不贵，景区里面东西比较贵,0.4066905457897201
茱萸湾,景色还不错，里面有小动物，适合带小朋友去玩,0.9996142419446562
茱萸湾,天冷人特别少，动物也不出来。不过价格不贵。,0.36197364216739725
茱萸湾,被子太厚，早饭吃不饱，环境不错，服务也很好,0.4445437393270474
茱萸湾,总体来说还行，公园不大不小，也没啥稀有动物,0.9996000267661753
茱萸湾,带小孩去看动物不错，游乐园也只适合小孩玩。,0.9988486293582599
茱萸湾,挺好，带小孩子去看看动物，还可以去烧烤哦！,0.9775522271281787
茱萸湾,有火烈鸟，其他动物随便看看，适合亲子出游,0.6794499043733961
茱萸湾,价格不贵就是天冷动物都不出来，人特别少。,0.7168675028771121
茱萸湾,表演挺精彩，惊险的、逗趣的、热闹的都有。,0.998731365963428
茱萸湾,还行吧，实在没地方可去的，可以去看看。,0.2627297436014886
茱萸湾,特色植物园与动物园在特定的地方完美结合,0.9858272454063711
茱萸湾,网购方便快捷 院内动物品种丰富 活动区域大,0.7619314147717863
茱萸湾,还不错，一家人出行很愉快，还搭了帐篷。,0.9331877234447133
茱萸湾,好！好像一个字不能表达，去过才知道啊。,0.8039409715264286
茱萸湾,还不错吧，算是有山有水，带孩子比较好玩,0.9887775990405698
茱萸湾,价格优惠 能看的也不少 有空的话值得一去,0.9833890372599775
茱萸湾,孩子玩的很_心，喂狐猴j孔雀不亦泛,0.9979754648753307
茱萸湾,感觉一般就是一般的动物园，门票有点贵,0.8027357611887762
茱萸湾,票价不算高 园区内的商家素质有待提高。,0.0007503583243193557
茱萸湾,一般吧，人太多了，一般吧，人太多了,0.26086571064371833
茱萸湾,游人不多，挺清静。水鸟园值得一看。,0.8231766649320192
茱萸湾,环境不错，但是动物的品种太少了，感觉连最基本的大象，长颈鹿都没有，唯一觉得值得就是散养的孔雀，可以比较近距离的接触,0.9991792067950868
茱萸湾,环境真心不错，带小朋友去玩很合适。,0.9980714686499231
茱萸湾,总体来说还不错，小朋友喜欢～～～～,0.9952614358744613
茱萸湾,现在里面还可以烧烤吗，急急急急急急,0.014642492015839892
茱萸湾,值得周末前往，植被丰富，回归自然,0.9950623191551599
茱萸湾,空气很好，就是蚊子多，很适合散心,0.7163635518644857
茱萸湾,感觉一般般，实际上就是扬州动物园,0.7567256086693083
茱萸湾,喂小动物 孩子很喜欢！环境优美！,0.9980592593970422
茱萸湾,整体觉得还不错，就是停车不方便,0.9004547470997009
茱萸湾,天然氧吧！舒适的休闲郊游场所。,0.3386428515098816
茱萸湾,总体上还送可以，孩子比较喜欢。,0.9608277524006671
茱萸湾,景色不错，有火烈鸟还是挺好的。,0.995022298173104
茱萸湾,还行吧天空不作美今天下雨哦呵呵,0.8483955037782636
茱萸湾,还不错，动物挺多，都在活动。，,0.9794213575061941
茱萸湾,动物园不是很大，环境还可以。。,0.8523302206770628
茱萸湾,还行吧 只是还需要再完善 会更好,0.8260026519317932
茱萸湾,还不错景色不错，性价比高，,0.9998412226324463
茱萸湾,体验一般，沿途环境较差。,0.8076604823695263
茱萸湾,性价比高，一如既往的好,0.9949151462218692
茱萸湾,体验很好，景色不错，,0.9962778232254311
茱萸湾,适合小朋友 性价比不错,0.9914887207170862
茱萸湾,动物园动物少，风景很一般，没有什么历史和人文气息，单调的内容，基本上没有什么服务可言，离市区还比较远,0.9999383200821593
茱萸湾,还可以吧，有点老了,0.5939074910359473
茱萸湾,感觉一般般，就进门的时候看了些火烈鸟，天鹅，鸳鸯，孔雀，老虎，狮子，熊，还有很多场馆是需要收费的！,0.8874342821988033
茱萸湾,下雨，玩的一般。,0.4346056214200693
茱萸湾,适合带宝宝来逛逛,0.9834045099777513
茱萸湾,昨晚去的，进去没多久然后开始下大雨，只玩了四个，后来回家了。对于这种，难道这通票就这么结束了吗。,0.05208202257175076
茱萸湾,环境不错挺好的,0.977010667404865
茱萸湾,还好蛮不错的,0.9662387512617672
茱萸湾,有一只小熊猫腿瘸了，及时治疗。,0.9533639221031986
茱萸湾,正好下雨天，动物都关起来了，不怎么好玩，估计去的季节也不对，反正一个小时就逛了一遍下来了,0.509962337536299
茱萸湾,周末出去看看风景还是不错的，票价不值，动物太少，没多少看点。长颈鹿也木有，可玩性太少。,0.955732938163778
茱萸湾,很一般，人比较少，动物不多，我们一个小时就差不多逛完了，做为一个小景点随便逛逛还行。,0.9792297846645267
茱萸湾,完全不值门票，什么都要加钱，而且整座公园无人管理的样子，野草丛生，真是对不起门票钱！,0.04610533393013816
茱萸湾,门票还算实惠，狮子老虎都瞧见了。里面有部分内容需要二次门票。周末去的，人气很旺。,0.9905431206624449
茱萸湾,在扬州的东北郊区，有公交直达市区，公园绿化很好，还有动物园、野外拓展训练中心。,0.999979496261574
茱萸湾,里面风景不错，就是动物园太差了，好多动物都没有了，熊猫园熊猫都没有，挺失望的,0.992259305280504
茱萸湾,没什么好玩，就是一动物园而且种类不多,0.8277395663164878
茱萸湾,扬州杯弓蛇影，过度执行防疫政策，导致买了票却不让入园。,0.9175675723480413
茱萸湾,秋高气爽，环境优美，游戏价格不合适,0.9966750267838579
茱萸湾,"地方不大，也就2,3个小时转完了，感觉管理的不太给力，有点乱，环境一般。",0.07331035850784229
茱萸湾,还说可以凭证件入内，结果还是要去换票，结果把身份证都丢了，太倒霉了,2.1067472509961327e-05
茱萸湾,工作人员服务真的态度不太好，举个栗子，便利店卖东西的大妈把手抓饼放在充电宝上面。然后别人要还充电宝，大妈说:“不能还外面啊？”，语气很冲。动物没多少，体型偏小，娱乐设施真的过多了。搞这么多小孩子的娱乐设施不如好好搞动物，一个个慵懒，没精打采的。有待改进，以及，一些植物园，没什么可看的。可玩性低，旅游还是别来了,2.7778132813960354e-06
茱萸湾,也就那样吧，没什么特色，不是很大，一般般的拉，动物不是很多。,0.8722632529400636
茱萸湾,还行吧，下雨，人不多，风景不错，天气好的话，可以区去看看,0.8386126388038927
茱萸湾,景区稍远，携程订票方便入园，有动物，适合带小朋友去玩,0.9134588138047175
茱萸湾,其实就是一个公园，有一些动物，也就熊猫值回票价吧。,0.9864748347700997
茱萸湾,还行吧，里面还可以，就是去的太早了，有的地方没开,0.7285901996906278
茱萸湾,陪小孩看看还是可以的，对大人来说动物园都差不多,0.9754978557157592
茱萸湾,比较失望，动物园没什么特色 不值这个票价吧感觉,0.07990056020913683
茱萸湾,有点失望 熊猫馆没有熊猫 大热天好多馆不开,0.017987385627373675
茱萸湾,进园区道路建设严重滞后，红绿灯极不合理,0.007749504106431271
茱萸湾,大 很大 但卫生真的不算好 服务人员也很少,0.4394575628884787
茱萸湾,整体布局比较差，公园的管理还需跟上。,0.5621446194893854
茱萸湾,周边服务配套明显落后太多，特色不突出,0.21567610618176136
茱萸湾,去了有好多动物没看到，总体感觉一般吧,0.930917765308358
茱萸湾,景区不算大，性价比不高，整体感觉一般,0.9902203871705355
茱萸湾,景点一般 动物品种也不多 取票还是方便的,0.6003234661295571
茱萸湾,清明节，人超多，动物种类也不是很多,0.924504340094913
茱萸湾,感觉一般，到处收费，没什么特色。,0.19596180361172644
茱萸湾,一般。。。。。。。。。。。。。。,0.5
茱萸湾,一般吧，动物园真的一般，一般。,0.7885898038361113
茱萸湾,没有什么动物，感觉越来越萧条了,0.6282351479490219
茱萸湾,运河的地方小景点还可以去一下。,0.42830304913386774
茱萸湾,动植物园，有动物有植物,0.9869698530862856
茱萸湾,内部设施维护得一般,0.41262248238654375
茱萸湾,非常不推荐来玩，门票买了进来，里面很多收费的，看鸟的收费，看海狮表演收费，看爬行馆收费充斥着各种各样乱收费，草草结束乐行程，再也不会来，坑钱地方可玩性低，有待改进，性价比低，,5.0451805697848684e-05
茱萸湾,可玩性低，,0.3778749870579965
茱萸湾,动物太少了,0.7096658288828996
茱萸湾,值得来，但是不知工作人员哪培训的素质，我问门票上为什么显示0元，不吱声，就是不屑的眼神。游玩心情糟了一半，收门票的那个口罩男，4月24日下午一点二十五分值位的那个工作人员。,5.036931235435915e-07
茱萸湾,越来越差劲了 景色没有 动物类型又少  门票确实不贵 进去看一些项目和玩一些项目还得花更多的钱……可玩性低，景色一般，性价比低，有待改进，,0.7036635813423647
茱萸湾,在携程订票一点都不便宜 坑 有待改进，在网上订票应该便宜一点赛 直接买还有地图 在你这上买一毛也不便宜，心情一点不美丽！,0.011174637485771632
茱萸湾,马戏团 没有动物，3个人在轮流杂技。。毫无意思 非常坑。。 ，茱萸湾的所有动物较远，可以配个放大镜，互动动物较少！,0.9945279075822597
茱萸湾,总体还行吧,0.8952490463979507
茱萸湾,不值得，动物养的很没劲，环境一般，路段很长，收费景点很多，收费价格很不合理,0.9333370544690003
茱萸湾,里面的游乐园水上项目服务员态度很差。水上碰碰船不让游客坐新船，我们上去了，服务员一定要让让我们下来，说坏了你听不懂吗？说了三遍。我们换了个船，那艘船就给别人开走了！,0.03484596465713152
茱萸湾,没有景色，也没有什么动物，感觉很差。,0.9424454791857014
茱萸湾,一般般， 不怎么样。,0.34831944996669684
茱萸湾,越来越差了,0.17394832145818795
茱萸湾,没风景可言，就一个动物园，动物品种也不多,0.8737947818032892
茱萸湾,玩的好不好只有玩过才知道，我说了没用。但是这个地址什么鬼？我尼玛导航去了人家厂里，站人家港口隔岸看茱萸湾？明明是88号，你非弄个1号？真尼玛无语。调头还闯了个红灯，心情很不好。草,0.007653341313047846
茱萸湾,好坑，门票是不贵，可是进去什么项目都要另外购票消费，也是无语了。光是逛逛，环境打造的也不是很精致。坑！,0.10386065599903194
茱萸湾,就是一个动物园，园内的环境较差，漫天的尘土，商业气息太浓，动物稀稀散散，生态环境被破坏了，45元的门票不值这个价,0.8698626424229886
茱萸湾,公园是蛮大的，但是里面都没有什么动物，还有好多在修路,0.9919255750171422
茱萸湾,感觉一般动物太少，环境一般。食草动物区环境太差！推荐性不高，不过小孩挺开心的！狼，金钱豹都懒散的无精打采,0.9856240497381945
茱萸湾,太一般了，就是进门那里有天鹅、鸭子、火烈鸟可以逗玩一会。其他就很无语了……对于外地人来玩就太浪费时间了，耽误去其他景点的时间，不如不要门票的宋夹城。关键浪费钱还浪费时间。,4.287882061015935e-05
茱萸湾,感觉动物一年不如一年啊，挺失望的,0.784462589106581
茱萸湾,门票不贵，但进去后有一些是收费的。环境还行，游乐场很一般…,0.6099198812797718
茱萸湾,没有大熊猫，全**是套路！我要投诉！,0.01319492440011727
茱萸湾,性价比非常差，除了门票之外里面其他的馆几乎都要额外收费，有点坑，而且就是动物园，都是小孩子性价比低，景色一般，去的,0.5625581165169421
茱萸湾,环境一般，买了门票之外里面的其他馆这都要在买门票，几乎没有工作人员，路牌指示不明确门口检票的工作人员态度体验不佳，很差,0.019819833700212675
茱萸湾,不好玩，都没有什么送物，也没有什么人,0.8937680373255468
茱萸湾,好多动物都没有，熊猫金丝猴什么都没有，孩子就想看着几个动物的，没看到，特地跑去的，结果白跑一趟，极度失望！！！,0.48532999346465033
茱萸湾,动物园门口40一张票。我已经第二次发现携程门票不太靠谱了,0.0030817931786011332
茱萸湾,景区验票人员态度差，很不耐烦，素质太差。,0.001332728222688817
茱萸湾,这个超级不值得买，真是一点用没有。,0.1992794161452458
茱萸湾,景区验票人员不耐烦，素质太差。,0.0072965836527956185
