景点,comments
扬州古运河,还挺不错的 如果你来扬州对大运河有着别样的情怀 可以坐一坐 有小哥哥一路讲解 路程适中
扬州古运河,到扬州，了解中华运河文化，必到大运河博物馆。扬州中国大运河博物馆藏有自春秋至当代反映运河主题的古籍文献、书画、碑刻、陶瓷器、金属器、杂项等各类文物展品1万多件。
扬州古运河,体验感非常好，在便益门码头坐的船，填调查问券还给一盒小零食，风景也不错，小朋友很喜欢。拍照也很好，夜景很好看，以后还会再去的。
扬州古运河,喜欢这种古迹游船，听着讲解仿佛穿越千年，想象码头上的热闹喧嚣
扬州古运河,这个价格很棒，多1个大游船才多20元，何园最差，全方面的差，个园还行，瘦西湖不错，大明寺有义务讲解也不错，游船等于20元的话很值
扬州古运河,古运河文化源远流长，船很舒服，船上的小姐姐一直在介绍，风景优美，小朋友特别开心，总要带孩子出去走一走，看看风景，学学文化！
扬州古运河,看了相关攻略，建议说夜游体验更好。但我自己也想看看现在运河两岸的风景和市井百态。于是计划下午四五点坐去程，在终点下船附近逛逛，然后等到晚上七点左右坐回程。结果售票处工作人员说这游船出发后到终点也不停靠码头，在河中央掉头就原路返回。计划赶不上变化。好在夜景不错没让人失望。沿途两岸好几次经过看到老人跳广场舞。如果在扬州玩两天，可以买含夜游船的套票，比单买划算。
扬州古运河,距离不长，是往返的，古渡口上下船。对于第一次来旅游的人，听听讲解，看看夜景，船里吹个空调，体验很好。但是票价真是不便宜～坐过很多城市的夜景游船，扬州可以说景色7分，故事10分～因为喜欢历史，喜欢这里的人和事，而喜欢一座城市！
扬州古运河,蛮划算！全程6小时，可上岸逛三湾运河公园、瓜洲古渡公园，上船就发一瓶水、一盒零食，导游全程讲解。船开的平稳，运河风光秀丽，而且景点密集，值得一游！
扬州古运河,全程大约30分钟，明显十一节假日游船速度比平时快了一些，没什么服务而言吧，晚上看看景色，还好吧，一层有节目，二层平台，位置不错！
扬州古运河,古运河是扬州的特色，坐船一游很有必要，在船舱内或在露天平台上赏景又有不同，吹着风，慢悠悠看运河水波，看岸边青翠，看古今胜迹
扬州古运河,沿途景色宜人，船上环境卫生好，讲解员非常专业，一次物有所值的梦幻之旅。
扬州古运河,票价便宜，半点发船，从东门一直开到南门再原路返回，一路上可以看到古运河文化景点。船两层，一楼装修很豪华还有工作人员讲解，二层露天，拍照片位置很好。
扬州古运河,全家集体坐船游玩，时间大约30多分钟我，一个来回的路程，坐在底下的船舱内，全程都有导游解说，值得一坐
扬州古运河,夜景非常棒哦！
扬州古运河,取票快，运河非常漂亮，就是瓜州古渡公园南园在施工，不开放，比较遗憾。船上还有导游解说。
扬州古运河,这个价格来说，有点不值，就是坐船来回一共40分钟，旁边也没什么景色。没意思。要坐船的话，还是在瘦西湖坐一次就行了，都是坐船，瘦西湖还有景色可看。这里就是单纯的坐船，啥也没有。我发给你们看好了。
扬州古运河,坐游船观夜景很美，行程40分钟
扬州古运河,很不错的风景
扬州古运河,100元往返，大约40分钟，两层的船，一楼可以听小曲和讲解，周围景色还可以。
扬州古运河,"风景优美,历史文化厚重，非常棒"
扬州古运河,畅游古运河，观今世风光，惬意！
扬州古运河,运河上走一圈。瓜州现在没建好。建好了应该有趣。瓜州有一家龙元面馆好吃。反正也没什么玩的，可以去尝尝呦。去运河博物馆的不建议一天玩这个项目，时间不够。
扬州古运河,方便快捷，出门首选
扬州古运河,很好，棒棒哒！
扬州古运河,方便快捷。
扬州古运河,无聊的时候可以坐坐船，夜景比较好看，特别是导游小姐姐非常热情详细的介绍各种古建筑的由来，唯一的缺点就是船的玻璃有点脏，不能拍夜景
扬州古运河,服很好务，态度好，讲解到位，受到游客一致的点赞，希望工作人员继续努力，更上一层楼
扬州古运河,感觉没什么意思，中途停靠的的两个点，第一个点下去是个小镇，像三十年前的那种。第二个点是个公园，环境还不错。全程下来大概六个小时，除去下船的两个点外在船上要坐三小时。以及船上没有固定座位，有的游客会乱窜，会给其他人造成很大的困扰，这个是最重点的！！船员还和稀泥。项目时间很长到后半程已经困的不行了，由于地处繁华区域，交通也很堵塞。
扬州古运河,晚上夜游景色灯光还可以，坐双层游轮比较好，可以欣赏到湖光夜景，船票比较贵，100一张来回30-40分钟左右。。。。。。。
扬州古运河,扬州这个套票真的是诚意满满了，两天逛完这5个点也很合理。运河游船最好选择晚上去，会好看一些。瘦西湖选自驾游船，比50块一个人的游船舒服，而且价格也合理。
扬州古运河,好啊。好地方啊。扬州古运河。顾名思义就是一条古老的河。也是扬州当地著名景点之一旅游必到之处打卡拍照取景休闲旅游必到之处。非常值得去的地方。很好。
扬州古运河,值得一去，参观古运河码头，可以乘游船游览古运河文化及沿岸风光！运河码头附近还有不少当地特色美食餐厅！游古运河，品尝扬州菜！感受不同的扬州文化。
扬州古运河,必须打卡的游船体验，讲解员介绍的非常好，普通话标准，内容丰富，很适合带孩子了解运河文化。
扬州古运河,值得去，让人了解大运河的很多知识，就是比较费腿
扬州古运河,装修非常有风格，分成小区域，挺隐秘的，感觉蛮不错特别好，价格实惠，比直接在实体店消费便宜多了，特别划算！必须打个满分??
扬州古运河,大运河之行，向往已久。从乍暖还寒的东北，驱车千里，在这烟花三月来到扬州。自北向南，温暖与美好愈发浓烈，跨越六省，得偿所愿。 运河水，没有想象中的汹涌，波澜不惊，傲视天地。岸边的垂柳，随风起舞，阿娜的身姿，一如清雅、秀丽的江南女孩儿，让人怜爱。 看惯了家乡魁梧的杨树和钢筋水泥的建筑，被这满街的花香和亭台楼阁，醉的魂牵梦绕、流连忘返。 踏雪千里奔江南，古渡千年水涟涟。 北雁南飞千重险，万水千山只等闲。
扬州古运河,作为扬州人竟然没有坐过船 终于体验了一把 船头的风很舒服 扬州城的氛围足足的
扬州古运河,这个价钱还是挺贵的。灯光风景还可以，其实河边走一走已经能看到这个风景了
扬州古运河,套票挺划算的，推荐购买。只是两天内就要用完，时间有些紧张，可以考虑。
扬州古运河,带着小朋友游运河，讲解员热情仔细的讲解，听的入神，时间也过得很快
扬州古运河,扬州古运河边上的特色建筑比较多，现代化的桥，宽敞的运河，有特色
扬州古运河,个人觉得还是值得一看。
扬州古运河,扬州是一个很宜居的城市，生活节奏也比较慢。古大运河挺壮观，还可以坐船游览，算是一个比较不错的景点。
扬州古运河,感受一下北方文化
扬州古运河,一边坐船一边有电视上的介绍，我是过去学习的，感觉还不错。
扬州古运河,不错，晚上游更好
扬州古运河,全程往返35分钟左右，上船前送了小瓶农夫矿泉水和小蛋糕零食盒。讲解员很专业，嗓音甜美，但两岸的景点不多，灯光单一，总体观赏度性价比偏低。
扬州古运河,黄浦江模式
扬州古运河,性价比一般
扬州古运河,风景一般，午饭要去镇上才能吃，不太方便
扬州古运河,这是在携程网上购买的游轮票，乘坐晚上7点的游轮，在游船上即能看到白天运河两侧风景，又能看到晚上的运河的美丽夜景。游轮一个来回40分钟左右。
扬州古运河,从东关古渡乘船夜游古运河，值得一游。
扬州古运河,古运河也是不错了啊，穿了扬州城，特别的棒呢，没事的时候带着孩子一起逛逛呀
扬州古运河,扬州古运河水质清澈，沿岸有很多名胜古迹，风土人情独特有趣，建议乘船游玩
扬州古运河,宏伟壮观的古运河是古代劳动人民的智慧结晶，两岸风光秀丽，一片繁华的景象
扬州古运河,好哈哈哈哈哈哈哈哈哈
扬州古运河,来扬州不可错过的美景
扬州古运河,船上的讲解员特别棒
扬州古运河,夜景很美，值得一游
扬州古运河,整洁干净，还次还来
扬州古运河,很好的一次旅游体验
扬州古运河,一边看一边听讲解，回程还有情景演出，孩子有很多互动，超好的
扬州古运河,古运河真的超级棒的啊，穿城而过，绝对了啊，真的还是挺赞的呢
扬州古运河,强烈推荐来此旅游
扬州古运河,夜景真的很美！
扬州古运河,很赞，值得一游
扬州古运河,两岸风景漂亮，
扬州古运河,古运河还真的是挺不错的啊，很赞呢，直接穿城而过呀！真赞
扬州古运河,扬州的命脉，也是连接几个市的母亲河。有渡轮可以观光哟！
扬州古运河,两岸景色很好
扬州古运河,乘坐游船游览扬州古运河，欣赏两岸风光，遥想当年繁华。
扬州古运河,有着悠久历史文化的扬州，有着大运河文化的千年古城文明
扬州古运河,历史悠久，值得一看，前段时间去过一次，会推荐给朋友
扬州古运河,全程往返大约四十分钟，白天人不多。全程有讲解，很仔细介绍了大运河的历史以及河两岸的建筑。船票有点稍贵，不过还是可以来玩一下的。
扬州古运河,大运河有着悠久的历史，承载了多少朝代的兴衰。
扬州古运河,没有什么感觉，讲解太差，音箱太差，听不清。
扬州古运河,隋炀帝时开凿的古运河，历史悠久值得去看看
扬州古运河,【景色】 【趣味】 【性价比】 ???????
扬州古运河,扬州大运河，扬州运河博物馆，一定要去看看
扬州古运河,不错的一个地方，有时候人不多的时候挺好的
扬州古运河,来扬州是必须去的一个地方，非常适合全家游
扬州古运河,原来以为肯定很一般，没想到超乎想象，扬州夜景很美，推荐来扬州的朋友们要坐一次游船
扬州古运河,带父母需要做的事情就是如何让他们走最少的路玩最多的景，古运河夜景首选游船咯。夏天天黑的晚，吃个晚饭墨迹到7点到的码头，天色近夜，稀稀疏疏的灯光陆续开启，8点准时发船，全程有讲解员免费讲解，后面聊天声比较吵，还好我坐第一排，认真听讲还是有收获的。两岸灯光、建筑倒映在河水里，美景如画。
扬州古运河,这是一个非常不错的地方了，喜欢??
扬州古运河,整个导游讲解，让我们对运河和扬州有了非常系统的了解，夜景也很好看，很舒服。
扬州古运河,古运河孕育着每条生命，扬州古老神话
扬州古运河,看看运河的风景，景色很美，空气也好
扬州古运河,真的太美了，我们都很喜欢这里的啊
扬州古运河,有悠久的历史文化，还有教育意义，
扬州古运河,乾隆下江南，走的就是扬州大运河
扬州古运河,性价比一般 船上太吵了 解说都听不清 一路上风景不错
扬州古运河,很值得一来。还有扬州清曲表演
扬州古运河,风景很不错，乘坐很方便
扬州古运河,服务不错 但是性价比不高
扬州古运河,景色一般。人不多。唯一亮点是当地特色戏曲唱段。个人觉得不太值
扬州古运河,还不错景色很好！
扬州古运河,等的时间长
扬州古运河,等的时间长
扬州古运河,运河哺育了扬州，是扬州的“根”。作为“运河城”的扬州，在新的世纪，应对运河文化资源加以大力开发和利用，通过旅游让古老的运河文化为扬州的经济发展和社会进步作出积极的贡献。
扬州古运河,下午6点多到码头，河上灯都还没亮起来，稍微等了一会儿，加20块钱换返程票。灯亮起来，有讲解员一路讲解到了南门遗址码头，沿途风景很美。没有坐在靠窗的位置，也没能很好的拍照。没想到返程的时候讲解员说如果有返程票，不下船的话就在船上等就可以了，没想到船直接返回，所以人很少，返程船上只有不到十个人，可以随意拍照，各个角度都能看的很好，强烈建议买返程票看风景。
扬州古运河,点个赞再说吧，是很不错的地方的
扬州古运河,两岸景致风景美丽，全程现场解说
扬州古运河,坐游船夜游古运河，两岸风景绝美
扬州古运河,太坑了，说是7:30开船，7:20买的票上船后变成8:30开船了
扬州古运河,夜景很漂亮，很好看
扬州古运河,古运河值得一看。
扬州古运河,晚上的景色非常美
扬州古运河,非常满意方便快捷
扬州古运河,满意，服务周到
扬州古运河,方便，优惠，好
扬州古运河,小朋友很开心。
扬州古运河,满意，很干净
扬州古运河,不错的不错的
扬州古运河,还不错很满意
扬州古运河,体验非常好
扬州古运河,夜景还不错
扬州古运河,性价比不高
扬州古运河,值得坐一下
扬州古运河,还可以吧！
扬州古运河,扬州必须体验一次运河船游，况且始发于东关古渡，终点是大名鼎鼎的瓜洲古渡。沿途可赏东关古渡、解放桥、普哈丁墓园、吴道台宅第、长生寺、跃进桥、柳叶桥、大水湾、卢氏盐商住宅、盐宗庙、徐凝门桥、南河下、渡江桥、钞关、南门遗址、文峰寺、文峰大桥、运河三湾景区、扬州中国大运河博物馆、华扬大桥、扬子津古渡、高F寺等，最终抵达终点站瓜洲古渡公园。真的值得一游。 唯一要吐槽的：到达瓜洲古渡后竟然没有接驳车去瓜洲古镇，若自己探索前往，一是时间不够，二是步行的话实在有点远，极为遗憾，不明白政府（旅游部门）为何不完善这最后一个点的体验？
扬州古运河,出行，注意上船的码头。容易跑错码头。夜色还行。时间不长，也可以散步看运河风景。
扬州古运河,有点坑，买船票搭售景点门票，性价比
扬州古运河,还算是可以去看一下的，历史很久了，可以增加历史知识。就是暑假里，人太多了
扬州古运河,第二次坐，就为了陪孩子，票价贵，性价比真不高
扬州古运河,去过，免费的，提前预约，好多馆值得去看看
扬州古运河,扬州古运河是整个运河中最古老的一段。现在扬州境内的运河与2000多年前的古邗沟路线大部分吻合，与隋炀帝开凿的运河则完全契合，其中，古运河扬州城区段从瓜洲至湾头全长约30公里，构成著名的“扬州三湾”。这一段运河最为古老，可谓历史遗迹星列、人文景观众多。
扬州古运河,白天看比较一般，晚上特别漂亮，古运河上有很多桥，还有两岸，都配上灯带，一边坐船游览一边听导游的讲解，可以了解扬州的历史。不过单程只有25分钟左右，而且上船和下船不在同一个地方，要坐会到出发的地方还需要另外买返程票。
扬州古运河,有两个地方可以乘船参加古运河水上游，便益门广场码头和南门遗址码头。因想着看沿河夜景所以选择了晚7点那班。6点半左右船到岸即可以上船了。船上是有空调的，7点准时开船，开船后关掉了内部的灯以便欣赏外面的灯光夜景。船上有录像介绍古运河的由来及沿河会见到的两岸夜景的提前介绍。整个行程其实也就半个小时。到南门码头下船时，那里等上船的人急着上船居然占据了台阶，害得下船的人只能从船头另一侧小跳而下，应该有人来维持一下先下后上。
扬州古运河,有介绍沿岸景点历史 行程略短
扬州古运河,感觉跟夜游秦淮河差不多
扬州古运河,古运河扬州段是整个运河中最古老的一段。现在扬州境内的运河与2000多年前的古邗沟路线大部分吻合，与隋炀帝开凿的运河则完全契合，古运河扬州城区段从瓜洲至湾头全长约30公里，构成著名的“扬州三湾”。这一段运河最为古老，可谓历史遗迹星列、人文景观众多。
扬州古运河,这条线路很经典
扬州古运河,也可以吧。
扬州古运河,古运河扬州段是整个运河中最古老的一段，古运河扬州城区段从瓜洲至湾头全长约30公里，构成著名的“扬州三湾”。这一段运河最为古老，可谓历史遗迹星列、人文景观众多，来扬州推荐坐游船一览古运河风光！
扬州古运河,古运河扬州段是整个运河中最古老的一段。现在扬州境内的运河与2000多年前的古邗沟路线大部分吻合，与隋炀帝开凿的运河则完全契合，从瓜洲至宝应全长125公里。其中，古运河市区段从瓜洲至湾头全长约30公里，构成著名的“扬州三湾”。这一段运河最为古老，可谓历史遗迹星列、人文景观众多。晚上坐船的夜景相当不错，值得一看！
扬州古运河,沿运河造的一个公园沿路有很多运动设施很多居民都会来这锻炼遛狗 ，这个地方散步倒是不错 ，建议从便益门北边一点开始往东关街方向走，这一段差不多一公里应该是最好的了吧，晚上的话会有点灯光，灯光的话建议往便益门北边走
扬州古运河,因时间问题，只坐船夜游了运河！
扬州古运河,有时间的真可以沿着河走走，特别是晚上。想象下乾隆下江南，或者隋炀帝来江都。我们共享的是同一条河。是不是很有感觉，反正我很感慨。
扬州古运河,说到扬州，大家第一反应应该是烟花三月下扬州最近因为一个“你一句春不晚，我就到了真江南”吵的热火朝天～但扬州是江南还是江北都不重要，重要的是它够美。
扬州古运河,坐着龙船，一路沿着古运河从北向南，穿过几座桥，听着讲解着扬州的故事，吹着河风，舒适惬意，值得一游。每小时一班船，来回时间40分钟。
扬州古运河,运河两岸景色一般般吧，票价过高，不过解说员的解说还是很详细的，如果一定想做船游运河的话，建议到船顶上面去，视野开阔，总体来说性价比不高还不如租辆电动单车沿河兜兜。
扬州古运河,烟花三月下扬州，江南风景好，古运河，还记得隋炀帝那时的事迹古运河的开发，也是历史上巨大意义的，但也确实耗费大量人力资源。现在看运河听浑浊的不过确实是重要的交通枢纽
扬州古运河,乾隆七下江南六次南巡四次探访的地方究竟哪里迷人[跳跳]，环境没得说江南独有的园林设计，但菜品不值这个价，许多菜都是半成品再加工，菜品八宝葫芦端上来都是冷的，排队排了两个小时，不值得啊，下次再来扬州不会再光顾了。
扬州古运河,扬州古运河风景带其实蛮长的，这次我漫步的主要是东关街历史街区附近的这一段。由于白天游览，没看到漂亮的夜景。沿运河边走走，有很好的绿化带，绿柳拂水，清风徐徐，感觉还是不错的。东关古渡、月照花林，亭台犹在，有的建筑虽然是新建，但整体看来还是不错的。
扬州古运河,一条古运河，半部中国史，值得打卡
扬州古运河,古运河扬州段是整个运河中最古老的一段。现在扬州境内的运河与2000多年前的古邗沟路线大部分吻合，与隋炀帝开凿的运河则完全契合，从瓜洲至宝应全长125公里
扬州古运河,放心来就对了，体验感一级棒，总之非常推荐各位来打卡可惜忘了拍照了，味道很符合我的口味，所以推荐指数5??装修非常有风格，分成小区域，挺隐秘的，感觉蛮不错
扬州古运河,价格还是偏贵
扬州古运河,扬州古运河历史悠久，喜欢历史游客可以去游玩体验一下，在那里可以观赏到历史遗留下来的名胜古迹，空气也新鲜，景色优美，非常不错，值得推荐
扬州古运河,扬州古运河。非常好。扬州当地著名景点之一旅游必到之处打卡拍照取景休闲之地。也是一条古老的河流。相传一直通到很远很远的地方
扬州古运河,好啊。扬州古运河。一条古老的河。也是扬州当地著名景点之一。据说。是扬州盐商最初的梦想起点一条河。非常历史悠久。是个好地方
扬州古运河,京杭大运河扬州段也叫扬州古运河，北至茱萸湾，折向西南经黄金坝后，向南进入扬州城区，直至高F寺，全长约18千米。瘦西湖、天宁寺（重宁寺）、盐商宅园等犹如一颗颗璀璨的明珠，镶嵌在两岸。扬州三湾（宝塔湾、新河湾、三湾子），利用弯折的地形减缓和控制流速，是中国古代河工的杰出创造。
扬州古运河,坐在船上和走在岸边观景的感觉完全不一样，值得推荐。据说晚间亮灯后会更漂亮。
扬州古运河,俗话说烟花三月下扬州，除了去瘦西湖、个园、关东街等地方还可以吃特色早茶，更可以晚上在运河边散散步，古运河的夜景很美
扬州古运河,扬州古运河，等到今年暑假了，我们还会带着孩子一起去看这边的景色，非常的漂亮，很吸引人，顺便去扬州玩一次
扬州古运河,扬州古运河是整个运河中最古老的一段。现在扬州境内的运河与2000多年前的古邗沟路线大部分吻合，与隋炀帝开凿的运河则完全契合。其中，古运河扬州城区段从瓜洲至湾头全长约30公里，构成著名的“扬州三湾”。这一段运河最为古老，可谓历史遗迹星列、人文景观众多。
扬州古运河,非常漂亮，值得一游。忙起来的时候就是流水发船，不确定时间了。人少一点基本上都是整点发船，反正就是非常棒????????????????????????????????????????????????????????????????????????????????????????????????????????????????
扬州古运河,古城中流淌着的千年古运河，古城和古运河就是扬州最宝贵的财富，扬州这座千年古城与古运河相融共生，当你徘徊在古运河畔，漫步在幽深曲折的古巷之间，能让你静心宁神
扬州古运河,扬州古运河有历史文化底蕴，风景优美，空气清新，令人流连忘返，心旷神怡。
扬州古运河,扬州古运河有历史文化底蕴，景色怡人，风景秀丽，趣味性强，不错的选择。
扬州古运河,好好好好，值得一去，介绍的不错，值得一去！好好好好，值得一去，介绍的不错，值得一去！
扬州古运河,京杭大运河扬州段是整个运河中最古老的一段。现在扬州境内的运河与2000多年前的古邗沟路线大部分吻合，与隋炀帝开凿的运河则完全契合，从瓜洲至宝应全长125公里。其中，古运河扬州城区段从瓜洲至湾头全长约30公里，构成著名的“扬州三湾”。这一段运河最为古老，可谓历史遗迹星列、人文景观众多。
扬州古运河,去就是了 欣赏运河两岸的美景 船上还有讲解
扬州古运河,扬州古运河南菜，味道好极了，下次还会再点。赞????赞
扬州古运河,扬州有游船，是沿着运河风光带的，路过几个景区。船上还会有讲解，值得打卡。
扬州古运河,扬州旅游的必打卡景点，古运河两岸绿树成萌，风景如画，又充满了历史的气息
扬州古运河,古运河还不错的啊，主要带着娃一起来逛逛的呀，很不错的呀，简直是太棒了啊
扬州古运河,治理的非常不错，运河两边景色很美，看点颇多，趣味性强，值得一去游览。
扬州古运河,古运河还是很不错的啊，主要带着孩子一起去看看啊，感受感受运河氛围啊
扬州古运河,风景如画，风景优美，周末休闲放松娱乐好去处，带上家人一起来看看吧。
扬州古运河,环境非常独特，风格统一，就喜欢这种有格调的地方
扬州古运河,扬州运河美景，附近还有大运河博物馆，三湾公园！细细品味扬州慢生活！
扬州古运河,这个地方浪漫又文艺，真的很适合来感受氛围，太适合假日放松了装修非常有品味，店面也很好找，停车也方便，交通非常便利，这点夸夸装修非常有品味，店面也很好找，停车也方便，交通非常便利，这点夸夸
扬州古运河,古运河还是很不错的啊，一直流通着呢，简直是太棒了啊，很赞的感觉！
扬州古运河,长江与京杭大运河的交汇处，承载了千年的文化沉淀，值得游览一番
扬州古运河,扬州中国大运河博物馆新唐风建筑融合传统与现代之美，总面积约7.9万平方米，由展馆、内庭院、馆前广场、大运塔和今月桥5部分组成，其中馆、塔、桥相得益彰，登塔可以俯瞰“三湾抵一坝”的历史景观。 来到扬州三湾，远远就看到一个矩形建筑与一座宝塔建筑矗立在运河旁。
扬州古运河,古运河还是挺不错的啊，主要是带着孩子一起来感受下啊，不错呢
扬州古运河,古运河很不错的啊，简直是太赞了，源远流长啊，不错哦，很赞
扬州古运河,来扬州游玩可以选择这里，沿河观光或乘游船体验都是不错的。
扬州古运河,【景色】不错不错哈 【趣味】不错不错哈
扬州古运河,好好好好，值得一去，介绍的不错，景色很美，环境很好！
扬州古运河,好好好好好好好好好好好好好好好好好好好好好好好好好好好好好好好好好好好好好好好好好好好好好好好好好好好好好好好好好好好好好好好好好好
扬州古运河,晚上人气很旺，唱歌、跳舞、乐器、跑步、散步的人很多。
扬州古运河,古运河是扬州的命脉呀，经常有运河游，可以早点参加。
扬州古运河,烟花三月下扬州，看不尽的美景，吃不够的美食 【景色】
扬州古运河,上次单位组织在扬大学习，去了一趟古运河，确实很好。
扬州古运河,扬州古运河夜间灯光带绚丽多彩，晚间散步的人很多！
扬州古运河,到扬州玩，游览一下古运河，特别是夜景真的太美了
扬州古运河,扬州古运河，一条承载了中国人伟大智慧的人工运河
扬州古运河,晚上乘船游览运河景色还是挺美的，值得体验一下
扬州古运河,扬州古运河游览线的重点之一是盐商文化群景区。
扬州古运河,悠久历史运河文化让你体验深厚，值得故地重游
扬州古运河,【景色】ke?yi 【趣味】好 【性价比】可以
扬州古运河,大美扬州，悠久的文化历史，风景很美！！！！
扬州古运河,遥远的地方，悠久的历史，依然青春的生命力。
扬州古运河,古运河是扬州的著名景点，风光秀丽，值得一看
扬州古运河,古运河，作为扬州有名的，特色景点，非常不错
扬州古运河,历史悠久，隋朝至今，见证了几个朝代的兴衰
扬州古运河,趣味性很强，两岸风景秀丽，尽显古城韵味。
扬州古运河,扬州古运河，流淌着2600年的历史长河！
扬州古运河,扬州古运河，绿树成荫，环境优美，值得一去
扬州古运河,运河博物馆是个不错的地方，预约一下就可以
扬州古运河,杨州古运河是联合国教科文组织评为世界历史自然保护遗产名录中国大运河的一段。北至茱萸湾，折向西南经黄金坝后，向南进入苏州城区，直至高F寺，全长约18千米。。弯折的地形减缓和控制流速，是中国古代河工的杰出创造。
扬州古运河,壮丽的工程，古人的智慧，交通非常便利。
扬州古运河,扬州大运河博物馆还是非常不错的一个地方
扬州古运河,有水的地方就有灵气，两岸的景色特别迷人
扬州古运河,很有历史感，在大运河博物馆附近可以坐船
扬州古运河,经常去的地，喜欢去走走看看，挺舒服的
扬州古运河,烟花三月下扬州，又到春天，流连忘返。
扬州古运河,发展的源泉，发达的纽带，历史的传承。
扬州古运河,【景色】可以 【趣味】不错 【性价比】好
扬州古运河,有着悠久历史的文化古城扬州值得你一来
扬州古运河,古运河有蕴涵，现在整治的真是不错。
扬州古运河,去了就赶上发船一分钟没等，运气实在好，夜游运河夜景很漂亮，还有小姐姐讲解，就是船票有点贵，能便宜点就好了，哈哈哈哈
扬州古运河,非常值得一去的地方，适合全家出游。
扬州古运河,非常不错的旅游线路，值得大家去游玩
扬州古运河,河水清澈，两岸建筑整洁，气象万新。
扬州古运河,不错哦，有悠久的文化历史，值得一看
扬州古运河,乘乘游船，逛逛东关街，尝尝淮阳菜。
扬州古运河,千年古运河、悠悠历史情、免费走一走
扬州古运河,风景秀丽，很有古韵味，适合漫游静心
扬州古运河,景美人美画面美，赶紧行动起来吧！
扬州古运河,欢迎来扬州游玩古运河和运河博物馆
扬州古运河,【景色】美 【趣味】强 【性价比】高
扬州古运河,中华文明鼎盛的象征，非常值得一游
扬州古运河,故人西辞黄鹤楼，烟花三月下扬州。
扬州古运河,历史悠久，我跟着古诗词去打卡。
扬州古运河,这是我最喜欢的旅游景点之一哦。
扬州古运河,扬州古运河，历代漕运打通南北，
扬州古运河,风景很优美，历史悠久，环境宜人
扬州古运河,扬州很漂亮，非常值得一去～～～
扬州古运河,挺不错的，古人的智慧，船只不多
扬州古运河,运河，人类历史的长河的璀璨传承
扬州古运河,风景秀丽，杨柳依依，江南水乡。
扬州古运河,很有历史感，夜晚游船景色不错。
扬州古运河,繁华莫过当年，皇帝争先恐后呢！
扬州古运河,非常值得去哦！赶紧行动起来吧！
扬州古运河,一个不错的地方，可以去看看的。
扬州古运河,繁华由此而生，文化由此繁盛呢！
扬州古运河,可以坐坐游船看看运河风景 很赞
扬州古运河,超级开心的旅途 沿路风景优美
扬州古运河,很开心，大概半小时的游程
扬州古运河,不来后悔一阵，来了后悔一辈子，不值，还没有瘦西湖的游船性价比高
扬州古运河,导游讲解用心，沿途风景漂亮，发船时间很快（节假日满员就发船的）
扬州古运河,东关街出了城门就是游船码头，非常方便。坐船在古运河一直往南走，夜景很美，尤其是春天。到南门码头可以选择返程或上岸。和苏州的古运河夜游可以一比。
扬州古运河,扬州古称广陵，多么美好的名字。扬州古运河是连接长江南北的要地。大运河自隋朝建成，扬州古运河段是非常漂亮的，有千年的古风。
扬州古运河,烟花三月下扬州，古运河游船非常值得推荐。 有两个码头一个在便益门广场，一个在南门码头。下午两点以后才有，南门好像是3点开船，整点发船，单程半个小时。 全程有位子，有讲解，讲解员讲的没有很有趣，但内容满满，能一路看到很多运河边的风景名胜。 扬州运河沿岸规划的非常好，四月去一片春风又绿江南岸的景象，游船全程穿过四座桥，各有各的特点，值得休闲欣赏。
扬州古运河,扬州古运河。一条古老的河流。历史悠久。是扬州当地著名的景区之一。扬州古运河无论是白天还是夜晚。散发出的魅力都能使游览打卡拍照的人流连忘返。
扬州古运河,说实话用了这么多线上平台，只有每次在这种草的店，品质都在线，值得信赖的好平台??可惜忘了拍照了，味道很符合我的口味，所以推荐指数5??
扬州古运河,扬州古运河是京杭大运河的扬州段，记载了中国古代文明和智慧，想了解的可以去大运河博物馆看看。
扬州古运河,扬州古运河。一条非常古老的古运河。也是扬州当地著名景点之一。据说可以一直通达到北京。是个非常值得去看看兜兜转转的地方。很好。
扬州古运河,不错不错很不错，真不错啊真不错，真好啊真好，哈哈哈哈哈，非常不错啊非常不错，超级不错啊超级不错，真的想再去很多很多次，哈哈哈
扬州古运河,古运河、瘦喜欢都是运河的一部分，看看瘦西湖的景色看看运河上往来运货船只也是有意义的
扬州古运河,讲解员业务能力奇差无比 工作人员态度也很恶劣 非常不耐烦是一个身材肥胖的盘头的女的 普通话平翘舌音不分并且让人很难理解 整个旅行景点但凡涉及景点和人名字没有一个发清楚音的 烂的要死总体来说就是 让人昏昏欲睡 非常不值得票价
扬州古运河,京杭大运河，依河而行一路向北就到了扬州，江南城市的喧嚣让扬州这个城市充满了活力。
扬州古运河,好啊。扬州古运河。一条古老的护城河。。是扬州当地著名景点之一。白天热闹非凡。晚上夜空中最亮的一条河。非常值得去看看的地方
扬州古运河,在这条运河文化长廊内，沿途有五台胜景、东关古渡、东门遗址、东关滨河广场、便益门广场、古河新韵、普哈丁墓园、吴道台宅第、康山园、卢氏盐商住宅、何园等26个已经开发和尚未开发的景点，众多的历史遗迹和古建小品掩映其间，而乘坐游船则是最佳的观景方式。
扬州古运河,扬州的早茶蛮好吃的，早上水包皮，晚上皮包水说的就是扬州人民的日常生活。一碗热气腾腾的面或者二个包子，开始美妙的一天。
扬州古运河,小美女介绍得非常好，重回故乡，尽管物是人非，但是亲切依旧，愿故乡越来越美！
扬州古运河,有着两千五百年历史的扬州古运河，历史遗迹星列、人文景观众多，是一条色彩斑斓、风情万种、景色各异、内涵丰富的旅游线路
扬州古运河,还是挺值得去看一下的，以为人不会很多，没想到还是挺多的。最好避开假期
扬州古运河,扬州的古运河还是很有名的，隋炀帝烟花三月下扬州所经之道。曾经的喧嚣，现如今的繁华，让人有一种时空交错的感觉。
扬州古运河,感觉挺有意义的，值得一去。带上孩子一起看一看，增加些课外知识。
扬州古运河,扬州古运河是家乡的一条古河，每次回老家都会穿过扬州古运河，给大家带来很便利水上交通，非常值得的交通要道
扬州古运河,来过才知道，看过才了解，世界之大无奇不有，人生就该多游历增加阅历，不然如此短暂的一生会留下遗憾。。。
扬州古运河,地理位置很好，???车还可以停在附近的地库，非常方便！环境整体不错，设施齐全，也很符合防疫标准，不错
扬州古运河,旅行最大的乐趣就是和你爱的人一起做自己想做的事情，取自己想去的地方。游船单程30分钟，五一期间大约半小时一趟，可以看到岸边不少古迹，晚上灯光璀璨，好看。推荐南门遗址码头上船，人较少
扬州古运河,【景色】宜人 【趣味】一般 【性价比】很高
扬州古运河,古运河很有历史特色是古代遗留下来的文化大家都可以去看看玩玩
扬州古运河,来过才知道，看过才了解，世界之大无奇不有，人生就该多游历增加阅历，不然如此短暂的一生会留下遗憾。。
扬州古运河,船开了蛮长时间的，两岸风景不错，特别适合行动不便的老年人
扬州古运河,来过才知道，看过才了解，世界之大无奇不有，人生就该多游历增加阅历，不然如此短暂的一生会留下遗憾。
扬州古运河,两岸风光还是不错，可惜赶上很多在修缮，船上导游的讲解比较细致。携程上买票比现场一张便宜了10元，早点上船能抢到二层的座位，视野比较好。
扬州古运河,扬州古运河位于扬州，历史悠久，在暑假带上小朋友休闲旅行非常值得，空气新鲜，景色优美，性价比高
扬州古运河,作为京杭大运河上个月重要节点，沿着扬州古运河走一走，体会当年运河开通给沿岸人民带来的便利。
扬州古运河,好啊。扬州古运河。非常有特色。也是有故事的一条古运河。也是扬州必到打卡地。历史悠久。非常好
扬州古运河,每个城市都有一个古运河，扬州的古运河也是城市的护城河，蜿蜒曲折的河流仿佛述说着城市的变迁
扬州古运河,代表扬州历史的一条运河，扬州的繁华与此息息相关
扬州古运河,走累了坐穿休息一下挺好的
扬州古运河,静静的河流，很长时间都不知道这就是古运河。
扬州古运河,扬州古运河穿越了扬州市区，两岸绿树成荫，一步一景，古香古色的风景，散步休闲好去处
扬州古运河,看看老祖宗留下的东西，真是时势造英雄啊
扬州古运河,【景色】可以 【趣味】可以 【性价比】可以
扬州古运河,隋唐时代开凿的大运河。经过历代的修缮和发展，今天已经成为重要的内河运输渠道。
扬州古运河,古运河静静的流淌，诉说着历史的记忆。
扬州古运河,扬州运河三湾风景区位于江苏省扬州市邗江区兴扬路，紧靠扬州南部古运河沿岸。以运河三湾及周边湿地风光为依托，因地制宜的配置人文景观及休闲设施而形成的大型生态人文景区。现为世界文化遗产、国家水利风景区。
扬州古运河,环境优美，待客热情，消费门槛低，交通便利，停车方便，是个休闲娱乐的好地方。
扬州古运河,很不错的地方、正好是去看看的时候
扬州古运河,值得去看看，风景不错，不远，很好
扬州古运河,免费的景区，夜色中别有一番风味！
扬州古运河,沿古河道行驶看沿途风景????
扬州古运河,亮化工程非常棒夜景很美值得一看
扬州古运河,亮化工程非常棒夜景很美值得一看
扬州古运河,体味到了烟花三月下扬州的风貌。
扬州古运河,扬州，不错的地方，历史文物名城，古运河非常不错，很有历史，推荐来看看
扬州古运河,古运河很不错的啊，晚上带孩子来看看运河的发展也是挺不错的感受呢！很赞
扬州古运河,我宣布从此我就是你们的自来水，非常满意，希望以后能一直保持高品质??
扬州古运河,还可以的景点。总要来一下的
扬州古运河,好啊。扬州古运河。是扬州的地标之一。打卡地。非常有特色。下次再来。
扬州古运河,古运河很不错的啊，一直源远流长啊，带着孩子来坐坐游船，感受感受下
扬州古运河,去扬州古运河一定要去体验，大家都可以去玩，景色非常优美，趣味十足
扬州古运河,特别推荐坐船游览，运河美景尽收眼底！扬州是个好地方！值得一去！
扬州古运河,古运河真的好美好漂亮的啊，晚上来逛逛真是太赞了，很舒服的感觉呀
扬州古运河,干净卫生，服务很好！
扬州古运河,不清楚为什么选择的人少，可以再进行一些改造，增加些游玩内容。景色还是不错的，因为游客少所以环境幽静。
扬州古运河,营城子 好景点好体验好
扬州古运河,特别感谢工作员，昨天非常耐心地给予专业的指导，默默点个赞??
扬州古运河,第一次体验就觉得非常满意，确实是来放松的好地方，今后会常来的
扬州古运河,中国古代人工建造的内陆运河，是连接北京和上海重要的运输航线。
扬州古运河,古运河边夜景很不错
扬州古运河,非常好，感觉不错。
扬州古运河,讲解小姐姐太厉害了
扬州古运河,悠闲自在，适合遛娃
扬州古运河,古色古香的古运河风景，两岸绿树成荫，风景如画，让人流连忘返
扬州古运河,我的评价小作文来咯，体验完马上就来评价了，超级推荐大家来噢
扬州古运河,古运河很不错的啊，就是很赞，带着孩子一起来看看的啊，很棒哦
扬州古运河,可以的好，好好好
扬州古运河,环境优美，待客热情，消费门槛低，交通便利，停车方便。。 。
扬州古运河,扬州古运河很不错的啊，看着能想到大运河几千年的文化底蕴呀
扬州古运河,附近的景点，没事的时候经常去，喜欢
扬州古运河,环境优美，待客热情，消费门槛低，交通便利，停车方便。。
扬州古运河,大运河很不错的啊，贯穿很多个城市，简直是太棒了魔！爱了
扬州古运河,非常有历史意义了，现在治理的还是很不错的了，可以去看看
扬州古运河,扬州城市不大，瘦西湖，}园何园平山堂，逛东关街，富春茶社吃扬州包子，如果有时间，走一走扬州古运河，晚上坐一坐游船，看看古运河的今天的灿烂之美，扬州宜居城市
扬州古运河,挺棒的旅行！
扬州古运河,不错的选择！
扬州古运河,值得去看一看，水韵江苏，生态之美
扬州古运河,在船上欣赏两岸的风景，别有一番风味。沿途可以看到各种造型独特，带有浓厚的宗教色彩，历史文化，现代造型的桥！除了桥，还有两岸的杨柳，拆除的工厂……体现了扬州人保护环境的决心！
扬州古运河,古运河是我国古代文明的象征，是我国开凿得最早的一段运河，即公元前486年春秋时开的“邗沟”。但随着历史的变迁，逐渐成为我国东部平原地区的水上运输大动脉。
扬州古运河,景色很壮观
扬州古运河,感觉不错！
扬州古运河,环境优美，待客热情，消费槛低，交通便利，停车方便。
扬州古运河,好好好，不错不错，历史悠久，挺好的，哈哈哈，真不错
扬州古运河,环境优美，待客热情，消费门槛低，交通便利，停车方便
扬州古运河,好好好好好好好，值得一去，性价比很高，环境很好！
扬州古运河,扬州古运河一直在开发新的旅游景点，因为要建设一条黄金旅游路线，而且在文学领域也流传着许多著名的诗词，受到人们的称赞，诗选李白用“烟花三月去扬州”来表达对故人的深厚感情。
扬州古运河,扬州古运河古色古香，空气清新，让人感觉繁华似锦
扬州古运河,古运河晚间灯光绚丽。来这里锻炼身体的人特别多！
扬州古运河,景色不错，沿河绿化很好，性价比很高，环境很好！
扬州古运河,扬州有着悠久的古文化历史，很值得来旅游的一座城
扬州古运河,古运河扬州段是整个运河中最古老的一段，可谓历史遗迹星列、人文景观众多。 景色优美，江水碧绿，两岸景色宜人，适合拍照散步休闲活动。
扬州古运河,连接南北的水上运输通道，有水上丝绸之路之称。
扬州古运河,非常有意义，非常有价值，交通方便，出行便利。
扬州古运河,里面很大，要慢慢逛。去之前，要先在网上预约。
扬州古运河,古运河的繁华已看不到，还能看到一丝过去的辉煌
扬州古运河,扬州古运河两岸景色优美，环境卫生干净整洁。
扬州古运河,老家风景，这几年变化真大！回去都要不认识了
扬州古运河,值得一去，性价比很高，环境不错，服务很好！
扬州古运河,一河贯通南北，造福后世子孙，却留千古骂名。
扬州古运河,可以跟不同的人来，跟朋友或者家人，每次都是不一样的体验。有游船可以乘坐，价格不贵，航行时间挺长的。一路上可以观赏各种美景。
扬州古运河,河道干净整洁，悠久的历史，非常值得去看看
扬州古运河,乾隆下江南，走扬州古运河，寻美景美味美人
扬州古运河,【景色】可以 【趣味】不错 【性价比】特别好
扬州古运河,好地方，好吃，好喝，好玩，快走走看看去吧
扬州古运河,还不错，和朋友一起去过一次，有机会会再去
扬州古运河,扬州古运河。 上得龙船， 就开始捣鼓窗户。 当邻人惊喜： 窗户打开了！还以为密闭的。 环顾四周， 果然，开了窗户的， 只此一人。 不享清风，运河上甚？ 返程人少， 坐得上层， 发思古之幽情， 好不惬意。
扬州古运河,整个江苏之行，我想说，我最爱扬州了。扬州又称为广陵，有“扬一益二”之称。烟花三月下扬州，来这里正好。我想说，扬州的交通对于游玩者正好，积极推荐大家租用自行车，这里很方便的，相隔不远就有站点，用支付宝扫一扫就可以使用。从市区骑上自行车，一路骑行到东关古渡，下来就是大运河，来的时候是下午，比较空旷，也有几只游船，给人心旷神怡的感觉，然后就开始歪歪感慨，给小伙伴讲起杨广凿运河下扬州的故事了。
扬州古运河,冬日的扬州不同于其他的季节，风格不一样
扬州古运河,大美扬州，千年古城，悠久历史文化！！！
扬州古运河,流淌了千年的运河，依旧散发着蓬勃的生机
扬州古运河,【景色】优美 【趣味】很强 【性价比】很高
扬州古运河,千年的古运河，流淌着多少可歌可泣的故事
扬州古运河,大运河，历史好，景色好，环境好，夜景还行，价格贵，网上的发船时间与实际有区别
扬州古运河,经过这几年的综合治理，河道干净整洁。
扬州古运河,扬州古运河是历史文化遗产，值得去看看
扬州古运河,很喜欢扬州的小家碧玉，温润婉约的气质
扬州古运河,作为京杭大运河重要一站，很值得来看看
扬州古运河,以前只是听说过，这次来看看，挺不错的
扬州古运河,非常美丽的一个地方，大运河，欢迎大家
扬州古运河,白天和夜晚的景象不一样，可坐游船。
扬州古运河,有着悠久的历史，灿烂的文化。赞??
扬州古运河,非常不错的旅游景点，值得大家去看看
扬州古运河,扬州不仅有瘦西湖，大运河夜景很好。
扬州古运河,古文化历史，不错哦，和孩子一起去的
扬州古运河,扬州是个好地方，风土人情也非常不错
扬州古运河,扬州古运河，烟花三月下扬州的古运河
扬州古运河,运河的终点和尽头，运河的文化与传承
扬州古运河,历史文化遗产保护的重要性，值得期待
扬州古运河,运河孕育了两岸的文明，让江南成为天下富庶之地，培养出了非常多的优秀的历史人物，淮扬菜的发源地。值得去畅享一下。 【景色】很好的 【趣味】很高的 【性价比】更好点
扬州古运河,扬州古运河，生生息息，永不停歇。
扬州古运河,运河博物馆很漂亮，预约就可以进去
扬州古运河,非常值得去哦，很惬意，赶紧行动吧
扬州古运河,运河是人工开的，穿过整个扬州城区
扬州古运河,有着悠久的历史，河两岸干净整洁。
扬州古运河,千秋伟业，造福子孙万代，风景优美
扬州古运河,好评不错好评不错不错不错不错不错
扬州古运河,有名气的，历史悠久，远处看很壮观
扬州古运河,扬州大运河不错，京口瓜洲一水间。
扬州古运河,更适合老人，非周末时间游客也不多，不过年轻人直接河边徒步应该也不错哈。
扬州古运河,在古运河坐游船看看风景真的很赞
扬州古运河,历史悠久，很不错，历史名城。。
扬州古运河,东关古渡的游船值得一座 风景很美
扬州古运河,非常值得去哦，赶紧行动起来吧。
扬州古运河,中国历史悠久，古文明完美的体现
扬州古运河,很不错的地方，值得去看看的啊！
扬州古运河,景色很美空气也不错可以去看一看
扬州古运河,历史悠久的古城扬州，欢迎来参观
扬州古运河,这是京杭大运河保存最完好的一段！ 游览扬州古运河的最佳方式点是坐船夜游！
扬州古运河,因大运河而繁荣的城市 扬一益二
扬州古运河,古人的智慧 很伟大 值得一去哦
扬州古运河,古人的智慧 棒棒哒 绿树成荫哦
扬州古运河,是扬州的一条非常重要的旅游线路。扬州本地人和外地人，都值得去感受一下。游船很大很气派，船内的管理干净整齐。
扬州古运河,壮观 那么的美 绿树掩映很漂亮
扬州古运河,一条有年代的运河，旁边的风景还是不错的。挺值得一去的。也可以带上孩子一起去，了解更多书本上没有的知识。
扬州古运河,大运河在隋唐时期应该叫隋唐大运河，京杭大运河是元朝重修大运河后的叫法。扬州作为沿线重要城市，促进了扬州的繁荣与发展。
扬州古运河,感觉到了古运河没有自己想像的样孑，]有太多的乐趣。
扬州古运河,觉得性价比一般吧，也坐过挺多城市的夜游船，这次的感觉一方面时间不算长，再一个总感觉没什么可看的，不能说景色不好，可能只是个人感觉吧
扬州古运河,景色优美，夜景更好看，如果要返程的话＋20元，两个码头整点发船，只看夜景建议7点或8点的船，9点后就没了，如果往返的话建议6点，白天和夜晚都可以欣赏到
扬州古运河,取票很方便，船很大里面空调很凉快！一路上工作人员耐心的讲解了解了古运河的发展历史。沿途的灯光夜景让古运河更有魅力，使得扬州文化更具特色。感谢携程提供的优惠票价，赞！！！
扬州古运河,作为古代运输交通的重要节点古运河起到了重要作用
扬州古运河,扬州古运河值得一去，夜晚在河边散步感觉很好
扬州古运河,扬州的春天是最美的，在运河边散步非常惬意
扬州古运河,烟花三月下扬州，古运河游船非常值得推荐。 有两个码头一个在便益门广场，一个在南门码头。下午两点以后才有，南门好像是3点开船，整点发船，单程半个小时。 全程有位子，有讲解，讲解员讲的没有很有趣，但内容满满，能一路看到很多运河边的风景名胜。 扬州运河沿岸规划的非常好，四月去一片春风又绿江南岸的景象，游船全程穿过四座桥，各有各的特点，值得休闲欣赏。总体超赞，景色不错，
扬州古运河,扬州，早就预定了没想到会突然降温。乘的是晚上班次，看夜景吧。整条船乘客和船员一样多。船开的很稳，在一些灯光绚丽地方船员会讲解景点的由来和故事。就是不能出船仓照片拍的糊没法好好拍。也不知道能不能去上层天太冷没好意思问。景色不错，性价比高，
扬州古运河,扬州古运河文化公园以水上游览线为中心，是流淌了千年的古运河上一颗散发着迷人光彩的珍珠。古运河作为扬州的母亲河，是扬州文化古韵的重要体现，运河文化和古城文化在这里得到了充分的展示。 　　扬州段运河与2000多年前的古邗沟路线大部分吻合，与隋炀帝开凿的运河则完全契合。特别是扬州城区段从瓜洲至湾头全长约30公里，构成了著名的“扬州三湾”。这一段运河不仅最为古老，而且可谓历史遗迹星列、人文景观众多。如今，重新打造的古运河已经成为人文之河、生态之河、繁华之河、欢乐之河，成为扬州集聚人气的又一美景。
扬州古运河,一下火车已经是傍晚，直奔码头坐船夜游古运河。排队的人真不少，好在船的运力很足，没多久就上了船。在导游带领下，一路欣赏两岸繁华美景，最赞盐商古宅，古朴雅致，夜色掩映下还添了一份神秘，让人心向往之。突然歌声乱入，原来岸边是条酒吧街，心想这不正暗合当年江南声色风流之情景，追古思今，真真儿是人间快活好去处，哈哈哈
扬州古运河,从东关街出来就是扬州古运河，绚丽的灯光映射下还挺好看的。沿着运河边有好几个唱露天卡拉OK的，声音比较嘈杂，河中时不时有游船经过，蛮惬意的。
扬州古运河,没什么好看的，批了层古运河的皮，其实就是跟护城河差不多的规模，沿着河边走走看看也一样，这个价格太贵，完全不值！别买！
扬州古运河,性价比一般，携程买比现场省10元
扬州古运河,运河的开凿对于扬州的发展举足轻重，一座城有了流淌的河水顿时充满了生机。游船夜游，在扬州显得别有情趣，河道宽敞幽静，两岸灯光闪烁，消磨夜生活的时光很不错。
扬州古运河,很不错的地方啊，值得去看看的！
扬州古运河,冬天温度有点低，所以人不多
扬州古运河,说“扬州因运河而生”都不为过，因为运河给扬州带来了发展、文明。
扬州古运河,为什么晚上18：30分购票清水潭度假区已经关闭了还要套着卖？
扬州古运河,***，携程光知道挣钱，瘦西湖票务口那一个服务员被老头、老太太围着，自动售票机都是断电状态，门口戳着多个携程购票的展示牌，无奈。买的套票五个景点（瘦西湖，大明寺，个园，何园，古运河游览），大明寺屁也没有，只有各种要钱，这也没啥，我要骂的是古运河游览。刚看了详解，只是坐船在一段运河上往返。为什么没有中国扬州大运河展览馆的任何提示？我是周五晚上在饭店吃饭，和当地人聊天得知的，中国大运河展览馆虽是免费的，但是绝对值得一去。只是要在公众号预约。可惜今天周五在瘦西湖和大明寺已经很累了，下午直接回酒店休息了。我知道后再在公众号预约的时候，周六日已经约满，周一闭馆。暑期带孩子南下游玩，花钱是花钱的事，花了觉得不值的钱，再花就得思量一下，更重要的是时间。携程缺少行万里路教书育人的社会责任！
扬州古运河,扬州古运河是古代一个重要运输水路！所以扬州那时候就挺繁荣的！
扬州古运河,京杭大运河是世界上最早最长的人工河，全长1700公里，她的肇建始于春秋时期（公元前486年）吴王在杨州开凿的邗沟，邗沟是大运河的起始段，隋代完工，所以说运河杨州段是中国大运河最古老的一段，全长18公里，运河水质清澈，穿城而过，沿岸古迹林立，风土人情独特有趣，唐代南北大运河兴盛，杨州成为四方商贾云集的宝地，鉴真和尚东渡日本就是从杨州出发，康熙乾隆分别六下江南，都经过杨州休息，杨州是名符其实的“运河城”，杨州的繁华与古运河息息相关。
扬州古运河,来去一共能有四十分钟，坐在第一层的船舱里，玻璃窗是固定死的，个人觉得有点闷，视野也不好，没啥意思
扬州古运河,承载着历史
扬州古运河,技术不错
扬州古运河,值得一游
扬州古运河,??????????????????????
扬州古运河,坐大船看杭州夜景，总共50分钟。沿途可以欣赏多座桥梁，灯光夜景。
扬州古运河,用携程几年了，再怎么生气也没有投诉过，这次却非常气愤。在页面上看到有船票，优惠后70块钱就买了四张，提前30分钟在酒店出发，在高德搜了扬州古运河就开车过去了，过去后家人让再确认一下地址，打开携程看了看，发现携程给的景点信息不一样，两者相差20多分钟车程，随后又拨打了景点客服电话，我说我在东关街驿站这边，她问我是80的票还是100多的，我说80的，她说在高桥街，但因为我并不通扬州口音，只听到个高桥，所以就又打开携程，看到携程给的地址也是高桥，但是写的是高桥路，本着相信携程的态度，我还是点开了地址导航，结果到这边的运河三湾后，发现根本没有人，随后又拨打了景点客服电话，连续换了三个人接电话说听不清，我又问了他们在哪，这次听清了，就在东关街附近，我问他们高桥路这边能不能坐，他们说早就关了。我随后拨打了携程客服电话，他们给的态度是我们只给了景点信息，没有给轮渡地点信息… 我只想说既然你们卖的是轮渡的票为什么不给坐船口的地址，给一个不能用的地址？景区客服为什么不能说在东关街附近的驿站或者给个仔细准确的地址。真的无语住（大家一定要看好地址，一个在东关街附近，一个在运河博物馆附近，根本不是一个地方！！！）
扬州古运河,这里的环境保护的不错，有时间可以去看看。
扬州古运河,运河真的非常不错，值得推荐给大家。
扬州古运河,扬州古老的一经典景点，很有历史意义
扬州古运河,点个赞再说吧，值得去看看的啊……
扬州古运河,????????????????
扬州古运河,景色不错，但是游船时间只有半小时不到，不是介绍里说的一个小时，另外解说员的解说像是在背书，还好春天的江南真的美，自己静静欣赏也不错。
扬州古运河,值得一去，不错的地方，赞??赞
扬州古运河,古运河孕育了多少人啊 母亲河！
扬州古运河,古运河在市中心比较近，最好的还是看夜景，当然愿意花60坐船也行，不过我们骑车在古运河旁看夜景也是很有感觉的，我们清明去的，大概要等到晚上六点半左右才开灯。主要还是看夜景，其他也就没啥了。
扬州古运河,非常值得推荐，很好
扬州古运河,晚上的景色很美，晚上灯火辉煌，更显繁华～～晚上在河边散步，两岸柳树随风摆荡，很惬意，偶尔有游船划过，让人回忆古今！有时间可以看一看。
扬州古运河,非常好玩的
扬州古运河,非常好玩的
扬州古运河,非常的开心
扬州古运河,我们这个季节去太舒服了没人，就我们几个，下次还再来
扬州古运河,价格开的高，看点不多，20元一次差不多吧
扬州古运河,性价比高，有趣好玩，景色不错，总体超赞，***
扬州古运河,我们大扬州的确风景很美，沿河两岸随便拍拍都美翻了，很遗憾没买到瓜洲古渡的船票，试运营人很多，幸亏提前在携程上买了，有机会要再去游瓜洲。船上有小姐姐沿途详细的讲解，服务很好，还有小哥哥给小朋友发了救生衣。景色不错，体验很好，值得推荐，
扬州古运河,扬州段古运河是整条古运河最古老的一段，历史遗迹、人文景观众多。古运河水质清澈，穿城而过，沿岸古迹林立，风土人情独特有趣，是扬州一道亮丽的风景线，古运河上20余座形制各异、玲珑别致的桥梁，就是一串熠熠生辉的明珠，各具特色，夜幕降临时在景观灯照耀下美轮美奂，蔚为壮观。
扬州古运河,我们是下午4点到的，正好有船，平时是一个小时一班，清明节的时候是流水发车，所以没有排队，换了票直接上船了，换票也很快。这是单程票，我们是开车来的，需要再返回起点，船票返程是20元/人，公交车回到起点的话很不方便，我们当时是打车高峰，出租车几乎不拉，滴滴快车18元。船上配的导游，讲解的很不错，人工谅解都能跟景点呼应起来。两岸风景非常美，杨柳飘飘，繁花簇簇。我们去的时候天还不黑，灯都没开，回程的时候看到夜景，很美！
扬州古运河,扬州城的古运河晚上可以沿河走走，坐运河游船要买票的，第一次来推荐坐船玩一下。
扬州古运河,扬州古运河应该是古代京杭大运河的一段，现在开发成一个旅游景点，可以乘船夜游。
扬州古运河,不要节假日去  船顶是真的挤 无奈坐在船舱内透过船窗看了看河边风景 河边也有些民俗文化 行驶中会有人讲解介绍 总之还可以吧
扬州古运河,挺好的 就是瓜洲南区没开有点失望
扬州古运河,性价比高，有趣好玩，景色不错，
扬州古运河,景色不错，就是那天有点冷
扬州古运河,没人 就我俩 包船 哈哈哈
扬州古运河,古运河扬州段是整个运河中最古老的一段。现在扬州境内的运河与2000多年前的古邗沟路线大部分吻合，与隋炀帝开凿的运河则完全契合，从瓜洲至宝应全长125公里。其中，古运河扬州城区段从瓜洲至湾头全长约30公里，构成著名的“扬州三湾”。这一段运河最为古老，可谓历史遗迹星列、人文景观众多。
扬州古运河,扬州古运河从瓜洲至宝应全长125公里。这段运河历史遗迹星列、人文景观众多。运河哺育了扬州，是扬州的“根”。 在这段运河的沿岸，有琼花观，高F寺，水斗门，东关古渡，瓜洲古渡锦春园、高F寺行宫御园，个园以及汪氏小苑等，文峰塔。在这条运河线上，留下了历代著名文人墨客大量的诗文名篇。在运河绵延千里的岸线上，扬州与运河的兴衰息息相关。
扬州古运河,“三月，追随春天的脚步，赴一场千里之外的醉美盛宴――扬州古运河”（二十一）， “扬州古运河”，是整个大运河中最古老的一段，历史遗迹星列，人文景观众多，“春风十里扬州路，卷上珠帘总不如”，古老的运河，穿城而过，记录了扬州极尽繁华的辉煌时代，在这个历史的走廊中，沿运河岸边漫步，边走边看，慢慢的阅读扬州，细细的感受扬州，不禁赞叹“美哉扬州”、“秀哉扬州”……。
扬州古运河,烟花三月下扬州，扬州古运河的夜景非常漂亮，扬州古运河的游览区域集中于扬州城区的南门码头到便益门广场码头，这一段沿路有东关街等著名景点，可以步行或坐船游览，晚上运河边亮了灯，沿运河边步行，看盛开的桃花和垂柳与运河两岸的美景交相辉映，非常漂亮，步行累了，在河边的餐厅吃饭、喝茶非常惬意……
扬州古运河,40分钟时间长了点
扬州古运河,在携程定了古运河游船的票，坐的晚上八点那趟，两岸的灯光全都亮了。因为不是旺季，坐船的人并不多，船上有讲解，坐在前面听得比较清楚。坐船看两边的古建筑在灯光下格外美丽。如有时间，夜游古运河是不错的选择！
扬州古运河,白天的古运河很普通，而晚上坐船夜游古运河景色就很美~ 两岸万盏华灯，柳树随风摇摆，一轮明月当空照，好不惬意~ 买的是单程船票：60元~
扬州古运河,杨州 古运河是整个运河中最古老的一段，沿河历史遗迹星列、人文景观众多。随着旅游线路的开发，古运河两侧分布了较多健步道、市民运动设施，夜幕降临时，沿着河堤漫步，是个不错的选择。
扬州古运河,扬州古运河是扬州著名的旅游景点，在这里隋炀帝开创了答应和你给阳赵打完了两千年的繁荣是今日，你就可以看到回话，对扬州这片土地的资料。
扬州古运河,可以天还没暗先乘坐一程，由船上的导游讲解可以看到和了解运河的由来和一些相关知识，再拍些照片留念，天亮时拍照比较好看清楚。运河是6:30左右开沿线的景观灯，那时就是拍5座运河上的桥了，晚上基本都是灯光了
扬州古运河,我们是下午4点到的，正好有船，平时是一个小时一班，清明节的时候是流水发车，所以没有排队，换了票直接上船了，换票也很快。这是单程票，我们是开车来的，需要再返回起点，船票返程是20元/人，公交车回到起点的话很不方便，我们当时是打车高峰，出租车几乎不拉，滴滴快车18元。船上配的导游，讲解的很不错，人工谅解都能跟景点呼应起来。两岸风景非常美，杨柳飘飘，繁花簇簇。我们去的时候天还不黑，灯都没开，回程的时候看到夜景，很美！
扬州古运河,我们是下午4点到的，正好有船，平时是一个小时一班，清明节的时候是流水发车，所以没有排队，换了票直接上船了，换票也很快。这是单程票，我们是开车来的，需要再返回起点，船票返程是20元/人，公交车回到起点的话很不方便，我们当时是打车高峰，出租车几乎不拉，滴滴快车18元。船上配的导游，讲解的很不错，人工谅解都能跟景点呼应起来。两岸风景非常美，杨柳飘飘，繁花簇簇。我们去的时候天还不黑，灯都没开，回程的时候看到夜景，很美！
扬州古运河,我们是下午4点到的，正好有船，平时是一个小时一班，清明节的时候是流水发车，所以没有排队，换了票直接上船了，换票也很快。这是单程票，我们是开车来的，需要再返回起点，船票返程是20元/人，公交车回到起点的话很不方便，我们当时是打车高峰，出租车几乎不拉，滴滴快车18元。船上配的导游，讲解的很不错，人工谅解都能跟景点呼应起来。两岸风景非常美，杨柳飘飘，繁花簇簇。我们去的时候天还不黑，灯都没开，回程的时候看到夜景，很美！
扬州古运河,沿着这样一条有历史感的古运河走着，很有感觉，尤其晚上的夜色非常美丽，扬州的自行车可以租借非常方便，在天气很好的时候也可以骑着车沿古运河转转扬州城也是很好的体验。
扬州古运河,喜欢运河晚上的夜景，五颜六色的灯光，照的河岸非常漂亮。好多游船在河中来玩，给人的感觉，像是穿越到古代。尤其是晚上的时候，在河边吹吹风，感觉一天的烦恼都没有了
扬州古运河,扬州的古运河真的非常有江南风情，早晨迎着朝阳漫步河边，非常惬意！感受大自然感受历史，觉得时间都穿越到了过去，运河让扬州更具江南风情！
扬州古运河,扬州古运河是运河中最古老的一段，是扬州的根。扬州境内运河与2000多年前的古邗沟路线大部吻合，与隋炀帝开凿的运河完全吻合。市区段约30公里，历史遗迹星列齐布，人文景观众多。
扬州古运河,非常值得去，往返票80.单程60.这个季节晚八点坐船最好，来回大概一个小时，两岸景色在灯光映衬下多彩多姿，垂柳，建筑，六座桥梁兼水波涟漪，心旷神怡哈，可惜我去的那天没有。
扬州古运河,扬州古运河，景色秀丽宜人，是扬州漕运历史的象征和见证，晚上去最好，可以看到美丽的夜景，非常漂亮！周边有很多的居民在健身，很休闲！
扬州古运河,五月烟雨蒙蒙唱扬州，古运河夜景不虚此行。往返的船票更实惠，可以看全两岸的景色。正应了那首歌：风吹云动天不动，水推船移岸不移。古运河夜景，美不胜收。
扬州古运河,在东关古渡乘船游运河，是不错的体验。到瓜州古渡公园或是三湾公园，船票也不是很贵。这俩公园都值得花上半天一游。顺便坐船欣赏沿途运河风光，甚好??
扬州古运河,有两个码头，船分去程和回程两种票子，我们买的来回双程的，所以不用换位置，可以看到江岸两边不同的景色，晚上七点开始亮灯，得算好时间。晚上的游客非常多，得排很久的队，尤其是东关街那个码头，比南门码头人更多。游船
扬州古运河,去了扬州还是蛮值得去看的，夜景很漂亮，建议晚7点以后去坐，这样河两边的灯都亮了，很漂亮，我们是下午游完个园，出门就是东关街，晚上吃完饭，然后逛到便宜门码头坐船，网上订票一般都是单程票，只要不是要原路返回，坐单程就够了，东关街一边出来可以坐公交车去便宜门码头，五桥站下，下来就是码头。
扬州古运河,景色不错，但是游船差点不太适合观赏和摄影，坐游船建议晚点，晚上灯光景色更好，提前半小时以上，这样可以在游船上占据相对好的位置，建议在不考虑住宿的前提下便益门码头上船南门下，这样可以在下船之后步行游览一段
扬州古运河,非常适合夜游，景色相当不错，水面也比较好，就是有的地段味道比较难闻。还有就是等船的时候，时间稍微长了点，排队的人也很多，大概有20分钟才排进去，蚊子比较厉害。
扬州古运河,可以吧，可以再好
扬州古运河,杨州古运河值得一去，它毕竟代表了杨州的历史文化，杨州市区内游览观看的古运河4至5公里，为了不污染水质环境以及行船带来的噪音，在杨州外围开了一条河道用于航运。要想去游古运河建议晚上乘船游览最佳。
扬州古运河,夜游古运河，晚上风景不错，还有导游服务解说。来扬州可以乘一下，晚上风景比白天美。票价也合理，携程上订好，直接去码头换票就可以了。
扬州古运河,东关古渡――三湾湿地公园往返游船，途经扬州古运河的精华段，棒棒棒????????????！心动不如行动！
扬州古运河,大美扬州，华灯初上的傍晚时分，更让人流连忘返，当真是人在画中游，随手一拍，已经可以当做明信片了，绿树掩映中的亭台楼阁，白墙黑瓦，亮起的点点灯光，温温暖暖，慢扬州…
扬州古运河,运河夜景很漂亮，值得玩。我建议坐在右手边的座位。五一游客多，买票和上船需要两次排队。携程网购票的，可以在购票窗口旁边的另一个窗口取票（小票），可以节省时间。看来下船的地方（南门）偏僻，因此好多单程的下船之后坐电动三轮走，我不知道他们可以送到哪里？费用多少？我就溜达溜达走在运河边的小路回去，路上有个公交站，从那里去东关街。五一时候晚上不冷不热，在运河边走一走 很舒服的。
扬州古运河,吃完饭，时间快接近9点了，不知道古运河的游船还能坐上吗？ 抱着试一试的心态，打了出租就走，还好万幸，20：55，买了船票登船时候，我们是最后3位游客。 便宜门广场――南门遗址 单程60元，如果需要来回加20元。1.2以下免费，1.2-1.4半价。 扬州段的古运河是隋炀帝下令开凿，至今为止最为古老的一段运河，在这里，有着数不清的历史遗迹，这里见证了古贤人三天三夜也道不完的。沿岸古迹林立，从长江入口处开始，沿岸有瓜洲古渡；全国四大名刹之一的高F寺；盛唐海上丝绸之路的渡口扬子津；鉴真东渡码头宝塔湾；伊斯兰宗教名胜普哈丁墓；以及新老运河的分水岭茱萸湾等。水线再向北延伸可顺游古驿站高邮、莲藕之乡宝应等。 古运河夜晚的风景可谓一绝，这时候，所有的灯光都亮起来了，沧桑的历史痕迹融入到现代的灯火中，在古老与现代的交错气息是你疲累的心沉淀下来了。听着船上的讲解，了解了古运河上一座一座桥的名称和历史。古运河上的桥梁包括：运河北路桥、扬州闸桥、观潮路大桥、江都路大桥、五台山大桥、便益门大桥、解放桥、柳叶桥、徐凝门大桥、跃进桥、渡江桥、通扬桥、三湾大桥、328国道连接线大桥、沪陕高速大桥、华扬大桥、吴州路大桥、高F寺大桥、扬子津生态中心便桥、沿江高等级公路大桥等。最美的是徐凝门桥，桥洞很有特色。 单程终点就是南门遗址码头 古运河的杨柳依依有种诗意的感觉了。微风轻漾的傍晚，沿着运河边散步蛮不错的，五颜六色的霓虹灯将整个河道映射成一道美丽无比的彩虹。 扬州人的生活 古运河两岸的雕塑
扬州古运河,隋代流到今天的古运河，真的是奇迹。望着河水仿佛流着厚重的历史。运河依然宽阔，河水浩浩汤汤，扬州市区的古运河维护得非常好，两岸的景观特别漂亮，晚上灯光璀璨，游船游运河更美。河上吹来的晚风很凉爽，想想一千多年前的人也是在这条河边，吹着同样的风，实在是有意思。
扬州古运河,古运河是扬州的母亲河， 古运河哺育了扬州，是扬州的“根”。古运河静静地流淌，运河之水或温文尔雅，或激情澎湃。河岸两岸的步行道边绿柳夹竹桃郁郁葱葱。夏日蝉早就褪壳爬上高处鸣叫。两岸依河的曲线而建的曲折静穆的亭台楼阁，古寺塔影，奇妙的假山叠嶂让人充满想象。老河，新桥，古朴的建筑风格搭配时尚化的元素。我们从南向北漫步在古运河边。在这样的风景中漫步实在是心情舒畅。
扬州古运河,扬州古运河太古老了，历史源远流长，整个扬州古运河差不多一百多公里，故事太多，讲不完的话，就扬州城区的古运河也有几十公里，景点太多，我在接下来的日子里，一段一段的给大家讲述。今天先讲一段扬州闸这边的古运河，现在这里整理的有如一幅画，风景优美秀丽迷人。
扬州古运河,非常不错，来扬州必游的体验。晚上坐船比白天效果好，夜晚灯光亮了以后很漂亮。尤其是经过几座经典大桥时更是漂亮。携程订票减了5元，非常方便。从便益门码头出发，全程25分钟，终点是南门遗址码头。如果想返回再加20元。非常不错！！
扬州古运河,跋掠晏煊喂旁撕樱古运河扬州段是整个运河中最古老的一段，船上现场解说强过电子讲解，不会错景，古运河不仅水道悠长，一路柳色，而且将里下河地区较大的高宝邵伯湖系于一体，河上风光与湖里景色，交相辉映。晴空下，暮霭中，朝霞之初升，夜月之临空，无论何时驻足河边，或泛舟水上，皆有无限情意，孔子曰：“仁者乐山，智者乐水”。
扬州古运河,跋掠晏煊喂旁撕樱古运河扬州段是整个运河中最古老的一段，船上现场解说强过电子讲解，不会错景，古运河不仅水道悠长，一路柳色，而且将里下河地区较大的高宝邵伯湖系于一体，河上风光与湖里景色，交相辉映。晴空下，暮霭中，朝霞之初升，夜月之临空，无论何时驻足河边，或泛舟水上，皆有无限情意，孔子曰：“仁者乐山，智者乐水”。
扬州古运河,跋掠晏煊喂旁撕樱古运河扬州段是整个运河中最古老的一段，船上现场解说强过电子讲解，不会错景，古运河不仅水道悠长，一路柳色，而且将里下河地区较大的高宝邵伯湖系于一体，河上风光与湖里景色，交相辉映。晴空下，暮霭中，朝霞之初升，夜月之临空，无论何时驻足河边，或泛舟水上，皆有无限情意，孔子曰：“仁者乐山，智者乐水”。
扬州古运河,千年扬州古运河，从邗沟到运河，见证着古城扬州的兴衰变迁。。。半小时的古运河之旅恍如穿越千年，从春秋五霸到炀帝南巡，再到元代之衰，古运河像书卷一般将千年历史展现在眼前。建议随着游船线路：北起夫差庙，经过数座兴替更迭的大桥，欣赏两岸美丽的夜景，经东关古渡、吴道台、跃进桥，直抵何园；看邗沟变迁、古运河历史、漕河兴衰。一言以蔽之：千年扬州，皆浓缩于古运河！
扬州古运河,从住的地方打的去便益门广场，很方便，到那换票也很方便，儿子137CM，买的半价票30元，坐的下午五点的船，今天天气不热，坐的上层的观景台，还有阵阵微风，一路风景优美，通过喇叭里的讲解更了解这运河的历史，
扬州古运河,来扬州旅游当然不能错过夜游古运河，单程60元，来回80元。从便益门码头上船，每到整点发船，单程的游览时间是半小时，在南门码头下船。一路上沿着运河可以看到许多古老的建筑和美丽的灯光，还有好几座各式各样的桥，真的是非常的美呢。游船的时候还有讲解员现场介绍两岸的风土人情，赞。
扬州古运河,史可法祠堂，天宁寺，冶春园，东关街，普哈丁墓园，好多地方都可以看到古运河，还有坐船游运河，最好是在天宁寺那里，因为是乾隆下江南时候上岸的地方。冶春园也在附近，可以吃顿早餐再游船。
扬州古运河,扬州是古运河最古老的一段，运河也是古扬州的根。如今大运河已经成了扬州城一条美丽的玉带，入夜以后，灯光璀璨，人声鼎沸，春风拂面，无论坐上游船或是在岸边散步消食，都会心情舒畅。
扬州古运河,白天游的古运河，人很少。俩岸的景色真心不错，扬州不大，很宜居。可能晚上比较适合游古运河，但我是一个人不大方便晚上出来。总体很赞??
扬州古运河,夜景很美啊性价比高，景色不错，
扬州古运河,值得去 ，我们白天游古运河的，单程票是60元，是到南门遗址下船的。往返是80元。坐船游览真的能体会“烟花4月下扬州，运河岸边柳成莺”
扬州古运河,扬州瘦西湖 千年老桐古扬州， 十里春风西湖瘦。 二十四桥星月夜， 古今文墨多婉秀。 广龙作，2017年7月13日于扬州瘦西湖。
扬州古运河,做船大概半个小时左右，全程有讲解，适合晚上去，配上灯光，美轮美奂。沿途也经过一些比较有特色的风景区，东关街，1912酒吧等。
扬州古运河,要想一下古人的智慧和风范，这里是个好地方。
扬州古运河,一部扬州运河发展史，几乎就是一部古代扬州发展史。在这段运河的沿岸，有世界四大宗教活动的著名场所琼花观；高F寺、普哈丁墓园和天主教堂。在运河绵延千里的岸线上，扬州与运河的兴衰息息相关！
扬州古运河,河岸的夜景真的非常美，每座桥都精心设计了匹配的灯光，更加衬托出桥的伟立和秀美，搭配上简要适时的讲解，更加丰富对扬州古韵的理解，很值得一游！
扬州古运河,整点发船，先到先选座，全程大约30分钟前，运河两岸夜景很美，配合导游讲解，对扬州历史及今日风貌有更全面的认识，推荐来扬州旅游乘坐运河游船。
扬州古运河,可以不去的地方。不管白天还是晚上看看两岸的灯光夜景。因为确实没啥看头。整点发船，游程半小时。本来想多花二十元，来个来回，好心人告知，没必要。到了上岸的地方，打的回去比坐船回去，实惠的多。确实如此。
扬州古运河,我们是晚上在便益门广场上船，坐游船看运河两岸的风景的，六点半两岸亮起彩灯，七点准时开船，坐在二层观看运河两岸风景，美极了，悠悠的晚风拂面，解说员一路讲解，半小时左右到达南门码头
扬州古运河,建议从南门码头坐船到便益门码头，这样人比较少，大部分游客都是从便益门码头上船的。选择六点钟左右的时候坐船，4月份既可以看清楚两岸的建筑风貌，也能在稍晚一点的时候看到灯光的效果。
扬州古运河,晚上如果不去泡温泉，建议可以去古运河坐坐船，单程大约半个小时，整点发船，游船有专门讲解员，一边欣赏一边听讲解，基本可以把这个历史悠久的古城了解的差不多，湖两岸灯光妆扮的非常漂亮
扬州古运河,古运河扬州段是运河中最古老的一段，从隋炀帝至今有上千年的历史。爱细腰，宫女多饿死，柳条腰也是由此而来。春风十里扬州路，卷上珠帘总不如。
扬州古运河,很愉快的旅程
扬州古运河,性价比高，总体超赞，有趣好玩，景色不错，值得给大家推荐一下，上有天堂，下有苏杭，最美美不过扬州，和亲朋好友一起玩耍，是非常值得推荐的
扬州古运河,扬州 古运河是整个运河中最古老的一段，沿河历史遗迹星列、人文景观众多。随着旅游线路的开发，古运河两侧分布了较多健步道、市民运动设施，夜幕降临时，沿着河堤漫步，是个不错的选择。
扬州古运河,好好看看，缅怀一下古人的精神。
扬州古运河,坐着游船游览了运河夜景，船上有讲解一路给游客讲解运河两岸的古建筑和风景，一次不错的体验。单程到头下船后黑漆漆的不太便利，问过路人才知道走到大路就可以了
扬州古运河,有趣好玩，景色不错，性价比高，周末带孩子玩，是个很好的体验，孩子很喜欢，携程网订票方便，简单快捷，***，性价比高，多次使用了
扬州古运河,古运河扬州段是整个运河中最古老的一段。与隋炀帝开凿的运河则完全契合，构成著名的“扬州三湾”。这一段运河最为古老，可谓历史遗迹星列、人文景观众多。风景特别的美，景色迷人。
扬州古运河,携程订的票，到便宜坊码头售票处扫二维码给你开张票，再上船，整点发船或者坐满了发船，全程6公里，7点去正好天也黑了，沿途的风景不错，到南门遗址下船，半个小时，夜景值得一看
扬州古运河,历史的长河，生命的长河，中华民族源远流长的歌 。
扬州古运河,一定要选择夜游，美景、桥梁，搭配精心设计的各种灯光，组成了扬州的夜景秀，美不胜收，非常值得体验游览，船票相比来说性价比很高滴！
扬州古运河,古运河的文化，古运河的历史，古运河的桥梁，古运河的风景。值得一游！
扬州古运河,流淌着2500年的故事、充满了深厚的文化底蕴
扬州古运河,看看历史的故事、瞧瞧现代的灯光、古今交相辉映
扬州古运河,傍晚去坐了古运河画舫，有讲解，下次体验下夜游
扬州古运河,扬州不仅有美丽的瘦西湖，还有悠久的大运河。
扬州古运河,坐在游船的甲板上，吹着微微的凉风，慢慢欣赏两岸的夜景，五光十色，精彩无限！从便益门广场到南门遗址码头，半个小时就能走完。夜景真的太美了！ 【景色】 【趣味】 【性价比】
扬州古运河,性价比高，总体超赞，景色不错，有趣好玩，
扬州古运河,豪华船票豪华在哪完全没搞明白，反正就是东关古渡上然后再回来，离酒店近。夜景很不错，温度适宜，除了站了一个小时没什么不好。
扬州古运河,五一节特意带小朋友感受一下夜游古运河。人好多，排队排了快一个小时。好在加大了运力，船一艘接着一艘，很有期望的等待着我们的那艘船！运河两边灯光、小品都做挺不错的，再加上讲解，确实蛮有味道！不错，良心推荐！
扬州古运河,杨州古运河是运河中最古老的一段，全长约30公里，可谓历史遗迹星列、人文景观众多。 而这儿的夜景更是色彩斑斓、风情万种。当你漫步在运河畔，清风拂柳，人影婆娑，远处的古寺塔影若隐若现，夜渡的游船缓缓前行，恰逢此时LED大屏幕映出一位颔首抚琴的曼妙女子、低吟浅唱的画面，此情此景仿佛穿越到了极尽繁华的广陵都…… 喜欢这儿的水文化，它承载了扬州的发展史，孕育了这里瑰丽的文化和灵秀的风光！
扬州古运河,体验很差真的太差了
扬州古运河,大运河是历史的见证，值得一去，夜景不错
扬州古运河,很壮观的感觉，人工挖出来的，无法想象
扬州古运河,中国伟大的创造奇迹，智慧精神千古流传
扬州古运河,这是个好地方，恍惚间仿佛回到了从前。
扬州古运河,晚上很漂亮。游船很美。古人的智慧。
扬州古运河,扬州古运河位于扬州城区的南门码头到便益门广场码头，这一段沿路有很多著名景点，在在夕阳下坐船游览，两岸有很好的绿化带，绿柳拂水，就像古诗词中描绘的江南风光。
扬州古运河,历史悠久古运河 晚上在河边散步挺好
扬州古运河,非常漂亮的观光带，两岸景色很美。
扬州古运河,百年大业，见证中国历史伟大之作！
扬州古运河,扬州是个好地方好地方，值得来看看
扬州古运河,建议晚上去，从下午两点开始到九点整点开船。建议提前至少半小时到码头，能在船上占据比较好的位置，景色不错，但是游船有些问题，不适合拍照多数时候船头船尾正对特色桥梁建筑，游船头尾的船楼影响观看拍照
扬州古运河,非常不错哦，风景优美，空气清新
扬州古运河,船是新购买的，而且每个船都不一样，各有特色……景色不错，有趣好玩，总体超赞，性价比高，
扬州古运河,值得一游，晚上的古运河游船比较美 所经过的桥是一道道景观有工作人员详细的讲解。运河两岸的霓虹灯映射在水中更加好看，可以从南码头上船在便益门下船。
扬州古运河,坐船游览即可，傍晚，由于冬天不是旺季，人很少，5点半开船，天太冷可以凭票先上船，没有空调。到时两岸彩灯一下打开，运河两岸风景优美。船上有介绍。
扬州古运河,有趣好玩，带老人和孩子一起坐船游玩，还可以听船上的讲解，景色也不错，会经过五座桥，值得一游景色不错，
扬州古运河,小时候在历史书上面最吸引我的就是隋炀帝建京杭大运河，这个在当时来说可以说是世界级的工程，而且也是对于整个江南地区，加上偏北方地区的一个非常好的融合，第一段其实并不是特别的长，最古老的那一段，其实就是在扬州这边，现在的扬州古运河，虽然没有以前的风貌了，但是依然保留着当时的水道。
扬州古运河,从东关街的城门走出来，马路对面就是扬州古运河了。白天其实没什么看头，不过天气不好加上是工作日，几乎没人，走走很舒服。不过因为气温低，我穿得又少，走了一会儿就撑不住了。没有坐船夜游有点可惜，主要是怕老爸累着，看下次有机会吧。
扬州古运河,"烟花三月下扬州，到了扬州，买了5个景点的联票，先到益门码头，游览了古运河,两岸风光旖旎，江南水乡尽收眼底，半个小时游完，到南门遗址码头上岸。"
扬州古运河,扬州东关街夜晚将至，游客蜂拥而至，人声鼎沸，喧嚣嘈杂，速速逃离，不远处便是扬州古运河，吹吹风，透透气。 隋炀帝时期开辟京杭大运河，贯穿了中国南北，水路四通八达。扬州古运河是江南举足轻重的一段。千年往事诉不尽，斜晖脉脉水悠悠。 漫步扬州古运河，人烟寥寥，草木繁盛，凉风阵阵，舒畅呼吸。附近的居民在凉亭里打牌下棋，谈笑风生，悠闲自得，扬州古运河，“前人栽树，后人乘凉”造福的终究是百姓。 夕阳西下，华灯初上。古运河热闹的夜景即将上映。繁华总是望眼欲穿，我却独爱此刻清冷寂寥。挥手轻轻告别，回首再见一眼“斜晖脉脉水悠悠”。
扬州古运河,第一次去扬州，先去了东关街历史古街，在外面就能看到扬州的古运河。这条运河实在是太有名了，李家修的杨家的史书，隋炀帝的评价不可信的太多，再怎么也无法磨灭这条运河开凿的意义，沟通南北，这也进一步加速了华夏南北的融合，太了不起了。
扬州古运河,来扬州一定要看看古运河，漫步在古运河边可感受到古运河深厚的历史韵味，扬州古运河是整个运河中最古老的一段，可谓历史遗迹、人文景观众多。在这条运河线上，留下了历代著名文人墨客大量的诗文名篇，描绘了古代扬州曾经有过的极尽繁华的辉煌时代，而这一切无不与运河一脉相承，在运河绵延千里的岸线上，扬州与运河的兴衰息息相关。
扬州古运河,北边终点，便宜门码头附近的梅岭东路上有免费停车位，比较方便。走到码头也就3-5分钟。码头客船是整点开船，晚上7.20河道两边景观灯光开放，所以8点和9点两班船比较热门，沿途30分钟左右。凭返程票到了终点，可以游玩一圈或吃个饭再买返程票，只需要20元/人。
扬州古运河,古运河渡口取票非常方便，扫二维码就出票了。游船好大里面空调非常凉爽。古运河景色很美，灯光绚丽美轮美奂。讲解员的细致说明更加了解了扬州文化！
扬州古运河,夜景一般 河边未见垃圾桶 但卫生倒蛮好 有些当地人唱戏娱乐休闲
扬州古运河,我们刚上船就亮灯了，夜景很漂亮，前面一组登船的就没看到哈哈哈，两边景***很美，等的时间也不长。
扬州古运河,夜景游船很漂亮，单程大概30分钟，加了返程票，一共12公里，真的很漂亮，可惜没有专业设备，船有的比较快，画面抖抖的
扬州古运河,白天太热了，晚上去河边散步，看夜景，还可坐船游河。夜色很美，历史感很强。
扬州古运河,夜游古运河，晚上风景不错，还有导游服务解说。来扬州可以乘一下，晚上风景比白天美。票价也合理，携程上订好，直接去码头换票就可以了。
扬州古运河,好开心，夜景不错，我们晚上六点半到那里，买了单程票，有幸乘坐了类似龙船造型的游船，共有造型奇特的六座桥，导游一一介绍的很清楚
扬州古运河,下了公交车，过街就是便益门码头，坐船的人不多，体验不错，船行约半个小时到达南门码头。京杭大运河沿途风景优美，船上有视频和电子解说，如果能换成解说员，就更温馨完美了。
扬州古运河,白天去的扬州古运河，风日晴和，旷然幽寂，两岸杨柳如线，不时可以看到古迹，白天船上游客不多，船也开得十分平稳，适合略作小s。
扬州古运河,扬州挺美丽的城市，古运河更是一大特色，夜游运河，看看夜景挺好的，很喜欢这种别致的城市，挺美的，挺好的，很喜欢扬州这个城市！
扬州古运河,景色很美哦！夜景应该更美吧！跟小朋友都是第一次坐船，很激动！哈哈哈哈。这几天一直在关注到瓜洲的船票，希望能有机会去一下！
扬州古运河,携程上订票比现场买便宜10元。发船时间比正常的晚了几分钟，因为要等一批大爷大妈。11月份已经是旅游淡季了，游客不是很多。但解说员的解说相当不错，不过解说员的解说和船上的视频解说同时进行……不如只听一个。船票是单程的，终点到南门遗址码头，这个在携程的预定页面上没说清楚。而且如果有去程票，可以加20元买回程票。买了回程票，乘客就我一个人，简直就是我的专船啊！工作人员素质也不错，抽烟的时候去船外抽。相比之下，颐和园有的游船司机是在开船的时候抽烟的。
扬州古运河,强烈建议在晚上6点以后乘船，晚上7点以后返程。夜晚的古运河美不胜收!天上人间，古今交错！9月末坐船凉风习习，要多穿件外套哦。回程在便宜广场下船，沿古运河南向漫行，一路上远避车水马龙，居民l休闲娱乐祥和安逸，游客静心赏月看景，很是惬意，在东关渡头拾级而上，在人流正好的时候，漫不经心到东关街一游，反倒收获满满，完美！遗憾也是有的，这时候的古运河没有游西湖的行程，具说以前夏季时有！希望后来扬州的游人骚客能有更好的体验！
扬州古运河,我是在南门码头取票，很方便，报上电话号码就可以了。比直接买便宜5元。单程票。在南门码头上船的游客较少。到便益门码头上岸。但游船有个缺点，开的太快，似乎很着急要把游客送到目的地，以致于手机拍的夜景照片都不清晰，另外不能上船头拍照。
扬州古运河,古运河的杨柳依依有种诗意的感觉了。微风轻漾的傍晚，沿着运河边散步蛮不错的，触目可见的绿色，还有不经意的小花花。下午四点就有那种游船开了，晚上的时候两边会依次亮起灯光，桥的地方轮廓显示在夜色里，别有韵味。
扬州古运河,当年隋炀帝下扬州，乾隆下江南，都是通过大运河。古运河扬州段是整个运河中最古老的一段。现在扬州境内的运河与2000多年前的古邗沟路线大部分吻合，与隋炀帝开凿的运河则完全契合，从瓜洲至宝应全长125公里。其中，古运河扬州城区段从瓜洲至湾头全长约30公里，构成著名的“扬州三湾”。这一段运河最为古老，可谓历史遗迹星列、人文景观众多。夜景也特别的美！只是船太快了，太快了，太快了！！！
扬州古运河,扬州古运河，乘的人挺多的，宝宝也特别期待坐这个船，旺季人满就发船，我还跟老公说在古代这是皇帝和***才能做的龙船哦～最近在看一篇古代小说，沉迷了～哈哈哈，解说一般般吧，就想背课文，不过景色还可以啦，值回票价，出门旅游就是玩了也许后悔一阵子，不玩后悔一辈子，哈哈哈，从东关街坐电动三轮车去的，四大一小20元，老公说三轮车有着汽车的速度也有着电瓶车的“***”，跟开车的阿姨聊天也挺有趣的，感受一下扬州本地人的生活～阿姨白天踩黄包车，晚上拉电频车～回来也是坐个大哥的电瓶车，大哥还纠正我的冶春（我看成治春了…）哈哈，被老公嘲笑没文化了，运河最好晚上来看，也许能感受到曾经的繁华～我抱着宝宝坐在窗边，看到岸上有人在对着我们的船拍照，跟宝宝说，我们在船上看风景，看风景的人在岸上看你～宝宝似懂非懂～
扬州古运河,夜游古运河，体验不错。欣赏沿岸风光，了解历史，了解扬州。从南门码头上船，人不多，便益门码头下船，步行至东关街1.1公里。
扬州古运河,之前我已夜游过杭州、苏州的古运河，这次当然不能错过扬州的运河游了。相比而言，扬州运河游的航程比苏、杭的都要短，只有6公里，且河两岸的名胜古迹也较少，但如果时间充裕，坐在船上边吹着微风边欣赏着夜景风光，也是美事一桩！建议上游船的二楼！别的船我不清楚，反正我坐的那艘二楼是开放式的，没有玻璃遮挡，更方便观赏和拍照。另外，如果想多游一轮，可以买回程票，只用再加20元即可。回程时游客特别少，想拍照可以拍个够。
扬州古运河,购票方便，到码头取票即可。从东关街东头的东关古渡往北走20分钟到达起点便益门码头，船沿着古运河一路往南，到何园附近码头上岸。单程约半小时。夜游比较漂亮。讲解是放片子，基本与船行所到位置吻合，倒也应景，在夜游的同时看看其他时候的日间景色也不错。从上岸处沿河往北走，一路上晚上8点多也车来车往，比较安全且不会走错，适合外地人行走。返回东关古渡差不多也是二十几分钟。天气虽冷，但游船不透风，不会冻着。沿途经过的不少古迹值得有时间慢慢品味。扬州，期待下次再来。
扬州古运河,总体来说还算挺不错，适合一家老小，年轻人现在有新方式可以晚上踩单车游览。如果来扬州看风景的话还是不错，但是游过上海的黄浦江，看过广州的珠江，游过桂林的漓江，游过三峡之后觉得，好像游船也就这样了，如果是一家老小来的话自由行可以座一下，票不贵，就当是走累了找个地方歇歇脚，介意夜游，大概六点到七点左右，不会太热，还能看到落霞，天色也很漂亮。扬州总体生活还是很慢，吃的很多，生活挺闲适。
扬州古运河,古运河游览单程时间挺长，因为选择的是晚间八点的时段，沿途风景自然以灯光亮化为主，也能分辨出沿古运河的扬州古建筑群和城市园林，很美，又有徽派特色，园林或称城市街心广场花园与历史文化相融合，设计用了心！运船有播放古运河的故事和扬州历史，可惜被游人及船发动机声音盖住了，总之，值得一看！
扬州古运河,非常值得一看。这里空气很清新，旁边有健身器材和单车，还有十多个秋千。沿着河边散散步，能感到当年隋炀帝的大气和霸气十足啊！
扬州古运河,构成一条色彩斑斓、风情万种、景色各异、内涵丰富的旅游线路。更为令人称奇的是，作为一条新开发的旅游线，与长江风情旅游线相呼应、相连接，从长江与运河交界的古镇瓜洲上船，经过古运河到东关古渡换船，就能非常自然地与我市已经形成多年的乾隆水上游览线自然连接，这就完全做足了“水”的文章，突出了古城扬州历史上“车马少于船”的特色，使游客感受“水”的经济、“水”的文化、“水”的生活方式。 建议：夜游游船.五座观景桥每到夜晚.华灯初上.彩灯印射在水面上.游船行驶荡起的涟漪.波光粼粼.十分的绚丽.
扬州古运河,游船从南门遗址码头到便益门码头，行程大约半小时，沿途会介绍一些古运河两旁的景点人文。整体波澜不惊，没有印象特别深刻的记忆点，体验中规中矩，晚上没事可以去坐坐。
扬州古运河,挺好的，二维码换票方便！坐上船后发现还有二层的船 ，想坐船的朋友可以等下二层的船坐，第二层可以在甲方上拍照看风景，特别好
扬州古运河,大运河夜游还可以的，比白天好看，天气热，建议坐晚上9点那班比较凉快，我们买的单程票，到了打车回酒店，游船时间比较短。
扬州古运河,我是逛完东关街去的便宜门码头，门票60，晚上19点运河两岸灯亮了才开船，夜景很美，开到南码头大约30分钟。值得一看。
扬州古运河,第二次来扬州，因为2013年来过一次，时间比较匆忙，当时就想下次一定再来！这次带着妈妈和姨娘(姨娘是我好不容易才从家乡哄来陪我***)，两位长辈很开心，特别是妈妈还说也想再来扬州住上一段时间慢慢玩！
扬州古运河,晚上六点五十的时候上船的 上船没几分钟两岸的灯就亮了 很有感觉 扬州是运河明珠 还是值得一游的 个人认为亮灯以后坐船比较好
扬州古运河,古运河历史悠久，两岸风景如画。
扬州古运河,作为土生土长的扬州人，生平第一次坐古运河游船，秋天的风吹着很舒服，沿河灯光很漂亮～运气好正好坐了双层的游船！
扬州古运河,非常好，去的时候没人，我和老公包船游啦，下雪前去的太冷了，还好龙船有暖气非常好，两岸夜景特别美，很值得的一游
扬州古运河,两岸杨柳依依，还有很多古香古色的建筑，感觉到浓厚的古江南气息，很棒!
扬州古运河,感觉运河是一项伟大的发明，有了运河商业才会流通起来，古代的商品也会更加的畅销，现在运河看上去也非常的漂亮，水质非常的干净清澈。
扬州古运河,去的时侯乘船，下午6点，天还没黑，景观一般，行程一半，两岸有了灯光，还是不错的，回程沿运河徒步到起点，一路照明不足，体验甚差，不过，拍了几张夜景，还不e，算是收获吧！
扬州古运河,非常开心这次奇妙的旅行，我座在龙船视野开阔，水特别旁边的景点非常漂亮晚上在灯的照影下非梦幻像是一副水墨画!
扬州古运河,本来计划晚上去游运河的，结果时间提早了，一条船上，只有我们两个人。游了半个小时，还有影片观看，感觉还不错！白天天气很热，结果到了傍晚忽然刮风下雨，也幸好我们游河提前，不至于冻得太厉害！
扬州古运河,性价比高，，有趣好玩，总体超赞，景色不错，
扬州古运河,不坐船上游，不算到扬州。四月的扬州很美，蔼蔼暮色，晚风习习，像个温婉娇羞的女子，等你去揭开她神秘的面纱
扬州古运河,可以半日游，亦可一日游，不过现在运河博物馆开了，一日游更合适
扬州古运河,有趣好玩，性价比高，总体超赞，景色不错，携程的服务态度挺好的
扬州古运河,携程的信息非常不清楚，按照导航过去，是另一个驳船的地方，需要再往回走15分钟，过来以后才发现船要等将近40多分钟才能开，船上没有任何的娱乐，没有饮料，就是坐在一起，来回45分钟。孩子们觉得非常无聊，连80岁的老人也觉得没意思。唉，坑之旅
扬州古运河,特别划算吧，比在门口直接购票优惠一些，省了不少银子，超级开心，感谢携程！现在是淡季，人不是很多，舒服
扬州古运河,在东关街逛，下起了大雨，想直接去坐游船算了，结果犯了一次傻，乘了出租车去南门遗址码头??，其实东关街走出来理便易门码头很近的，下雨天坐上了出租车就不想下来，到南门码头还太早，只好去旁边酒店坐一会后来乘了晚上6点的船，所以没有看到据说很美的夜景，不过今天下了大雨，一艘船上就我们夫妻两人，算是包船了吧！两岸景色还是不错的，总体觉得扬州的绿化真是不错，风光很美！
扬州古运河,挺好的，夜景很美，讲解的很详细，八点上船，八点五十下船，自己加了返程票，二十元，因为酒店就在码头旁边
扬州古运河,很好 游船很漂亮 晚上的灯光很美 很值得游玩 下次还会再来的 扬州是个很适合生活的城市 节奏让人特别舒服 宜居城市
扬州古运河,因为古代京杭大运河远近有名，听说这里是丹顶鹤比较重要的一站，都来到东关街了，前面便是古代大运河，怎么着都要来看一下。夜晚的大运河特别美。水一直在浮动。大运河旁边没看到有护栏，感觉挺危险的，就没看下去。
扬州古运河,适合没玩过的人玩一次，单程就行，下来直接走人。没什么特别的景色，傍晚最好。排队的人太多，从排队到上船得20多分钟到40分钟，这季节蚊子不少。
扬州古运河,夜景不错啊，推荐。
扬州古运河,很不错的 在携程买价格有优惠 性价比很高 出票也很快 兑换很方便 
扬州古运河,扬州的古运河段是古运河中最古老的一段，也是保存完好的一段，如果有时间，可以看看白天的运河，再看看晚上灿烂的运河，船游运河，或沿河悠悠地散步
扬州古运河,很不错的 在携程买价格有优惠 性价比很高 出票也很快 兑换很方便
扬州古运河,从东关街一直走到东关古渡，就可以来到古运河的区域，这边是一直延伸下去的，所以可以说是贯穿了整个扬州的老城区，有兴趣的话，可以在夜晚乘船游一下运河，夜晚两岸的灯光也是特别的漂亮。
扬州古运河,我的行程和轻松悠闲，于是就在运河畔像个儿童似的久久看着往来的驳船，幻想着自己也能够站在驳船的船头那该有多威风啊....津津有味的也不烦。
扬州古运河,夜游应该也不错
扬州古运河,运河景色其实略有些单调，行程半个小时左右，所以60的船票价格偏高。当然说了这些也并不影响我的推荐，游运河有种置于历史中的苍凉，许许多多的情绪和念头涌上来，感怀万般便是这样吧。
扬州古运河,从便宜门码头上船，整点开，运行30分钟，路过大概4个桥：跃进桥、解放桥等，两岸灯光景色宜人，坐在船上轻风吹过，春天的气息让人醉如画中。
扬州古运河,京杭大运河是世界上最长、最古老的运河。古运河扬州段是古运河最古老的一段，扬州也是古运河遗迹最多的城市。值得一游！听当地人说晚上夜景好！
扬州古运河,很好，非常好
扬州古运河,古运河游船值得做，两岸景色不错，讲解历史学习，非常好
扬州古运河,夜游古运河，只有坐上去，才知道为什么那么多人会推荐。看看扬州的历史发展。啊啊啊，好想在这个城市定居啊，感觉好舒服。随便拍拍都是风景。
扬州古运河,傍晚站在船头看云转云舒、鸟儿高空翱翔，很畅快！推荐
扬州古运河,夜景特别美
扬州古运河,夜景的运河还是很值得去看一看的，两侧景色挺漂亮，5月份看夜景得8点的船，每一小时一班船，最好早点去，这样可以选择一个看景的好位置。
扬州古运河,夜景还是不错的，两旁边的灯光做的很亮，全程25分钟，一会就过去了，有导游讲解，吹吹风很舒服
扬州古运河,特别好。景色不错，总体超赞，性价比高，有趣好玩，
扬州古运河,很好，很不错！！！很好，很不错！！！景色不错，
扬州古运河,扬州段是整个运河中最古老的一段。现在扬州境内的运河与2000多年前的古邗沟路线大部分吻合，与隋炀帝开凿的运河则完全契合，从瓜洲至宝应全长125公里
扬州古运河,扬州古运河是大运河最古老的一段，扬州古运河水质清澈，沿岸有很多名胜古迹，风土人情独特有趣，夜幕降临，沿着河堤漫步，灯火密布，夜景宜人，从东关古街走到尽头就可到达运河。
扬州古运河,整点发船，六公里半小时，灯光还是蛮好看的。本来想加20返程，可惜要再等半小时，也就是整点发船，索性下船逛逛，再打车回原地取自己的车啦，扬州出租还是蛮便宜的，起步价9元
扬州古运河,每小时一班，8点坐船的。风景不错。其实往返景点60，从携程预订单程50。早知现场买往返的。有人讲解两岸风景。阴雨天，也不错的。
扬州古运河,夜景阑珊，特别是河上几座桥灯光辉映下各不相同
扬州古运河,夜游古运河强烈推荐！！！和白天看到的感觉完全不一样！价格又不高。
扬州古运河,沿着东关街往东走，便是古运河了，古运河扬州段是整个运河中最古老的一段。一部扬州运河的发展史，几乎就是一部古代扬州的发展史。
扬州古运河,幽幽古运河，承载千年历史，观两岸建筑仿佛走进了历史画卷。夜的降临，河水也静谧了……
扬州古运河,船在水中走，景在两岸移。迫不及待用手机拍下美景，怕错过每一个美的瞬间。大美古运河！
扬州古运河,19:00的好像能看到亮灯 船上二层景色好
扬州古运河,景色不错，有趣好玩，总体超赞，性价比高，
扬州古运河,总体超赞，景色不错，有趣好玩，性价比高，
扬州古运河,景色不错，性价比高，有趣好玩，总体超赞，
扬州古运河,古运河的开凿始于春秋时期。各诸侯国为发展和外界的交往，在所控制的区域内开凿运河，沟通自然水系。京杭大运河是世界上开凿最早、里程最长、工程最大的运河，它和万里长城是古代中国劳动人民创造的两项伟大工程，闻名于全世界。古运河北起北京（涿郡），南到杭州（余杭），全长约1764公里，开凿到现在已有786年的历史。目前通航里程只剩883公里。京杭运河对中国南北地区之间的经济、文化发展与交流，特别是对沿线地区工农业经济的发展和城镇的兴起均起了巨大作用。
扬州古运河,扬州景点其实并不多，如果时间充裕，古运河是一个很好的休闲放松项目，东关历史文化街区出来左转不远处即可看到码头，听一听扬州的历史文化讲解，我们的讲解员解说的非常娴熟，所有内容都介绍过后船还没靠岸，担心冷场还给我们唱了段扬州小曲，不错的体验！你
扬州古运河,在网上看了攻略，说是晚上游玩比较好，我们从东关街出来步行到便宜门登船口，不远也刚好散步消食，走到那里快七点了，灯大概六点四十亮起来，果然有了灯的古运河很漂亮。进船后，全程大概半小时，有讲解，路上风景也非常漂亮，是一个值得游玩的地方！
扬州古运河,个人觉得比无锡的古运河游略逊一筹，主要是无锡的沿河有很多灯光小品介绍当地的人文、历史等，视觉和内涵都有了，这里的就稍微单调了点。路过某景区会介绍一下，但没有结合灯光所以不直观。优点是有配导演全程人工介绍的，无锡是放的录音不够亲切，而且有时候和景点间有时间差
扬州古运河,扬州大学就在附近，环境古朴优雅，后悔没有进入参观。护城河、古运河两岸树木花草环绕，适合散步休闲。下午逛“东圈门”古民居区，这里是品味扬州百姓生活的好去处，生活气息浓厚。我就找到了一家在大城市早已消失了的传统理发店，只花4元就能享受一次传统服务了。
扬州古运河,非常值得体验很好希望长期开通景色不错，
扬州古运河,坐错船了，没体验上也不知道到底怎么样
扬州古运河,南门遗址上船人比较少，全程30分钟
扬州古运河,六点出发，是白天的景色，七点回程，就是夜景了！回程票20，还是很值得看看的
扬州古运河,真舒服 不算很长 但是两岸景***挺好
扬州古运河,马马虎虎，类似的游船还是很多de
扬州古运河,方便快捷，使用简便，不错，超赞！
扬州古运河,看起来不错，大家来看咯咯咯，不错
扬州古运河,大运河我个人建议还是日游吧 晚上在介绍时都无法看清岸边的景色 虽然灯光一路上布置得还是蛮好的 但是确实太暗了 无法辨别清
扬州古运河,景色不错，性价比高，有趣好玩，
扬州古运河,欣赏扬州水岸夜晚风光的好方法，发现不一样的扬州城。
扬州古运河,没啥特别的，沿途两岸缺乏风景。
扬州古运河,游走在运河边，感受扬州美丽的风景，遗憾就是时间太短
扬州古运河,各位亲，若是扬州旅游，务必参加大运河夜游船，值了！
扬州古运河,晚上七点登上的船，沿途景观特别的漂亮，灯光绚烂，而且船上还会有讲解，沿途介绍。大概行程30分钟，还是挺尽兴的。
扬州古运河,就是时间短了点 才20分钟多点
扬州古运河,扬州古运河是京杭大运河最古老的一段 。夜幕降临 沿着河堤漫步， 灯火密布，景色怡人， 从东关古街走到尽头就可到大运河 。 游船是整点开班 。去的朋友注意看好时间 。有趣好玩，值得推荐，景色不错，体验很好，
扬州古运河,方便快捷，便益门广场码头验证码取票；沿途有讲解；二楼前排座位视野赞。
扬州古运河,其实古运河景区是免费的，这个是坐游船的钱。我们白天坐的，一共20分钟。听说晚上坐船夜景比较好。船上专门配备导游，但导游说的很少，大部分是电视机在导。
扬州古运河,游了一下当时隋朝修建的古运河，可想而知当时耗资巨大，花费了不少人力，物力，财力，花费之巨大，河群枥涝妓氖分钟，船上有导游仔细的讲解，沿图两岸风光还不错。经过六座小桥，每座桥都有历史文化。
扬州古运河,景色很美，性价比高，值得推荐。将近30分钟的时间，了解了扬州的历史
扬州古运河,扬州古运河的夜景非常不错，而且在船上讲解员一直不停的在给我们介绍。
扬州古运河,了解扬州从古运河开始扬州古运河是一条有人文的河，扬州也号称“东方威尼斯”古运河到扬州的第一站，真的很不错！
扬州古运河,漂亮的运河，充满历史故事
扬州古运河,没什么意思，性价比极低。
扬州古运河,古运河，体验扬州城的小桥流水和历史文化，非常漂亮，宛若人间仙境。
扬州古运河,扬州古运河听说是京杭大运河最古老的一段，与隋炀帝开凿的运河基本是一致的，河水的水质不错，现在这段河里一般都是游船在开，我们去的时候是阴雨绵绵的天气，一艘船都没看到。
扬州古运河,夜晚的古运河非常的漂亮壮丽，在夜景下游船一番，体验夜色下的扬州。
扬州古运河,初来扬州就乘坐夜游船，有幸坐的是敞篷第2层，和煦的春风拂面，聆听者古运河的解说，融入扬州城。下船后沿着运河岸边散步，景色如画，很快就可以到达东关街，非常有利于之后的行程规划，不虚此行。
扬州古运河,尽道隋亡为此河，至今千里赖通波。若无水殿龙舟事，共禹论功不较多。
扬州古运河,坐错船了，也就评个好评
扬州古运河,最大的特点就是有讲解和人可以轻松一点吧，要更好的游览还是自己沿运河岸边步行吧，周边夜晚交通不是很方便，直接打车或者网络叫车吧，哈哈，开车更累，因为你还要走回停车场，后面实在走不动了啊
扬州古运河,坐船沿河行驶，周边风景优美，很是惬意，一定坐往返，回来比较合适
扬州古运河,扬州夜景很美，网上订票比现实买便宜，希望返现能实现，不要套路。
扬州古运河,价廉物美，还会再来！
扬州古运河,还行吧，带小朋友逛逛
扬州古运河,三湾湿地公园很好玩！
扬州古运河,总体超赞，景色不错。
扬州古运河,性价比高，总体超赞，
扬州古运河,景色不错，性价比高，
扬州古运河,景色不错，总体超赞，
扬州古运河,体验很好，值得推荐，景色不错，有趣好玩，
扬州古运河,值得一玩。携程买的门票，可以从南门码头上船，也可以从便益门码头上船。本来以为国庆节会人很多，所以赶到南门上船的，实际上便益门人也不多（当然，比南门多多了）。船到了，人上去了就出发。美景在西岸和北岸，从便益门码头上船就坐右侧，从南门码头上船就坐左侧。
扬州古运河,从东关古城墙走到便益门码头乘船到南门码头下船。游船一路看到很多座桥，最美的是徐凝门桥，桥洞很有特色。
扬州古运河,感觉不错，适合晚上去，晚上灯光打上景更美。七点以后灯就亮了。
扬州古运河,夜景还是不错的，就是时间太短，靠窗位置才能拍好照片。古运河周边文化遗产比较多，白天也可以走走，拍拍古建筑。扬州适合休闲游
扬州古运河,杨柳依依，虹桥卧波，千古运河，万家灯火，今宵往景，大美扬州！
扬州古运河,适合看看景色，终点站的瓜洲古渡有很多诗文。附近饭店性价比高，景点人不多，体会水上游扬州不同的视觉。
扬州古运河,沿河风光还是不错的
扬州古运河,还行吧，性价比一般
扬州古运河,夜游古运河很美，两岸的美景和白天看到的有所不同。坐在游船里听着讲解对扬州古运河的了解更加的深入细致了，对这座美丽的扬州城也有了不一样的解读
扬州古运河,中国最古老的运河，非常值得一游！感受一下乾隆下江南的风情！
扬州古运河,非常美好的一次旅行，运河两岸的夜景不错，解说员说的也不错。
扬州古运河,挺方便的，风景好
扬州古运河,非常满意非常喜欢
扬州古运河,值得去性价比高，
扬州古运河,夜景很美，还有导游详细介绍古运河历史，现场换票也很方便。
扬州古运河,挺好的 运河美景
扬州古运河,不错很好棒棒哒
扬州古运河,夜景还是可以的
扬州古运河,性价比非常高，可惜没买到去瓜州的票
扬州古运河,很美很值得，比在码头上买票优惠5元，再返5元就更值得了
扬州古运河,值得一游哦。
扬州古运河,还可以还可以
扬州古运河,灯光真的很美，很值得看，就是感觉时间有点短，不过瘾！
扬州古运河,恰意游运河
扬州古运河,历史韵味足
扬州古运河,蛮好的 很好
扬州古运河,孩子很开心
扬州古运河,有趣好玩，
扬州古运河,有趣好玩，
扬州古运河,有趣好玩，
扬州古运河,非常非常好
扬州古运河,景色不错，
扬州古运河,***
扬州古运河,景色不错，
扬州古运河,总体超赞，
扬州古运河,人不少，晚上坐船风景不错，考虑到文化底蕴，值得一去
扬州古运河,赶在节假日去的，人很多，所以选择夜游运河，两岸的景色很美，船上有导游讲解，讲解的也很详细。一定要从南门遗址码头上船，那边人很少！
扬州古运河,晚上玩很棒，景色很美，还有导游讲解，一路上经过好多桥，河边灯红酒绿，带个女朋友去，美滋滋
扬州古运河,很棒，感觉很值……运河上的风景很漂亮，就是人有点多。我们坐的是双层的大唐一号，站在上面的甲板上，看着河面层层波浪一浪一浪的推出去，心情特别的舒服?还是很值得体验一把的！
扬州古运河,一方水土养一方人，扬州古运河开启了扬州人的文明，这里临近五台山大桥桥头公园，景色优美，茶余饭后出来散散步。
扬州古运河,夜景真的很美，加上导游热情、地道的讲解构成了一次完美的旅途。两岸的景色，就像一部活生生的历史读本，有种穿越的感觉，整体很满意。
扬州古运河,夜景很美，值得一游，码头增加停车位就更完美了。
扬州古运河,感觉不错，白天游玩的，如果是晚上夜景应该更美！
扬州古运河,夜晚游船要100块感觉性价比不高，虽说是京杭大运河，但是船的行驶路程太短了，晚上的风景也是不怎么太吸引人，建议晚上可以步行，一边走路一边游览，一边拍照，是最好的选择
扬州古运河,孤陋寡闻也好，第一次看到花灯与船的完美结合，古运河！整个船上也就10人左右。在夜晚的游船上看看运河两岸的风景确实觉得很美，不过一会也就审美疲劳了
扬州古运河,夜色阑珊，风景怡人。记得晚上7点以后上船。
扬州古运河,夜游运河别有风味。清风徐徐，景美人艳，让人陶醉。途中经过三个桥，柳叶桥很应景。游览船分单程返程，返程要加20元。值得一去。
扬州古运河,风景秀丽，灯光美，可惜天公不作美雨纷纷：冷
扬州古运河,不能凭电子票上船，要在售票处换纸票，幸好离码头距离不远。纸牌千万不要丢了，买回程票必须凭这种大票。我想在出发码头买回程票，售票员强烈建议在返程码头买。也有乘客直接打车走人。坐船看运河两岸风光挺不错的，走路是不可能的。运河上还有另外一个码头的游船非常漂亮豪华，不知道哪里买票。
扬州古运河,来扬州好几次了，但是一直没有去古运河，这次终于可以去体验一下了，晚上的夜景很美，可以坐船游览，在网上买好票，非常的方便。
扬州古运河,***好
扬州古运河,大运河从扬州城区经过，现在游客游览的主要区域集中于扬州城区的南门码头到便益门广场码头这一段。这一段将路过东关街历史街区等著名景点，在一段步行或坐船游览，都是很愉快的事。晚上运河边的灯亮起来，夜景被点缀得很美。步行可以沿着便益门广场码走到东关街，到了东关街后，可以前往游览上，这条文化名街上个园等著名景点，更有各种商铺、特色餐馆等，颇能吸引外地游客。
扬州古运河,很悠闲的旅游方式，到账后再花20买回程票
扬州古运河,凉风习习，坐在船上感受扬州这座古老的城市，感觉很棒。一定要往返坐，人还是很多的，把沿途的美景都收入眼中，还有屏幕山水画。
扬州古运河,夜游大运河，推荐！俗话说“烟花三月下扬州”，选择最合适的时间到扬州游玩，气候适宜，景色宜人，当然人也是最多。游大运河，必须是坐船，必须是夜间，可谓灯红酒绿！可以在网上订票，现场取票，很是方便，缺点是没有纸质票根，只是一张收据；人满发船，运气好的话可以坐二层大龙舟，二楼景色更好！建议买往返。
扬州古运河,网络购票出票快而且优惠，不想走路的可以在换票窗口把返程的买好，多加20/人，我们现在是假日旺季，人满发船，瘦西湖夜景很美，船上有免费讲解员，这个时候去正好不冷不热，运河上的风吹着很舒服，可以下船后做三轮到东关街逛逛夜市，
扬州古运河,带着一大家子体验夜游古运河，八点十分到码头 排队到九点上船，虽然有点冷，但整体感觉还可以。 首先下午六点开车到码头这边，比较方便，可以在马路对面的饭店前免费停车。然后看时间还早就搜周边晚餐，大概向南一公里的地方有个叫福满楼的，味道，价格都比较好，应该是正宗扬州菜。 饭后直奔码头，因为小长假，等待上船的人比较多，排了半小时多的队，但秩序比较好。另外提示下，如果是开了车停在这边，建议在售票点现场买返程票，加20元。单程到达后不用下船，可以直接回来，比较方便。 坐在船里，听着讲解员的讲解 静静感受一下扬州古运河曾经的繁荣昌盛，想象一下古人沿河忙于生计和生活娱乐，别有一番风味。 往返大概一小时，建议静静体会。不会写评价，乱写写仅表达自己心情而已。
扬州古运河,棒棒哒~ 扬州太美了，喜欢~~ 笔芯~~
扬州古运河,使用方便，运河夜景很漂亮，惬意的慢生活。
扬州古运河,我们去的还是比较早的，可能是节假日人多，人满就开船，不用等到整点再开船了，等我们回程之后排队的人多的吓人，不过古运河的夜景还是不错的，一路都有讲解的.另外，携程上没有说明残疾人可以半价，害我多买了一张票，这点比较不满意！
扬州古运河,阳春三月下扬州，特意请了假和老公带上爸妈和孩子来游玩，第一个项目就是夜游古运河，网上购票很方便，到购票处扫描二维码就行了，售票姐姐时髦又友好。上船后很快开船，略有些柴油味道，可哪艘船没有呢？?风景好就都能接受了，游船共经过六座桥，每座都有讲解员细细讲解，沿岸灯光效果很好，我都来不及又拍照又听讲解。到下船码头后打车回酒店也很方便，随便说一下，出租车司机很不错，我们在错误的方向打了车，师傅还提醒我们下次别弄错了，遇到不能掉头的路就要走冤枉路了，很贴心哦。总的体验不错，好评。
扬州古运河,很漂亮 很漂亮 船上有讲解员 一路上都会详细的给你解说 没个桥与历史 很喜欢 夜景也很美
扬州古运河,就是河道二旁装了灯，晚上看着比白天好看些，上船就是看电视，船上的妹纸导游大概会讲三次，介绍三个灯光秀，但比较平淡，没有激情。我是携程买的票，50一个人，现场票是60，后来去了扬州其他景点60岁以上都可以半票，这个我想应该也可以，有点亏了。 我们是周四晚上在便宜门码头上的船，人不多，整点发船，到南门遗址下，30分钟，感觉还蛮快的。
扬州古运河,夜晚灯光效果很好，白天也没什么感觉！乘坐观光船看个人选择吧！我独自一人看人太多懒得排队，所以没有乘坐，有兴趣的可以试试！
扬州古运河,第一次坐船，非常不错，值得推荐，棒棒哒
扬州古运河,船很大很舒适，还有中央空调，里面有导游美女讲解。发现扬州的讲解员都很不错，清一色美女，细声细气，吐气如兰，非常好的体验
扬州古运河,加上那些历史故事，夜晚的古运河真的很美
扬州古运河,烟花三月下扬州。扬州城市不大，但古城风貌保存的非常完好，特别是古运河，从便宜门码头乘坐游船到南门码头一路走来，两岸景色美不胜收，半小时行程真是有点意犹未尽。
扬州古运河,体会到古代劳动人民的伟大，值得点赞
扬州古运河,进一步体验扬州魅力的方式！虽然也可以走在欣赏夜景，但坐在船上联想起一千多年这条运河的繁忙，感受还是很不一样的，推荐
扬州古运河,景点非常优美，适合全家出行，交通方便快捷，开发保护的比较好，周边也非常方便，景色优美，游人如织，整体评价非常好。
扬州古运河,完美，比售票处便宜五元，看其他游客买的扬州联票有（有瘦西湖，大明寺，个园，何园，大运河游船）200元，但是好像当天有效，累死也玩不完。早点上船，最佳位置左前方270度无死角
扬州古运河,游玩一天，最后安排船游古运河。坐在船上边休息、边观景、边听讲解员讲述沿途的风景和文化，为一天的游玩做个完美收官。
扬州古运河,景色很漂亮，讲解员讲解的也很到位
扬州古运河,很值得游玩的地方 费用也很实惠 值了
扬州古运河,夜景很美，但注意哦，这个是单程票，送到南门下船，要返程的话需要另外买票的
扬州古运河,很好看，游船看运河两岸风光很美。
扬州古运河,南门上东门下，船上有空调有讲解，讲解仅限于运河周边景观，建议增加扬州历史啊，沿途建筑特色啊内容。看到运河联想到人工开凿，觉得很不可思议，古人的智慧和劳动成果。东门码头稍远，需要往回走一点路。
扬州古运河,喜欢游船的方式感受扬州，通过游古运河再次体会到扬州深厚的历史文化底蕴～
扬州古运河,非常漂亮的夜景，取票非常方便。
扬州古运河,美丽的运河，美丽的古运河夜景。
扬州古运河,从东关街一直往东走到运河边上，就是古渡口了，这里能看到历史上的不同年代的地面，一层层堆叠，运河也是韵味十足，想想古式挖掘这么大的运河的难度，感慨万千
扬州古运河,在携程定的票，到便益门码头取票很方便，乘坐龙船观赏夜景，非常漂亮，特别是桥，是古运河的特色，建议一定要去看。
扬州古运河,跟南京的运河有点差别，扬州的更多维持了原来的一些建筑桥梁，时间不长大概二十多分钟，缓缓的顺着河流听着讲解看着风景，美！就是得天好否则站在船上挺冷的。船蛮多的基本不用等太久。夜景比白天好看哦
扬州古运河,听听讲解，稍微了解点历史。
扬州古运河,沿着东关街除了东关，就是一个小型广场，过了马路就到了东关古渡，这里就是扬州的一个重要码头，这里也做了修缮，河上有游船可以乘坐。
扬州古运河,还行 就是有点冷～～～～～～
扬州古运河,古运河是扬州的地标吧，整个过程大概在20分钟左右，一班都是正点发船，但是人员坐满的情况下会提前发船，个人建议还是晚上游船比较好，灯光都开了，现在春季的话是晚上六点半亮灯，正好坐七点的游船
扬州古运河,运河故道两岸风景迷人虽然现在是冬天但是还不错等到烟花时节会更加迷人
扬州古运河,白天是一小时一班游船（整点开出），两岸的景色很一般，性价比不高。
扬州古运河,来扬州玩，肯定要来大运河坐船，特别是夜游大运河景色很漂亮，不虚此行。买的是单程票，下船后直接去了东关街。
扬州古运河,时间30分钟。穿行在吴王夫差时代的古运河。扬州美女一路“扬普”介绍。不足之处:政府部门投入不够，夜游主要看灯，沿河亮化远远不够，与广州差距较大。
扬州古运河,沿四望亭路一直走到东关街历史文化街区，继续前行就到达了扬州古运河，这里有著名的东关古渡口，晚上整个运河两岸灯火通明，不时有游船经过，夜景很美。
扬州古运河,我们住在东关街，距离上船的地址只要两站路，船整点开，船上有讲解，晚上的夜景挺漂亮！
扬州古运河,晚上去坐的船的，坐在船上一路沿岸的风景特别美特别漂亮，值得一去
扬州古运河,一路风景优美，感受不一样视角的扬州，旅游旺季人太多景色不错，
扬州古运河,非常幸运能够选择扬州过周末，也非常幸运选择香樟树。周末一点细雨不冷不热，司机带我来到古运河边，香樟树就在运河边，在预定之后不久，王倩小姐姐就联系了我，不仅告诉我详细地址，得知我就是抱着吃美食的目的来扬州，还推荐了不少餐厅给我，等我到了酒店，小花园式的院子，明亮的大厅，亲切的工作人员，让体验太好了，更重要的是，还给我爽快升级了房间，躺在床上，一开阳台门就是运河，美景醉人。酒店地址非常好，距离瘦西湖10分钟车程，沿着运河走走，可以晚上去坐船游览，两岸都是美景。各种美食走路就能到，晚上我在东关街提了酒回来，躺在床上一边喝一边看电视感觉很棒！ 酒店晚上会有古筝表演，配合灯光，细雨，很醉人。第二天我的车是下午3点半，小姐姐二话没说给我延迟退房，每个人都是那么亲切体贴。 景色不错，体验很好，值得推荐，有趣好玩， 酒店提供面膜，爽肤，卸妆水，各种茶包，不论多晚定外卖，都有小哥值夜，期待下次相聚。
扬州古运河,夜景挺不错的值得一去
扬州古运河,古运河夜景不错。坐船线路也不算短。不过白天坐船风景比不过夜景，建议晚上去散步。
扬州古运河,还可以加20由单程变成往返。赶上五一人有点多，总体很不错。
扬州古运河,夜游古运河，别有一番风味，导游的讲解很细致，不错的体验！
扬州古运河,便益门码头出发，先北上至邗沟处掉头南下，可谓一步一景，虽然夜游没有白天看的清楚，但别有一番滋味。
扬州古运河,去的早了，到了最后快上岸的时候才亮灯，亮灯了应该很漂亮
扬州古运河,周一去游人较少，我们一家4人都包船了。看到有手摇船，应更舒服。瘦西湖风景很好，又有野趣又有人文景观，我们仅走马观花，下次再花时间深度游
扬州古运河,古运河适合夜游，白天游船就很普通了，去早了，哈哈哈~改天晚上再游一次??
扬州古运河,坐船需要买票，往返80元，单程60元，其他基本没有收费项目，晚上10点以前有夜班公交可以搭乘，扬州的公交都是2元无人售票，运河夜景还不错，白天没什么感觉，适合跑步，溜达一下
扬州古运河,很漂亮的景色，很好的体验，售票员很热情，一切都很好。
扬州古运河,运河风情，历史华章。古邗沟，大王庙，禅智寺，竹西公园，个园，东关古渡，长生寺，普哈丁墓园，吴道台府，卢氏老宅等都是这华章中的精彩片断
扬州古运河,晚上游河很美，两岸灯光璀璨的，欣赏一下扬州的夜景～
扬州古运河,一定要晚上去看，一定要晚上去看，一定不要白天去看。晚上去看就是一场灯光秀，运河两边美极了。
扬州古运河,扬州古运河真的值得一游，如果能到古瓜洲就更好了。
扬州古运河,时间有点短，讲解内容不够丰富
扬州古运河,游船人很少，基本算是包船。同步播放的视频很好，与路过的景点时间吻合。了解扬州的运河文化和周边景点的一个快捷方式，趣味性无从谈起。
扬州古运河,性价比高总体超赞，景色不错，有趣好玩，性价比高，
扬州古运河,夜游古运河比白天看美多了，现在带季节也是特别合适
扬州古运河,换票非常方便！在便宜门码头上船，如果往返再加20。一路夜景特别漂亮！讲解也很棒值得一游！
扬州古运河,管理混乱，游客酒喝多了在船上吵架打架，游船工作人员毫无作为，这是在水上，万一出了问题谁能付得起这个责任。
扬州古运河,拍了很多美景，很不错，时间不长但来往已经够了
扬州古运河,白天游的运河 虽少了灯光的点缀 阳光下河水静淌 穿越在现代与古代之际也别有情趣，游船只有我俩 船员2个 讲解员1个 真的是包船VIP游呵
扬州古运河,在东关街的街道里一直向东走，可以找到扬州古运河。傍晚时候沿着河边走走，也是很快乐的感受了。运河湍急，游玩还是要注意安全的。
扬州古运河,景色很美，游玩东关街历史街区后正好有点小累，10元打个车直接到乘船地，坐船游览，龙船很漂亮，爱照相的妈妈非常喜欢，照片很美。游船两岸垂柳，景致别致，若行船时间再长些就更好了，来回差不多一小时，单程一半时间。不过还可以，换票方便。景色很美，游玩东关街历史街区后正好有点小累，10元打个车直接到乘船地，坐船游览，龙船很漂亮，爱照相的妈妈非常喜欢，照片很美。游船两岸垂柳，景致别致，若行船时间再长些就更好了，来回差不多一小时，单程一半时间。不过还可以，换票方便。
扬州古运河,对比起来，扬州古运河附近比南京夫子庙附近环境好很多，道路和格局设计也显得宽阔和大！而且去的时候正值国庆70周年 晚上的夜景也是很迷人的 有一种外滩的感觉 发展的很不错
扬州古运河,夜景十分漂亮，单程半个小时左右，听听讲解，还是值得坐一次的。
扬州古运河,古运河杀咝戮沙乔对照著古今之文化差及融合，景色亦相当美丽，由於时g关系，我是下午去的，也有夕阳照拂微风徐徐，我想古运河对以前的交通应非常有用，晚上岸边夜色应有另一番的美丽，只是[船的距离有点太短了，无法M兴
扬州古运河,只单买了去程票，导航还没走到点就提示到了。无言。从东关街后的东关码头沿着运河走去过去便益门码头验证登船。运气很好，第一班游船，6点。 船上不允许出船舱，只能透过玻璃照相，反光等等现象让人提不起拍照兴致，游船上有讲解，运河两边的风光很多，时间充裕的白天可以到南码头，沿运河两边走走看看，会有不错的体验。 游船开的太快了。
扬州古运河,京杭运河的其中一段，运河是免费参观，在夏季会有游船，其实磅礴的龙船，坐船畅游大运河，最好的时间是在傍晚，上了船之后，太阳已经落山，运河两岸的灯光亮起，却也遮不住还亮着的天光，此时正是华灯初上，两两辉映，美不胜收，而此时拍照也自然是最好不过了，不再描述，请来欣赏吧，敬请先忘掉生活里的琐事，来让自己融入到此中来，仿佛，就是当年隋炀帝下扬州看琼花，康熙乾隆帝下江南，正当如是吧。
扬州古运河,晚上去看真的不错，灯火辉煌，很有一番风味
扬州古运河,没坐之前还是挺兴奋的，但是坐上以后还是有一点点小小的失望的。河水有一点点臭，然后因为有一座桥在修。所以有一段路程是重复的。新阶段和主要的是靠灯光。它真的是一条曾经使用的古运河。历史价值很高，还是尽量选择晚上去坐。
扬州古运河,古运河值得一游，晚上两岸灯光璀璨，途径一座座各历史时期的运河桥。船是龙船造型，讲解也很棒全程现场脱稿讲解让大家对古运河历史概括有了很好的了解。需要注意的是船基本是整点出发，不要去太早，我们大概提前了45分钟就到了，还不如在东关街多逛会儿打的过去很快的。
扬州古运河,在携程买票，只需要在售票口说一下买票时登记的电话号码，给一张收据的东西即可坐船。从何园出来去狮子楼吃了饭才去坐船，打携程电话问了一下，说只有便益门码头可以上船，于是打车去便益门码头，但是码头的人说两个码头都可以上船的。这点好像很多人都有疑问，在这帮大家解答一下。据工作人员说，古运河沿岸两侧的灯光系统是感光的，就是天暗下来自动亮灯，所以每天亮灯的时间不同但是也差不多。我坐船那天大概六点半多灯就亮了，也只是暗下来了，所以大家不用担心太晚亮灯景色不美啦。整体来说夜游古运河是很美的，而且虽然是四月份还下雨，可天也不冷，因为船还比较大，坐在里面透过玻璃看外边还是很舒服的。
扬州古运河,桃红柳绿，底蕴深厚，夜景醉人，不虚此行。
扬州古运河,古运河扬州段是整个运河中最古老的一段。现在扬州境内的运河与2000多年前的古邗沟路线大部分吻合，与隋炀帝开凿的运河则完全契合，从瓜洲至宝应全长125公里。其中，古运河扬州城区段从瓜洲至湾头全长约30公里，构成著名的“扬州三湾”。这一段运河最为古老，可谓历史遗迹星列、人文景观众多。
扬州古运河,夜景很美，很漂亮的地方，值得大老远来一次
扬州古运河,扬州古运河指的是从茱萸湾风景区到高F寺的河段，游客游览的主要区域集中于扬州城区的南门码头到便益门广场码头，这一段沿路有东关街历史街区等著名景点，可以步行或坐船游览，晚上运河边亮了灯，夜景很美。 如果想步行游览，建议从何园走到东关街，南门码头-何园、东关街-便益门广场码头的路段上景点不是很多。从不在运河边的何园开始，南行到康山街，再东行参观过卢氏盐商住宅及与之毗邻的盐宗庙后，继续往东即到达运河边的南通东路上，接着沿着南通东路折而向北，沿着运河的西岸游览。运河边有很好的绿化带，绿柳拂水，就像古诗词中描绘的江南风光
扬州古运河,扬州的大运河修建于隋朝，是扬州的历史最悠久的记忆，也是扬州古文化与现代城市的结合，夜游大运河可以完整的看到扬州这座城市的没，解说也能让大家了解到扬州的历史，的确是非常让人满意的一次旅程，性价比整体很高。
扬州古运河,挺舒服的一次游玩，但注意只是大部分都是单程票，返程要多20元。游船走了半小时，距离还是挺长的。大家要考虑清楚是否返程。
扬州古运河,扬州还是值得一去，无论什么季节都挺好，不用挤着三四月去。小景，不磅礴但很精致。
扬州古运河,挺好的、看着河边的景色、听着讲解员介绍的故事、很不错！建议晚上坐船、景色更美！
扬州古运河,雨丝绵绵的古运河只有我们两个人，幽静而缠绵，岸边的垂柳也格外的温柔，褪去昔日的繁华，今天的运河依旧水波荡漾，更像是一个温婉秀丽的江南女子。
扬州古运河,运河美景尽收眼底，美不胜收，夜色更美
扬州古运河,讲解很好，以后有需要再看，了解了很多瘦西湖的历史与典故
扬州古运河,扬州的古运河是整个京杭大运河最古老的一段。这个牌坊在东关街对面。也就是说出了东关街就是古运河，这两个景点离得很近。
扬州古运河,夜景很美，单程6.6公里，往返再加20，船票价格60老人没有优惠价格有点贵
扬州古运河,慕名已久的烟花三月下扬州终于成行！瘦西湖出来到东关古街游玩吃饭后，到了便益门游船码头，做最后一班九点的游船，提前一天网上订的票。一路灯光很美，讲解的小妹虽然嗓子哑了，但很认真，声音好听。值得一游
扬州古运河,夜晚美丽的灯光与水面相映，好似仙境
扬州古运河,京杭大运河的起源要从扬州说起，扬州也因为运河而成为中国古代最繁华的城市。两千多年前吴王夫差开邗江，成为世界上第一条运河，因此扬州成为京杭大运河的核心城市。
扬州古运河,***
扬州古运河,***
扬州古运河,夜游京杭大运河，风景优美，很惬意
扬州古运河,夜晚景色不错，船上有导游讲解。
扬州古运河,哈哈，前台的小姐姐挺好，哈哈哈
扬州古运河,携程网上预约购买扬州古运河游船票给游客们提供了便利，即可享受优惠价、少花钱，又很方便。在便益门广场码头购票处直接换票乘船，节省了排队购票时间。希望以后能更加细致、完善，为游客提供更好的服务。
扬州古运河,很好看的风景，解说也很到位。果然应该晚上游船，灯光都打开了以后非常漂亮
扬州古运河,来扬州怎么可以错过运河呢！！
扬州古运河,景色不错，性价比的话谈不上高
扬州古运河,古运河觉得可能白天游览更好 晚上有点点黑 好些看不见
扬州古运河,看到京杭大运河没有想到扬州古运河会这么小，就像西湖和瘦西湖一样吧，但运河边上的古砖和运河里的画舫还是提醒你这运河的悠久历史，在河边走走，还是不错的！
扬州古运河,坐了大冬天晚上7点这班，游客不多，十人左右，可以方便随意船内走动，两层的仿古船，楼上看得了好风景却没讲解，楼下放VCD讲解却看不到什么景点，满尴尬的
扬州古运河,景c不e，到此一[的水平
扬州古运河,往返票 30元/人 性价比高 单程约7公里，沿途风景看个人喜欢。有古典园林建筑，有造型各异的桥梁，还有正拆迁的工业遗留 往返中间只有20分钟，时间略显仓促
扬州古运河,重走一回古人行之所及的道路，重看一次古人目之所及的景观，也算是一件人生乐事。两岸有很多值得一看的别致景色，个圆，何园，印钞官以及很多盐官修建的古色古香的建筑，实乃地地道道的江南水乡风情。
扬州古运河,景色不错，人工痕迹严重
扬州古运河,大美人文新扬州，绿色浪漫古运河！扬州真的很美，运河古韵真的很迷人，船娘的讲解很投入
扬州古运河,这里靠近扬州闸，颐和路3号扬子颐和苑北门外，古运河南岸风景带。
扬州古运河,在南门码头八点的船，人不是很多，灯略微少点，讲解员讲解不错，没看过的可以尝试一下！
扬州古运河,灯光下的运河展现古城与现代科技文明的聚合，微风轻拂湖面，微波轻轻的荡漾在光的折射下品味来自世界最古老的运河。运河的美和心灵的触动只能自己来体味
扬州古运河,行程不长，半个小时，一路就是周边的灯光，好的位置要提前上去坐着
扬州古运河,还好，一共半小时，单程，如果想回原地返程，再加二十元景点还好吧
扬州古运河,陪孩子玩的，单程五十，行程半个小时，没啥可以看的，人挺少的，加公务人员大概十几个人，换票的时候有人一听五十就说不坐了，回程再加20，因为孩子喜欢坐船才坐的，感觉比不上瘦西湖自己划船了
扬州古运河,一般般吧，就那么回事
扬州古运河,手机上买的票。在码头上报手机号就能换票。非常方便！当天正好下雨，不过，河面上随风飘荡的雨雾展现出不一样的风景。特别喜欢！船上也有讲解，介绍运河的历史和两边的景点。非常好的一次体验！
扬州古运河,一家三口一起坐的，两层大船，两点人也很少，天气阴，微风吹过，很舒服，导游讲解也很仔细，沿岸风景美不胜收，特别是一片杨柳，水清树绿，很值得游玩
扬州古运河,环境很好，有讲解，大约20分钟的船程，会了解扬州城的古文化！
扬州古运河,感受下古运河的风情，网上买的票很优惠，服务人员也很热情认真
扬州古运河,很不错哦，就是说好正点发船，多等了半个小时，不过景色不错。
扬州古运河,***
扬州古运河,晚上其实两边没啥东西看，灯光也很勉强，船本身仿古船，可能还比两边景点好看些
扬州古运河,没有太多的趣味
扬州古运河,游船码头离东关街不远，推荐晚上坐游船，两岸的灯光很漂亮
扬州古运河,因为这次就住在运河边，每天晚上会来运河边走走看看夜景。
扬州古运河,开灯后的古运河真的是很美，值得一游
扬州古运河,夜景挺美的！来扬州必须值得一游……
扬州古运河,游船夜游还是不错的，讲解员介绍了扬州的历史及运河情况。
扬州古运河,关东街走累了，坐船休息一下不错。需要回程的需要加20。
扬州古运河,景色美，夜景更美，这是单程票价，返程的话需要20元/人。人工谅解，与景色呼应，非常好。河两岸景色很美。需要换票，不过我们去的时候很方便，不用排队，正好上船。节假日，流水发船。
扬州古运河,有空可以看看
扬州古运河,风景一般般吧
扬州古运河,单程约3公里，可以看到5座姿态各异的运河桥，看看古城运河两岸的夜景，相当不错。两岸没有专门打造的绚丽灯光，一切都很自然。也可以坐高速船，幻想一下夏日夜晚兜风那种很棒的感觉。
扬州古运河,全程导游解说，船内有空调，不会冷得瑟瑟发抖，值得一游
扬州古运河,夜景很美 建议坐在船的右边 带讲解的 沿河走也是不错的体验
扬州古运河,扬州是古运河流经的城市，运河宽度很不错，不是很小的河道，河道两边灯光效果不错，值得好好玩玩。
扬州古运河,性价比不高
扬州古运河,景色不错，
扬州古运河,景色不错，
扬州古运河,第一次到扬州的话，这个还是很不错的游玩方式，省时省力，很快了解一个城市的文化和历史。游船定时发船，游人不多，类似包船，码头很好找。
扬州古运河,夜游古运河，微风徐徐，风景如画
扬州古运河,一定要晚上去看，一定要晚上去看，一定不要白天去看。晚上去看就是一场灯光秀，运河两边美极了。
扬州古运河,性价比不高，除了灯光还可以，其实没什么比较特殊的看头。一次足已。再加20元返程也是鸡肋。希望当地旅游部关注。
扬州古运河,景色真的很棒，推荐游玩，4月的风，凉凉的很舒服～
扬州古运河,夜景很美，凉风习习，听讲解员讲运河两侧的建筑和历史，对扬州的好感更大。没有买返程票，下了船，找了自行车骑回到住的地方，不是很远。
扬州古运河,没船游过夜景的值得一去，还是挺美的，但特色不多
扬州古运河,古运河是扬州景点之一。五座观景桥是一大亮点。夜幕降临之时，观景灯燃起后，流光溢彩照射在桥上，桥下，运河的河道里。大放异彩。晚上做船游览的人超级多，等了半个多小时才排到
扬州古运河,坐在宽敞舒适的游艇上，沿着古运河缓缓而行，船内的屏幕上播放着导游伴着音乐的讲解，在一座座不同特色的桥下穿行而过，观赏着两岸各式各样的庭院与建筑，航程短暂却不虚此行。
扬州古运河,一方水土养一方人，扬州的古运河欢迎大家围观。
扬州古运河,我们是晚上七点坐船游古运河的。两岸灯光和水交融。不时从桥下穿过。一座座大桥仿佛是彩虹和银串，有的像一片树叶，有的像亭台楼阁。很美很美。有点遗憾的是当时没有留下照片。
扬州古运河,白天去游的，大概半小时左右，船上有讲解，可以了解古运河的历史，晚上有灯光应该会更美。
扬州古运河,夜游和白天游的感受不太一样，白天赏景赏建筑，夜游赏灯，都蛮有特色的.古运河两岸特别美
扬州古运河,不错，运河沿岸景色很美，夜景很漂亮！没毛病！
扬州古运河,古运河真的物超所值！夜晚的古运河非常美！灯火，河水，还有讲解的导游**姐。岸边的风景让人心旷神怡，河水波光粼粼～真的超级赞！
扬州古运河,沿岸景色很美，讲解也挺好的。可惜照相不方便。
扬州古运河,扬州的运河在全国保护的还是不错的，晚上可以坐游船游览运河两边的风光。很不错，值得游玩
扬州古运河,扬州城的美景，瘦西湖！的确不错，还会再去！
扬州古运河,来扬州一定不能错过的项目！最好晚上游船，两岸灯光美极了，物超所值。个人觉得如果玩扬州一日的话，瘦西湖和古运河是不二的选择。
扬州古运河,非常美好的回忆，做个景色太棒了。换取方便。
扬州古运河,购票实惠，取票便捷，景色宜人，值得推荐！
扬州古运河,最好晚上6点40以后排队，全程景色还是相当不错的，值得票价吧
扬州古运河,婉约秀美，文化绵长，景点林立，游人如织！
扬州古运河,还行，就是时间短，有讲解，人不多，但票贵
扬州古运河,运河的水质很一般，运河的一边有人行步道，可以在运河边边看边逛。运河上还有游船可以游览整个运河的风景，总体上景色非常一般。
扬州古运河,扬州古运河是京杭大运河的重要组成部分，也奠定了扬州运河之城的地位。春秋时期吴王夫差挖邗沟，隋朝时期隋炀帝挖京杭大运河，明清时期漕运发达到顶峰，都跟这座古城息息相关，一千多年间见证了这座城市的繁荣与衰败。古运河如今清除了淤泥，美化了环境，生态价值非常好。每到晚上，两岸灯光打开，乘着画舫，恍然如梦，宛如二十四桥明月夜，是诗人杜牧笔下的优美的扬州梦。2014年被列为世界文化遗产，在国际上得到了肯定，吸引了来自世界各地的游客。这里或是坐船，或是在岸上行走，都是一种惬意。
扬州古运河,扬州的古运河，白天看是一条延绵不断的护城河，夜晚走在市区，迷离的灯光笼罩在这座多情的城市，别有味道。晚上去看看夜景乘船不错，两岸灯火通明比较漂亮。坐在船上看外窗外的夜景，然后听着导游的讲解，觉着更加想要了解扬州辉煌的过去。
扬州古运河,因时间关系，这次白天坐船游古运河，遇到有几艘古运河大会的花船停在河中，但感觉白天街景效果不太好，游运河还是晚上较好，有灯光透射，绚丽多彩。 另外：坐公交去船码头注意，船码头（便益门广场码头）离便益门公交站有一站远，离五台山大桥站更近些。
扬州古运河,景色不错，体验很好，值得推荐，有趣好玩，刚刚到南京就体会了一把夜游秦淮河  ，很漂亮，可惜刚上船不久就下起了小雨，体验到的是别样的秦淮风情。
扬州古运河,扬州古运河夜游还是很值得一游的，在携程上订票非常便捷，到现场售票处窗口出示二维码换张船票就可以上船了，一小时一班，建议坐晚上七点以后的，那时灯都亮了，非常漂亮
扬州古运河,坐在船上有专人讲解扬州古运河周边历史典故等。现场买票单程60元/人，往返80元/人。携程单程50，偶尔还会有立减还能再便宜点，如果想要往返可以现场再交20元。
扬州古运河,不建议去，没啥亮点，灯光效果和南京比差太多，30一趟顶多了。导游谅解还是不错的
扬州古运河,晚上八点去的，在售票点马路对面的顾氏私房菜吃的饭味道还不错，价格也公道，晚上的古运河观光灯景色不错，还有导游一路讲解，就是那天是下雨有点小遗憾，去的话尽量早点上船坐在靠近窗口，要不然拍照留念是个问题
扬州古运河,运河景色秀丽异常。携程换票方便。点赞。
扬州古运河,high哈哈**********************************************************************哈哈
扬州古运河,夜景超美，晚上一定要坐船看看大运河。
扬州古运河,很美~尤其是夜景，特地选了晚上，哈哈
扬州古运河,运河的夜景不错，全程讲解，感觉不错，
扬州古运河,携程订票很划算。最好踩点到，船都是等到整点才会出发的，楼上视野好点，但是船舱里讲解听不太清，不冷的话建议坐露天位置。
扬州古运河,系统还没调试好，出现了买票不让上船的情况，叫把票退了，后来等了十五分钟，在我们的强烈抗议上，打电话另一条船来接了，希望衔接好值得推荐，
扬州古运河,买了两天的套票，算下来大概优惠30[%]，性价比还是一般，单程大约40分钟，沿途有灯光装饰岸边，略单调，有简单讲解
扬州古运河,与无锡的运河夜游相比，略有逊色。主要在灯光的景观设计。也许更适合白天游览。
扬州古运河,古运河扬州段是整个运河中最古老的一段。现在扬州境内的运河与2000多年前的古邗沟路线大部分吻合，与隋炀帝开凿的运河则完全契合，从瓜洲至宝应全长125公里。
扬州古运河,很好啊，比现场买便宜5元，手机买就那么一会会时间到消息了。晚上古运河灯光很美的，河岸两旁灯光和建筑融合一起，适合拍照，总共估计坐了半小时左右。值得票价。
扬州古运河,做船看看景，一般般，没太大意思。
扬州古运河,晚上坐船，微风习习，很舒服！推荐
扬州古运河,还可以吧，景点少，景色还是美的。价格始终。夜景漂亮多了。白天看的清楚点。
扬州古运河,景色不错，性价比高，有趣好玩，
扬州古运河,游船不错，感受京杭大运河的美丽
扬州古运河,取票方便，价格优惠，夜景很美。
扬州古运河,很好。和想象中的不太一样，出乎意料，夜景很漂亮。导游很敬业，解说很不错
扬州古运河,大概要做八点的船次会比较好，七点发的时候天色还没有黑，观赏效果会打折扣
扬州古运河,扬州必游景点，晚上景色更优美！
扬州古运河,游船20多分钟，从何凝街何园广场到便益门码头，何园广场上船人会少一些
扬州古运河,太值了，坐人力车直接去口岸，在游船二层听讲解，看两岸景色，美不胜收！
扬州古运河,非常值得一去，风景超级赞，全程两个小时，沿途风景尽收眼底，还有解说员介绍桥，记不清看了多少桥，一路到瓜州，吃了马元面馆的肥肠凹面，超喜欢 景色不错，
扬州古运河,扬州古运河夜色很不错。清明节小长假人超级多，只要买到票的都能坐上。
扬州古运河,实在是太美啦！夜景值得一看，就是最好买往返票，不然下了船打的不方便
扬州古运河,东关街出来沿着东关古渡码头一路向北，特意等天黑坐了20点的那班，人较多，一路上有导游讲解，但奈何船上人声鼎沸。行进方向右手边景观多一些，仅供参考。
扬州古运河,单程下来有半个小时左右，感觉票价超值，两岸风光很美，非常建议大家来看看，游轮上面的解说什么的也很好！！！
扬州古运河,不错，晚上灯光很好，就是晚上稍冷。注意多穿点衣服，来的人好多啊。
扬州古运河,到码头，船上只有我们一家三口，但工作人员还是按时开船，好似包船，感受不错，水面很宽，运河水质也很好，饱览两岸的景色，途径了很多桥，孩子非常喜欢。
扬州古运河,夜游很美，很有风情。虽说晚风有点凉意，但是很值。古运河上景观灯的设计和变幻，灵！非常满意的一次旅行，朋友说扬州没啥可玩的，估计他们没怎么做攻略吧
扬州古运河,因为不是国庆等节日，夜游时沿途景观灯只开了很少一部分说是单程半小时，实际从开船到下船只有20分钟行船时对两岸建筑物有解说，但晚上是看不到建筑物的
扬州古运河,总体感觉比较一般，景色一般，船组织的一般，说是豪华，乱糟糟的。
扬州古运河,扬州古运河，夜晚的景色更美，游船游古运河，吹吹河风，感觉棒棒的
扬州古运河,没订到去瓜洲的，就买了三湾公园的。9点半开船，结果到达三湾的时间是10点15分，返程的票要不就是10点半的，我连厕所都没敢下船上，选择的直接返程，要不就是下午15点半的，公园没有要待那么久的理由，景色不错，非常不合理。个人建议，停留时间有个30分钟到1个小时。
扬州古运河,古运河沿路景色美，夜景更美，值得散步游玩
扬州古运河,真心很一般，不太推荐。30分钟的行程，晚上7点8点整点开，1915分开始亮灯，但两岸景致一般，船上的讲解也比较平，没有故事性和趣味性。抵达码头后都不知道如何出去，没有指路牌，还不如就在两岸散步跳跳集体舞呢。
扬州古运河,如果时间允许，建议沿着古运河走一段，岸边的人们非常会玩，歌舞升平，个人觉得会比坐船更有意思体验很好，
扬州古运河,晚上灯光带开下来，坐船游览，真的很好看！
扬州古运河,运河航道，承载了古时的商业运输，为经济的发展提供了很大帮助啊
扬州古运河,古运河承载着扬州的历史，古运河串联了扬州几乎所有景点，值得一游，特别是夜游！乘着船观看古运河两侧夜景
扬州古运河,扬州古运河一夜游 拿票挺方便的 晚上景色还不错 两岸灯光都很好看 每一段颜色都不一样 色彩斑斓~一路上还会经过好多桥 钻过各种不一样的桥洞~挺不错的~
扬州古运河,湖光山色，空气清新，很有历史特色，风景优美，适合休闲度假！
扬州古运河,扬州的繁华最重要受运河便利影响，盐商的富庶给地方带来很多有价值的建筑和文化。要了解扬州，还是需要去夜游运河多了解。下船后沿运河走，可以慢慢看，有诗歌走廊慢慢品味文人对扬州的吟咏。
扬州古运河,感觉一下昔日的繁华，体会古人的心情。
扬州古运河,豪华船很大，比较有科技感，坐楼上露天座吹着河风感觉很不错，楼下有空调，有讲解
扬州古运河,很漂亮的扬州古运河，很值得游览一下哈
扬州古运河,乘坐 运河名城六号 游船游览古运河，东关古渡起点……很喜欢扬州古运河的感觉。感叹运河之魅力……到扬州一定要做一次游船。。
扬州古运河,这一路上通过讲解了解了一部分扬州到历史，夜景还是很美。就是从南门下车，在门口拉车的三轮太烦人，黑灯瞎火的，谁敢坐啊！
扬州古运河,夜景不错，晚上没有其他安排的话可以打发时间，西岸很热闹。网上订票需要现场换票，顺便可以只花20元再买张返程票，返程人很少，可以尽情拍照。
扬州古运河,这条当年靠纯人工挖的运河，精湛美丽，岸边很多古老历史故事文化，管理的很好，讲的也很好。换票很方便。晚上八点的有双层船，七点只有一层的船。
扬州古运河,晚上的夜景好美，全程有讲解，感觉没有白花门票，占了个靠窗的位置，照相超级方便，留了好多美照！！！
扬州古运河,扬州兴旺发达，运河功不可没。两岸花红柳绿，处处好风光。
扬州古运河,古运河的夜景很漂亮～很适合去夜游～
扬州古运河,可以体验一下
扬州古运河,千年的古运河啊，万件的辛酸故事！
扬州古运河,好地方啊，想想从前的繁华很感慨。
扬州古运河,环境好交通便利干净卫生好评，服务态度也很好，房间设施齐全，强烈推荐，666好评！我很满意，出行第一首选，哈哈哈红红火火恍恍惚惚哈哈哈
扬州古运河,去的时候人不是很多，沿途夜晚的景色很美，值得一去。
扬州古运河,真的很好玩，船上还有讲解的人员，对古运河有所了解！
扬州古运河,不禁想到隋炀帝大修这条运河是一个劳民伤财的浩荡工程
扬州古运河,我们从瘦西湖出来5:30，开车到便益门码头，正好赶上6点的船，河上景色很美，是电视讲解的，印象最深的是各式各样的桥，设计真不错！
扬州古运河,特地选择在晚上亮灯以后坐游船。夜晚的扬州，古运河两岸的灯光很漂亮，一路欣赏美景，还有工作人员的讲解，对扬州有了更多的了解。推荐！
扬州古运河,专门吃过晚饭才去的，看下夜景。河两边的灯光一般，解说员的讲解很详细，古运河文化底蕴深厚。下船的时候下雨了。还好滴滴司机来的很快。
扬州古运河,很方便，不需要排队，坐的是双层的船，二层很舒服！
扬州古运河,н[v解很到位，一路行船慢，有充分的rg可以^p沿岸L景，其P州的主景大多在\河砂
扬州古运河,夜游扬州古运河，很不错的选择！游船上微风拂面，河两岸风光如画，坐在船上听着介绍，对古运河畔的扬州运河历史有了直观的感受！非常值得
扬州古运河,游览一下古运河，体验运河文化很不错就是船上有几个熊孩子大嚷大叫，让我们根本听不清船上的讲解，不知熊孩子的家长坐游船是为了什么？
扬州古运河,扬州因河而生，2500年的历史让人感叹。坐在船上，听讲解员绘声绘色地讲着历史故事，心中的感慨早已超过景点本身的美丽。值得推荐！
扬州古运河,游览古运河最好的就是游船，单程60 半个小时。下船后坐电动车去个园，何园，是不错的选择。
扬州古运河,晚上六点半去的，上去就发船了，好像不是一小时一班，人满就会开。建议大家坐二层，没有船舱位置也要在甲板上，人多了在一层就看不清了
扬州古运河,晚上六点半去的，上去就发船了，好像不是一小时一班，人满就会开。建议大家坐二层，没有船舱位置也要在甲板上，人多了在一层就看不清了
扬州古运河,有意境，古运河流淌着历史的痕迹，伴着现代的文明
扬州古运河,总体不错、适合短期来扬州的乘客、遗憾的是下雨天、船务员都说晚上来更好看一点、介绍不错
扬州古运河,如果是第一次水上游，不妨试试。两岸灯饰较为单调，只有一种颜色，如果曾经船游过广州珠江、上海黄浦江、南京夫子庙秦淮河的，则建议沿古运河散步更合适。
扬州古运河,夜游扬州古运河一路行来凉风习习，岸边景色好美
扬州古运河,三月去扬州，当天夜晚看了古运河，晚上河面亮灯，波光粼粼，特别美。
扬州古运河,值得一去～～ 挺好看的～～～值得一去～～～ 挺好看的～～～ 值得一去值得一去～～ 挺好看的～～～值得一去～～～ 挺好看的～～～ 值得一去
扬州古运河,实际单程7公里 返程计时月30分钟景色不错，
扬州古运河,世界文化遗产，扬州是牵头城市，扬州非常不错
扬州古运河,***
扬州古运河,扬州城已经有2500多年的历史了，运河成就了扬州的发达和辉煌。古运河扬州市区段已经改造成供游览休闲的亲水区域，夜景也不错。
扬州古运河,3月25日晚是什么地球日，运河的景观灯关灯一小时，我们正好遇上，但幸运的是游船免费单程升级往返，并且返程途中景观灯再次亮起
扬州古运河,古运河夜景很美丽 讲解员抑扬顿挫 十分有感染力
扬州古运河,夜景很美，不过游客素质不高，后面一直讲话，都听不清导游的话了！ 要提前点到才能坐到靠窗的位置，我们卡着点去，只能坐走廊了！
扬州古运河,很美很长，有游船，节日时有游船表演，很不错
扬州古运河,推荐清晨或者傍晚来运河边散步，很惬意舒适。
扬州古运河,很不错的风景，沿途还可以看到扬州的风土人情
扬州古运河,船艇大人没有几个，大概做了10个人，不到演出大概半小时左右，风景也不是特别的好看，但是全程都有导游讲解，能够了解一些文化历史知识，但也是值得的，性价比整体不高。
扬州古运河,扬州挺不错的，酒店，出行各方面的服务都比较方便到位，商家也没发现明显的宰客行为，还可以。但是，传说中的扬州炒饭，真的没有让我惊艳的感觉，尽管里面的食材真的是好食材，海参瑶柱虾仁都有，但是味道……唉，见仁见智吧。
扬州古运河,故人西辞黄鹤楼，烟花三月下扬州。当年隋炀帝和乾隆多次下扬州都是通过大运河，今天来了扬州也要感受一下皇帝老儿的派！运河扬州段是大运河最古老的一段。可以说，没有古运河，就没有扬州古城，扬州古运河是扬州城的“母亲河”，扬州也被认为是天下独一无二的“运河城”。河水清澈，穿城而过，沿岸古迹林立，风土人情独特有趣。在闪闪的灯光里，夜游扬州古运河，联想到隋炀帝兴建运河，想起他三下扬州赏花的故事，不禁感慨万千。
扬州古运河,感受一般，一个是行程不算太长半小时不到的样子，可能是天没有暗下来，听说夜景会好一些，然后就是船上的熊孩子太多了…特意数了一下有五分之一多，一直在吵在叫在哭的都有，旁边的家长也不管，无法专注听讲解，码头也很旧，真的和武汉和杭州的游船比起来还是差一点…
扬州古运河,水上的线路不算短，景色还是很美的，实际上不是整点发船，而是在发船时间内满一辆走一辆，我们为了坐个靠窗户的位置还是等了会。
扬州古运河,古运河扬州段是整个运河中最古老的一段。现在扬州境内的运河与2000多年前的古邗沟路线大部分吻合，与隋炀帝开凿的运河则完全契合，从瓜洲至宝应全长125公里。其中，古运河扬州城区段从瓜洲至湾头全长约30公里，构成著名的“扬州三湾”。
扬州古运河,当地朋友推荐的夜游古运河，现在是淡季人也不多，携程上当天订的，到门口验证很方便，没玩过的可以看看，大概半小时浏览结束靠岸
扬州古运河,夜游扬州古运河别有一番韵味。沿岸有百年城楼古迹，也有现代化的餐饮娱乐，更有健身运动场地，然而这一切都相融相衬，各显特色。
扬州古运河,行程短暂，晚上景观灯光开启后 观赏效果好，古运河两岸确实亮点和特色，感觉景致一般 ，售票处有健身广场 可以停车，需走人行道进入，票价60 感觉虚高不值票价，学生和老人没有优惠票，建议无需购买返程船票，游船终点是南门遗址，登岸处比较荒凉，不相信黄包车，直接步行100米到大街上打的返回仅13元哦
扬州古运河,2014年中国京杭大运河被列入世界文化遗产，让古老的千年运河大放光彩，同时，由扬州牵头的运河城市联盟也让扬州美誉度直线上升。世界最早的运河就是在扬州，是吴王夫差时期挖的，隋唐时期，大运河贯通京杭，隋炀帝也是乘着龙舟沿着北方的运河到达扬州，并在扬州醉生梦死，一直把自己安眠此地。扬州的运河贯穿市区，东关街的尽头便是它了。
扬州古运河,从何园走到东关街，南门码头-何园、东关街-便益门广场码头的路段上景点不是很多。从不在运河边的何园开始，南行到康山街，再东行参观过卢氏盐商住宅及与之毗邻的盐宗庙后，继续往东即到达运河边的南通东路上，接着沿着南通东路折而向北，沿着运河的西岸游览。运河边有很好的绿化带，绿柳拂水，就像古诗词中描绘的江南风光。
扬州古运河,也就看几座桥上打的灯光，景色一般，如果有体力的，还是沿着古运河慢慢走，别有一番风味，票价略微高了，而且船开的很快，不知道是不是因为最后班船开了快点可以早点下班的关系，回程还要另加20元，不过小朋友到蛮开心的
扬州古运河,售票口识别不了二维码，必须看预约短信，每班游船整点发船，这次我坐7点的正好天色已暗，两岸的灯都亮起来了，二楼船头的房间空气不流通没有空调很闷热，情愿坐在室外的船中间凉快，整个游船时间大概20分钟结束，从便益门码头上船，最后在南门码头下船
扬州古运河,受长江水位上涨的影响，运河水位也上涨了很多，导致游船原有线路的部分桥洞变矮，线路缩水了大概40%，但是把原来的单程游变成了往返程，也不算太吃亏。遗憾的是水位上涨把景观照明的灯全部淹到水下了，木有灯光，就算是感受了一下古人夜游运河的情景吧！
扬州古运河,古运河是扬州景点之一。五座观景桥是一大亮点。夜幕降临之时，观景灯燃起后，流光溢彩照射在桥上，桥下，运河的河道里。大放异彩。晚上做船游览的人超级多，等了半个多小时才排到，期间就看着旁边跳广场舞的人群。河岸两边的建筑被炫目的彩色灯光所装饰，当天还有烟火在空中做点缀，凉风习习，夜游古运河，景色真的超级美，值得夜游
扬州古运河,体力可以的，建议沿运河岸逛逛，流光溢彩
扬州古运河,看一看古迹，缅怀一下古人，心生感慨呀。
扬州古运河,带上自己的家人一起出游 临时决定夜游扬州的古运河 门票是网上预订的非常的方便 最重要的是古运河的夜景非常的美 都有点流连忘返了
扬州古运河,淡季，人很少，夜景很漂亮，讲解也不错。
扬州古运河,不错，沿途的夜景美不胜收，值得一游。
扬州古运河,环境很棒哦，和小伙伴一起去玩的，很凉快
扬州古运河,天下三分明月夜，二分无赖是扬州。我们就是在月光下游览了古运河，那种意境是无法言说的，快来亲身体验吧！绝对收获惊喜！！！
扬州古运河,扬州古运河了解一下历史，特别值得一看
扬州古运河,古色古香，人流量很大，商业气息有点浓
扬州古运河,大概是冬天淡季，人超少，很舒服，路过一座座美丽的桥，在古运河上游船，很有滋味
扬州古运河,真心不错，以后有机会还会再来，景色也没，关键是携程订票快，服务很及时，信息很准确，很是喜欢，以后还会继续支持用携程的
扬州古运河,不是很推荐这个行程，经营管理的一般
扬州古运河,不建议下午看景?? 夜景??肯定好很多 还有就是要注意不要去成去扬州三湾古运河
扬州古运河,运河水上观光真美丽深受中老年的喜爱
扬州古运河,游船等候时间比较长，上船后但是蛮轻松惬意的，运河两岸夜景不错，下船时孩子睡着了，码头外面挺好打车的，很快就到酒店了
扬州古运河,夜间的古运河确实很美，各色的彩灯加上岸边的各类休闲设施，美轮美奂，值得一游
扬州古运河,出行前在网站提前购买了门票，第一个好处是方便，到地方只要出示身份证即可，第二个就是有优惠，所以以后出行都会提前购买
扬州古运河,扬州古运河夜景更美，值得下次再来。
扬州古运河,扬州古运河了解一下历史，不虚此行
扬州古运河,扬州古运河了解一下挺好的，不错啊
扬州古运河,不错，网上买便宜，整点开船，算好时间再去。现在淡季，一船就四个游客，哈哈
扬州古运河,取票方便，十一期间时间选择合适的话也是不用排队的，我们是六点半到的，去了就上船了，等我们返程回来，已经排上了长龙
扬州古运河,一般般吧 没做过穿的人还是可以尝试一下的 做过的就没啥意思了 网上订票不能直接购买返程票 必须到岸后在重新购买 不是很方便
扬州古运河,出票方便，满意一次愉快的夜游。。
扬州古运河,值得一去，还有一点与携程上说的不一致，就是人家是流水发船，不是一小时一班
扬州古运河,古运河满足了我对京杭大运河所有想象，甚至能想象到乾隆皇帝下江南的盛大场面
扬州古运河,扬州的天气不错，景色秀丽，在运河两边很热闹，做游船建议按天色来选去白天回来晚上这样的风景才赞呢，白天看景晚上看桥
扬州古运河,看看当年的东西，缅怀过去一下。
扬州古运河,国庆原因，人超多，船开的比较快，估计半小时不到就到对岸了；由于国庆期间，坐游船正好遇到花船，非常惊喜，好漂亮！
扬州古运河,中秋之夜，夜游古运河。此情此景，涌现无数歌咏扬州的诗句，春风十里扬州路，二十四桥明月夜……
扬州古运河,只游了单方向，是白天，下着蒙蒙细雨。听说晚上景色好。走走古运河沾沾先人灵气，也别有一番感受。再去时，一定夜游。
扬州古运河,很值得感受一下，挺美的，而且我们正好赶上双层的船，在船顶上可以一览周边所有美景。还是晚上去看好，白天没啥意思。
扬州古运河,天下三分明月夜，二分无赖在扬州
扬州古运河,带着家人游夜船，夜景不错，宝贝很喜欢，坐在二层露天，晚上6点的船，那天晚上不怎么冷，温度正好～结束后返回酒店了
扬州古运河,夜景很美，来扬州值得一看的景色
扬州古运河,船上人太多了，太吵了，大热天的空调也不开，简直是在洗桑拿。两岸风景倒是挺不错的，还能看到有很多大妈在跳广场舞。
扬州古运河,另一种方式游扬州，很不错哦！
扬州古运河,玩的很不错，便宜五块钱，换票也很方便。六点多上的船，很幸运看了一半白天的景，看了一半夜景，各有各的美，很好！
扬州古运河,古运河夜游风景不错，特别是在船上看有一长段距离的LED屏挺好看的。但是我觉得在河边走可能更好，又节约钱，又可以随心所欲地欣赏风光，而且如果有专业的导游，可能比夜游船上的导游更能讲解的透彻些
扬州古运河,从五台山桥下出发，两岸灯光璀灿，导游讲解清晰，到南门遗址上岸后，经徐凝门街，皮市街，一直到东关街，很有特色。
扬州古运河,还行吧，喝晕了，反正河两边还不错啊！我个人觉得坐船就是吹吹风，看看两边的灯光，总体觉得还行吧，票价就是有点贵
扬州古运河,这次游船游古运河，因扬州近期大暴雨，内河水位大涨，游船不能全程开，只能开一半，夜灯也不能开，坐在船顶也舒服的
扬州古运河,上面观光可以坐的椅子太少了
扬州古运河,下了船以后，沿着河走回旅馆，风景倒还不错，可是有些地方人行道走着走着就断了，只好走到非机动车道上，有点危险
扬州古运河,便宜门码头离东关街东门有点距离，走路需10分钟左右。订票很方便，游船一小时一班，可以上二层露台，夜景很美。
扬州古运河,夜景真的很美，解放桥，跃进桥带着时代烙印，桥下设计特别人性化，各种健身器材或者篮球场羽毛球场供市民锻炼身体
扬州古运河,一般般吧，两岸也没有特别好看的景色，东关街吃过晚饭随便看看也还可以
扬州古运河,值得一去，夜游灯光效果比较好，服务人员很友善，我们乘坐的是最后一班船，乘客只有五个人，还免费送我们回出发点
扬州古运河,东关古渡的夜晚是非常美丽的，随着游船一路所见到的古桥以及两岸的古建筑无不向人展示着扬州悠久的历史文化底蕴。
扬州古运河,挺值得去的，在网上订票，能便宜不少呢。晚上的风景不错，建议晚上去。
扬州古运河,夜景很美，烟花三月，不冷不热的天气，吹着运河上的小凉风，看着两岸的美景，听着解说兴致勃勃的讲解。好生惬意！
扬州古运河,下雨啦 视线不太好 但还不错
扬州古运河,很好，非常喜欢，很美，特别是夜景，灯光下的古运河，看到了千年繁华。以后还会带朋友和家人一起来游古运河。
扬州古运河,***************************************************
扬州古运河,夜景不错，主要灯光，穿上有语音讲解，不过人太多，听得不是很清楚
扬州古运河,夜景很漂亮，只是我们去的这天天气有点量，不然坐双层的船会更棒哒
扬州古运河,半小时左右的夜游运河比较值得一去，沿河风景秀丽，灯光唯美，推荐
扬州古运河,修建的非常整洁，环境很好，河边走走，空气很好，东关街出来，对面就是。游船的话，晚上可以去坐，两岸会有彩灯，一路上景色非常别致，就是大冬天的冷。
扬州古运河,景色不错，体验感ok
扬州古运河,夜游了一次古运河，总体感觉一般，毕竟运河的宽度有限。单程是二十几分钟左右，一共过6座桥，船内有讲解，包括桥的名称来源，构造特征，还有扬州的市花和市树等，非常丰富，这点还是可圈可点的。但是，船票要60一张，个人觉得有点小贵，不太值。
扬州古运河,晚上游览沿河两岸灯光很美，携程手机APP预定古运河船票很方便，到码头售票处换票登船，有讲解人员讲解。
扬州古运河,很好很方便，到了取票口本来网上订票需要出示二维码，说携程上订的票直接用短信就给兑换了，非常简单方便。
扬州古运河,景色很美，灯光很不错，还有讲解，值得一游
扬州古运河,换票很方便。非常好的游玩，晚上8点后游船，灯光全部打开，很美。讲解也很棒，几乎可以了解了扬州的历史。
扬州古运河,还是不错的，整个路线性价比很高，就是过了三湾公园会闻到一股臭味，很煞风景。希望***部门关停周边工厂，还有三湾到瓜州运河两岸还需要打造一下。
扬州古运河,夜游的，好像逢整点才开船的，7点一刻等到八点才出发。没有想象中那么漂亮，但还算中规中矩吧。风景是两岸的灯光，和差不多六座大桥，其实借辆自行车从南门沿着运河骑行也能看到这样的景色。
扬州古运河,虽然淡季人很少但是船上的工作人员依然很热情，本次体验很好。
扬州古运河,晚上乘坐的，时间不长但很美还是值得去看的。船上有美女讲解员做介绍，至于再多20返程我觉得就没必要了
扬州古运河,古运河扬州段是整个运河中最古老的一段，可谓历史遗迹星列、人文景观众多，以及新老运河的分水岭茱萸湾。
扬州古运河,体验一把古老，其他的到没什么感受，可能与心情也有很大关系吧
扬州古运河,挺好的，就是人太多，需排队等待很长时间！古运河的夜景很美，一定要买返程的呀！的确很值！赞棒棒哒！
扬州古运河,晚上去比较好看，两岸的灯光照映下超美
扬州古运河,一定要等晚上去坐船，所有灯开了很漂亮，船上导游解说的很棒
扬州古运河,不错不错不错不错不错不错不错不错不错不错不错不错不错不错不错不错不错不错不错不错不错不错不错不错
扬州古运河,一定要晚上开了灯了再去坐船， 最好等坐2楼上的，看的视野比较开阔。做在里面视线有障碍，左右边看不全
扬州古运河,非常喜欢扬州，现在户口也是扬州啦。古色古香，运河更然扬州具有历史感。垂柳依依，更为运河增色不少。
扬州古运河,夜景挺美，就是票价有点贵，时间有点短，应该慢慢欣赏比较好，性价比不是太高，上下船不是一个码头。
扬州古运河,夜游古运河，感觉很好，灯带很美，导游给大家做的讲解也很好，体会扬州古城的文化积淀，喜欢，推荐。
扬州古运河,风景还是很不错的，非常美，也没有什么人，建议买往返的票
扬州古运河,携程订票就是好，价格优惠，取票方便，只要给售票处看看手机发来的验证码就可以直接拿票，非常满意。
扬州古运河,古运河夜景不错，没事还是可以去转转，携程购票便捷优惠！
扬州古运河,排队的人比南京秦淮河的要少很多，晚上看风景更美，但终点景区基础建设一般，晚上从运河终点站走到大街上要七拐八拐，容易走错路。有很多黑车在旁接客，缺乏管理。
扬州古运河,非常好，关键取票简单！价格又便宜！还有船上女导介绍。
扬州古运河,天冷了基本没什么人，感觉像包了整条船，晚上岸边亮灯后特别好看！整个行程半小时，时间也恰到好处
扬州古运河,扬州历史文化底蕴深厚，乘坐游船有讲解，可以快速了解这些历史知识。 两岸景观也不错，值得一看。
扬州古运河,晚上夜景坐船欣赏，还是挺好的，票价也不是很贵，两个人，一边看景，一边听讲解，一边低喃，挺好的
扬州古运河,可玩性低，
扬州古运河,坐游船赏夜景很美，讲解员的讲解员的讲解很不错，就是有些游客素质太差，大声喧哗以至于影响气氛
扬州古运河,有点鸡肋，沿途没有什么风景，单程20分钟到30分钟左右，往返要加20元，所以出行前要想好路线。整艘船就我们一行7人，船可以上二楼，开船的师傅说晚上来风景会很好，因为有灯。
扬州古运河,晚上去的 还是可以 解说不够生动 建议白天自己骑单车逛逛
扬州古运河,晚上夜景很美、夜间两岸垂柳、灯火辉煌让人迷恋，座在仿古游船夜游古运河就象行走历史的长河中。
扬州古运河,夜景不错，但60单程性价比较低
扬州古运河,推荐从南门码头上船排队人少。沿途步道走走也有意境。
扬州古运河,很漂亮，晚上游湖很有感觉，时间不短也不是很长，推荐
扬州古运河,去过一次下雨天晚上走在那里别有一番滋味灯光很漂亮而且没什么人春天淅沥的小雨配合灯光真的很美
扬州古运河,两个码头都能上船，南门码头人比较少，夜景还不错！
扬州古运河,两岸夜景不错 游览时间不短 不过 后来我睡着了 没听讲解
扬州古运河,很满意的一次旅行，游船高端大气，乘坐舒适，沿河风光秀美，景色怡人，讲解员讲解非常精彩，
扬州古运河,扬州古运河是扬州城的血脉 去扬州一定要尝试一次 而且一定要天黑之后 这样旁边的景观灯全开 很美
扬州古运河,去的有点早，没有看到河两岸的夜景，但沿途景色还不错，也可以听一听讲解，还是很不错的体验
扬州古运河,月光下的扬州古运河波光盈盈。两岸的灯光流光异彩，好一片江南美景啊！
扬州古运河,还可以，大同小异的园子，带孩子出去玩，感觉还不错，感觉还不错，感觉还不错，感觉还不错，
扬州古运河,京杭大运河沿线的城市都有这美丽的旅游项目！古人留下来的伟大工程啊！
扬州古运河,夜景不错，大概坐船有半个小时的样子，上面有导游，就是里面人有点多，有点吵，其他都还好。
扬州古运河,由于是冬天，乘游船的人很少，但晚上的夜景很漂亮，所以建议7点以后去乘坐，单程就可以了。去之前可以先在东关美食街吃点扬州美食哦。
扬州古运河,夜景还是挺美的，只是看夜景的时候已经是下了游轮之后，建议坐游轮要坐二层，不然看不到美景
扬州古运河,方便快捷，直接兑票，都不用怎么排队，就是离住的地方有些远，坐车也不太方便，总体还不错！
扬州古运河,还不错吧，带孩子坐船看看夜景，运河两边的灯光也还好，孩子喜欢，定点开船，想坐窗边得早去
扬州古运河,没有学生票夜景的灯很美，单程60元，往返80元
扬州古运河,夜色相对不错，不过没有杭州的好。主要是看灯光，时间半个小时左右而已，略短啊啊啊啊啊。
扬州古运河,扬州的运河游总体上还可以，虽然比杭州要差一点。可能是两岸的东西少。但是晚上风景还行。
扬州古运河,五点上去的一会儿就亮灯了可是白天感觉会更好点可以看清两岸建筑晚上有点勉强虽然灯也好看
扬州古运河,网上订票快捷方便，价格实惠。夜游景色太美了！
扬州古运河,游船跑到不是很长，并且是大船，坐着船里看风光一般吧，并且还是单程的，返回还要再收费。
扬州古运河,售票人员很诚恳，取票时想买返回的票，建议到另一侧决定，到另一侧码头，确实没打算回头
扬州古运河,安静优美，所有没有的词都可以用一遍，赏心悦目的旅行从此开始~~
扬州古运河,每小时两个码头对开，夜景不错，在船行驶中，通过导游讲解，了解了很多关于扬州的历史。
扬州古运河,非常没有意思，就是坐船游了下河，解说员说下
扬州古运河,玩的特别开心 扬州真的是一个适合生活的好地方
扬州古运河,玩得还是蛮不错了，就是雨太大了，几乎看不到什么东西，但是意境挺浓的，总体还满意。。
扬州古运河,就是个古运河坐船溜达一圈有谅解，夜晚有灯，挺好看的，晚一点去比较好看。。。。。。。
扬州古运河,扬州古运河是一条穿越扬州市的重要运河。 游客可以在扬州市附近的河畔步行或坐船游览，在晚上部分段运河的两旁会亮灯，景色不错。
扬州古运河,每天散步都去的，市民欢迎度高，沿河带状绿地，水岸和陆地的处理比较单一，都是硬质驳岸
扬州古运河,很不错，没游夜运河不算来过扬州，景色太美
扬州古运河,船大，所以航行平稳，船上有解说员，航程6公里，单程时间大约30分钟，体验游运河。
扬州古运河,感觉不错，单程30分钟，导游讲解半小时。
扬州古运河,很惬意，船上还有讲解员介绍历史、很有意思
扬州古运河,非常值得游览的项目，然后我不知道说什么了
扬州古运河,适合散步，锻炼身体，骑行，春天时候最美。
扬州古运河,很方便，夜景不错网上订票很方便，扬州夜景不错，晚上坐船欣赏夜景，很惬意，果断好评
扬州古运河,夜景比较美，建议坐晚上6点以后的游船，船票要注意是单程的，返程要另外加20元。
扬州古运河,运河游船总体性价比一般，船速比较快，天黑也看不到什么，只能是算感受一下意境了。
扬州古运河,夜色不错，很好的一次体验，和好朋友一起
扬州古运河,还不错吧，晚上有点意思，白天不建议坐。
扬州古运河,夜游运河，非常漂亮，且在雨中。不多说了，有时间一定要再来。
扬州古运河,感觉非常不错，挺值得去一次的，夜景很美
扬州古运河,晚上的古运河风景很好，建议晚上去游玩
扬州古运河,总体感受还是不错的，两岸灯光有待提升
扬州古运河,运河边的房子建筑等都古香古色的，有历史感。。就是个别地方有点脏乱差，有点遗憾
扬州古运河,古运河夜游景色很美，一路讲解很不错。
扬州古运河,还行，有点意思，不过河道前方有修桥，总的行程只有30分钟，不过沿途风景还行！
扬州古运河,夜游秦淮河，两岸灯光摇曳，很有感觉。。。。。。。。。。。
扬州古运河,不错哈哈哈哈哈哈哈哈哈哈哈哈哈哈哈哈
扬州古运河,风景好 态度挺好 解说有点短 等待时间不长
扬州古运河,还不错，很不错，夜景很漂亮，值得一去
扬州古运河,夜景不错，人工讲解，全程半小时，不错
扬州古运河,古运河夜景很好 讲解员很给力 很好的体验
扬州古运河,还好还好还好还好还好还好，***
扬州古运河,70岁以上是半价，早知道网上订两张就行了，门票介绍里面未描述，有点不满意。
扬州古运河,夜景很美，拍了好多照片，就是效果没有现场看到的那么美，适合老年人出游的景点
扬州古运河,感觉还不错，主要是特意带老妈去看的
扬州古运河,不错，很方便直接就在登船处，报订单手机号，换个登船小票即可，夜游感觉也很棒
扬州古运河,扬州古运河风景带其实蛮长的，这次我漫步的主要是东关街历史街区附近的这一段。
扬州古运河,我们坐了一艘有两层的船。第二层是敞开式的，晚上泛舟古运河上，别有一番风味。
扬州古运河,两岸灯光流光溢彩，美轮美奂。票是单程的没看够，又买了返程的票，欣赏了2遍。
扬州古运河,古运河夜景确实很美，一次愉悦的体验
扬州古运河,夜晚游船游览古运河两岸文化景观，流光溢彩，精彩纷呈，品味历史，印象深刻。
扬州古运河,烟花三月下扬州，古运河乘船畅游。
扬州古运河,很好 最好是晚上七点那班船 稍微早一点去 可以坐在二楼吹吹风 很舒爽 两岸风光不错
扬州古运河,河面较宽，夜游很美。一般每小时开船一次。夏天可以选择八点之后乘船观夜景。
扬州古运河,晚上亮灯后的体验不错。。。。。。
扬州古运河,风景很好，工作人员服务态度也很好
扬州古运河,***
扬州古运河,***
扬州古运河,白天的景和夜景一起都看了，远的时间刚好是体验两重景的时候，感觉不虚此行！
扬州古运河,晚上的夜景的确不错，坐的时间灯还没开，但是他们等到开灯了才开船，很人性。
扬州古运河,瘦西湖很美 古运河更是别有一番韵味
扬州古运河,古运河好景，好地方，玩的很开心。
扬州古运河,运河流经老城区，两岸花红柳绿的环境很优美，沿河畔走走欣赏江南水乡之美吧！
扬州古运河,夜晚的景色非常美，尤其是晚上吃完饭之后，在古运河边上走一走，很是愉快呢！
扬州古运河,灯光还可以
扬州古运河,体验很好，景色不错，值得推荐，
扬州古运河,非常好的景点，路线很长，整体约20分钟，建议大家座船的右侧，景点比较多
扬州古运河,逛完东关街顺路去看的，夜景可以
扬州古运河,还是很好！心旷神怡！可以一游！
扬州古运河,景色不错，两岸的房子很有特色，白天看景，晚上看灯，凭票根加20能往返。
扬州古运河,景色很美，讲解员讲解的很到位。
扬州古运河,空气很好，环境优雅，停车方便！
扬州古运河,晚上坐船游览很美~~啦啦啦啦啦
扬州古运河,哈哈哈哈哈哈就哈哈哈姐姐去刷机
扬州古运河,夜游古运河，灯火阑珊，运河两边景致被灯光照耀美极了
扬州古运河,不错我很喜欢非常的漂亮下次还来
扬州古运河,很好晚上的扬州景色迷人好漂亮的
扬州古运河,晚上的游船，好多人，景色很美，
扬州古运河,一次很享受的乘船经历，河两岸的灯光映着水的波光很美，船上导游讲解很到位
扬州古运河,一次很享受的乘船经历，河两岸的灯光映着水的波光很美，船上导游讲解很到位
扬州古运河,很好的游程，晚上好看，一路有广播介绍，值得一看！
扬州古运河,下午去的，人不多，环境还是蛮好的，就是没有看到灯光，早上应该会更好看
扬州古运河,晚上看古运河是有灯情况下好看，平时白天看就一般般。不过步行街还是可以的。步行街对面的小峰饭店菜式和味道不错。
扬州古运河,灯光下的古运河十分美丽，唯一遗憾的就是没能坐到靠窗位置，看的不够尽兴
扬州古运河,历史意义大于观赏价值，返程坐的小三轮，走街窜巷感受了下扬州老街道氛围
扬州古运河,家人都很开心 一次难忘的旅行。
扬州古运河,临时起意和朋友一家约到扬州玩，正巧碰上建成2500年，一定要夜游古运河的，船票还是小贵了点，工作人员讲解很详细，两边亮化做的很不错，还看到了花灯船。
扬州古运河,个人觉得很值得一去，我是下午去的，估计夜景更美
扬州古运河,非常开心 恰好看到了花船巡游，但是扬州很奇怪，景点人员态度都特别的差
扬州古运河,夜色下的古运河两岸在灯光下令人陶醉，古今文化集合，很喜欢这样的感觉
扬州古运河,我们买的往返票，去时没有灯，返回时夜景灯亮，夜景美，清明去的，晚六点半开灯，建议选好时间做个夜景单程就行了
扬州古运河,*********************************
扬州古运河,古色古香的地方，春天尤其适合去，节奏不快的城市，漫步运河边，很惬意
扬州古运河,古运河夜游风景不错，特别是在船上看有一长段距离的LED屏挺好看的。
扬州古运河,风景很好，人很多，第三波上的船，船上导游讲解也很棒~有机会还来扬州
扬州古运河,很美，很漂亮，运河上听着介绍看着岸上风光，可以链接不少扬州人文历史
扬州古运河,运河游是相当有特色的。结合历史的讲说给人一种不同的体验。很棒的！
扬州古运河,晚上吹着小风欣赏着夜景，很惬意。上岸后可步行至东关街。总体很满意
扬州古运河,【趣味】非常值得去，游运河跨时间维度鉴历史之兴衰，感扬州之繁华。
扬州古运河,方便快捷，便益门广场码头验证码取票；沿途有讲解；二楼前排座位视野赞。价格一般并没有国内其它地方的游船座位好。我坐的感觉像连环马，有点挤，水质一般
扬州古运河,很好的，去了后有点遗憾没有纸质门票，售票处阿姨特地给了一张纪念票
扬州古运河,古运河夜景很美，游过一座座桥，都有精致的雕塑和灯饰，船上也有讲解
扬州古运河,很舒服，建议来回，携程上55，码头可以买返程加20，感觉还不错。
扬州古运河,晚上到古运河转转，搭乘游船，在彩灯摇曳的古运河上飘荡，很有情趣。
扬州古运河,不错的景点，愉快的旅游。乘船观景，感觉很好。
扬州古运河,扬州古运河，全程大概20分钟左右吧，会有讲解员在前面机械的讲着课文。古运河两边还可以，差不多6.30分就亮灯了，所以建议选择坐7点出发的那趟船。
扬州古运河,很好看噢 每年都去玩 有意思
扬州古运河,带妈妈晚上坐的，感觉很舒服听听介绍，很满意
扬州古运河,隋炀帝当年做的唯一的一件好事。古运河京杭大运河里面的其中一段。
扬州古运河,风景不错，秋天带孩子出来走走，扬州很适合居住，文化底蕴很浓很厚
扬州古运河,夜晚的运河比白天的更美。建议从南门上船，人少，景色也越来越美。
扬州古运河,非常棒的体验，可能正好是淡季，包船游玩古运河，两边的景色很漂亮
扬州古运河,景点非常喜欢，很有意思，看看中国的古人非常吃苦耐劳。下次再来。
扬州古运河,古运河夜游，沿河而行，徐徐清风，值得一游！
扬州古运河,为了将一切尽收眼底，早早就出发了，游玩过后觉得很值得，忠心推荐
扬州古运河,下午坐的，看看两岸建筑和绿化，晚上准备再去坐一趟，看看灯光秀。
扬州古运河,靠船左边坐 风景好 时间20分钟左右 终点 10元三轮车到起点 单程就好
扬州古运河,两岸夜景十分美丽，听着导游讲解扬州历史，看着古建筑，十分惬意！
扬州古运河,在携程定景区门票太方便了，节约了购票的时间，还有优惠，太好了！
扬州古运河,夜晚河两岸有灯光，景色较美、人也较多，路程25分钟，票价略贵！
扬州古运河,"晚上去很不错,两岸灯光效果好,游船还有讲解,携程订票方便快捷."
扬州古运河,到了便宜门登船，上船后两岸灯光亮起，经过6座桥，夜游感觉不错！
扬州古运河,夏天顺着古运河走走还是不错的，也有很多锻炼的当地人。想象中的古运河应该是宽阔的，好歹是皇家御道，但实际就是窄窄的一条，不知还是不是当初的模样。
扬州古运河,有趣好玩，新旅游线路，值得尝试， 总体超赞，景色不错，水上巴士
扬州古运河,扬州的也游船，便益门码头晚上7点的船，非节假日也几乎坐满，船舱2楼的露天平台，很快就没有位置了，坐在楼下的船舱里面，实线比较差，船上有讲解，夜景一般，会经过几座大桥，岸边会有一些老式建筑，还有一些当地人的市井生活，总体体验一般吧，下了船也不知道往哪里走，要去问路人。
扬州古运河,景色不错，值得推荐，有趣好玩，体验很好，
扬州古运河,景色不错，体验很好，
扬州古运河,值得推荐，体验很好，景色不错，有趣好玩，
扬州古运河,除了排队等候时间较长，其他都不要错，沿途风景名胜众多，特别是每座桥梁都风格各异，有导游讲解印象深刻！
扬州古运河,往返还是蛮划算的，返程只要20，两旁景色不错，听着讲解会了解很多知识，个人觉得2层船尾的位置很赞，全方位的观赏，不会受人影响，天热可坐露天的
扬州古运河,帮人定的，应该还可以吧，没听说有什么不好的。听说还挺漂亮的。
扬州古运河,很不错，半小时的船程，会介绍运河沿途的一些历史建筑，值得一坐
扬州古运河,很好的一次游历，两岸风光充满历史风情，下次可以尝试步游古运河
扬州古运河,优点：没人，可能是淡季竟然包场。 空调很暖和，船也很稳。 缺点：第二次坐了怎么和记忆里不一样了，难道还有别的线路。 感觉却不如南京苏州运河好看了
扬州古运河,一般吧。。没啥看的。然后双整点可以坐往返穿，单整点是单程，可以说有去无回啊得自己到了南码头终点站想办法回去「我们坐的电动三轮车20-30」
扬州古运河,优惠，现场买60，晚上玩比较好有灯，我白天玩的，看不出效果
扬州古运河,景色很美，单程游完运河，打车赶去看春江花月夜，时间刚刚好！
扬州古运河,沿岸灯光秀不错，但运河水有点味道。推荐坐在二层，视野更好。
扬州古运河,便益门广场上船，南门码头下船，单程半个小时，沿途灯光不错。
扬州古运河,古运河古色古韵，游船很漂亮，船上讲解员讲解很详细，赞一个！
扬州古运河,晚上两边灯光很差，听了讲解都不知道往哪里看。六十元听了运河的前世今生，感受一下古运河，仅此而已。不过，来了扬州不坐船看看运河，总感觉不完整。就留下了一张图片。
扬州古运河,运河两边的灯光非常漂亮，中间经过六个不同风格的桥，非常值得
扬州古运河,和苏州环运河船游比性价比不高，55元单程，回程再加20元，果断决定打车回一家人才九元打车费。船上讲解还可以吧，对于北方游客可能更有感觉吧。
扬州古运河,作为扬州人，古运河有时候是一种情怀，过段时间就要去看看。
扬州古运河,很好的行程，不过去的有点早，船开了一半两岸的景观灯才亮～
扬州古运河,体验古运河的别样风貌，替隋炀帝感到悲哀啊！便宜了李唐啊！
扬州古运河,好天气去的，但是到了2楼船一开，风很大，不适合带宝宝上去
扬州古运河,玩过珠江夜游和重庆两江夜游的，不要对此夜游期待太高，但随便看看还是很不错的。总体时长有半小时吧。
扬州古运河,夜景很漂亮，美中不足是运河上有一部分在修桥，玩的不完整。
扬州古运河,挺好的，比去售票处买便宜了10元。夜游古运河蛮有意境的。
扬州古运河,古运河游船，时间25分钟，有解说，6点的船，7.30才开灯，没什么好玩的，老人不愿意走路的可以玩一玩，年轻人不合适。回程打的到东关一条街
扬州古运河,建议大家在白天看古运河，景色也比较好
扬州古运河,晚上玩儿的，什么都看不到，就是觉得岸边花花绿绿的灯挺漂亮
扬州古运河,京杭大运河的精髓在扬州，坐坐游船，河边走走，都是很惬意的
扬州古运河,瘦西湖旁边现在有几条小船坊在经营。沿路走过风景很漂亮。
扬州古运河,游玩的时候天还没有暗，二边的景观灯还没有开，有点遗憾。
扬州古运河,古运河扬州段是整个运河中最古老的一段，来扬州一定要游览
扬州古运河,夜游古运河感受扬州变迁，船上整洁舒适，随船导游随景介绍
扬州古运河,夜晚灯光很美，导游介绍的也不错，外面飘雨，感觉到了扬州
扬州古运河,景色很美，购票取票很方便，坐船时间也比较长，有导游讲解
扬州古运河,晚上非常漂亮
扬州古运河,一定要等天黑坐哦。可以提前去，坐在船头那边看的更清楚
扬州古运河,晚上夜游运河，听扬州运河两岸历史讲解，确实很有收获。
扬州古运河,没有看夜景，因为怕晚上路上车多，拥堵，没有地方停车，所以下午去游船的，白天游船的感觉肯定和没有晚上看的感觉不一样
扬州古运河,解说非常详细 只可惜是白天游玩的 如果晚上应该景色更迷人
扬州古运河,白天去的，没看到夜景，两岸风景一般，没什么可看的，感觉跟杭州运河游船差不多，但杭州白天是按公交付费，一人才几块钱，这个价钱性价比太低
扬州古运河,扬州古运河，鉴证了古代人民的智慧
扬州古运河,静谧的夜晚，两边的灯火通明，显得古运河尤其古朴美丽。
扬州古运河,对于第一次来江南旅行的来说，夜游大运河必须去感受下。
扬州古运河,景色还可以，船打扫得挺干净的，就是讲解在二楼听不清楚
扬州古运河,参观过上海广州天津重庆的游船夜景 那么你会觉得这里没太大意思 如果没看过游轮夜景的朋友 可以看一下
扬州古运河,十分满意的一次夜游，古运河两岸夜景古色古香，值得一游
扬州古运河,去的早了，景观灯还没有开，又坐了一圈，就开了，很漂亮
扬州古运河,很美，听着介绍看着沿途景色，可以了解不少扬州人文历史
扬州古运河,景色很美，不虚此行！景色不错，
扬州古运河,古色古香，免费，夜景不错赞一个
扬州古运河,免费的 沿着运河边走一走 无论是清晨还是晚上 都各有风味
扬州古运河,一般吧，灯光简单 坐船时间还可以 ，观赏鸽不是很理想 。
扬州古运河,还不错吧 说是准点发船 实际一直在等人 晚了10分钟左右
扬州古运河,夜晚灯光璀璨，坐游船或沿河堤漫步，都可以欣赏到美景
扬州古运河,景色优美 比较适合上景色写诗老年人可以散散步锻炼身体
扬州古运河,晚上游览的，风景很美，很有情调，上海的朋友赞不绝口
扬州古运河,坐在船上游览古运河一圈 可以看到古运河的夜景 非常漂亮
扬州古运河,行程较短，应该夜晚游才有感觉呢
扬州古运河,就是价格有点贵，沿途风景还是不错的。建议晚上去好。
扬州古运河,游到每个地方会有讲解 还算可以 本来是想走不到买的票 没想到去游船的地方就沿着运河走的差不多了哈
扬州古运河,个人建议夜游古运河。我是在携程订的票，古运河游船半小时，沿河的建筑灯光都非常有特色。有导游会全程讲解，让大家对扬州有个更详细的了解
扬州古运河,晚上看运河的景色很美，同时有导游讲述运河的古往今来
扬州古运河,夜游古运河，另有一番趣味，可以从另一个角度了解历史
扬州古运河,下次再来扬州有时间一定要去看看，这次游览的瘦西湖。
扬州古运河,订票方硬，运河夜游，景色开阔，要6点半之后才亮灯，
扬州古运河,晚上夜游古运河，微风徐徐，看着运河夜景，真是快醉了
扬州古运河,就说一个字美！！！！！！！！！
扬州古运河,夜景好美啊 不错呢 晚上的大运河体现出扬州美景心旷神怡
扬州古运河,夜游扬州真棒，不得不遥想当年隋炀帝的脑袋怎么想的，也很感叹古人的不易！没有现代化机械，全靠人力，修了一条这么壮观宏伟的大运河，赞！
扬州古运河,扬州市有名的沿河风光带，扬州市民健身之地，外地游客可乘游船一览大运河风光(夜晚在灯光映衬下更有特色)值得一游。
扬州古运河,婉约古运河，悠悠佳人心！一座婉约城市中的婉约少女！
扬州古运河,感觉扬州运河游没有什么新意，或者特别能让人记住的东西。大家坐在船仓里，就像坐在渡江的交通工具里一样。船里有点音乐，两岸多些灯带，大家可以站在船上感受下自然风，可能会好些景色一般，可玩性低，
扬州古运河,导游姐姐讲的非常好值得推荐，
扬州古运河,这地方只能晚上去，白天太普通了，晚上打着灯光还行。1月份是淡季，整点开船，就没几个人游玩
扬州古运河,千年古运河、悠悠扬州史、看垂柳依旧、品世事变迁！
扬州古运河,白天游的船 如果晚上去了会更漂亮 两岸的景色会更迷人
扬州古运河,通过携程预定取票方便，风景优美，下次还会选择携程
扬州古运河,挺好的，挺好的，挺好的，挺好的，挺好的，挺好的。
扬州古运河,很不错的旅途，水上游值得一坐，特别是夏天很凉爽。
扬州古运河,了解古运河历史，船行驶的很快很晚。这次游玩很赞。
扬州古运河,不错，我们一不小心居然包船了，半个小时很快过去了
扬州古运河,古运河确实不错，能够看出当时人们的艰苦卓越的付出
扬州古运河,第一次去，很不错。那天正好下着小雨，非常的漂亮！
扬州古运河,典雅优美，解说到位。夏天船上也很凉爽(空调很足)
扬州古运河,很好，端午期间，船次很多，两岸在灯光的照耀下很美
扬州古运河,风光美美哒，夜晚的景色的确不错，游船上还带空调，
扬州古运河,转了半天，居然没有找到码头，就在湖边溜达了一圈。
扬州古运河,很值得去，景色优美，乘船旅游更是别有一番滋味！
扬州古运河,中国水墨画的典型代表，美不胜收，万条垂下绿丝绦
扬州古运河,夜景好美的，是一趟不错的体验以后有机会带父母去
扬州古运河,带着老人坐船看看夜景的确是很美，也不累。值得。
扬州古运河,游船有特色，景点有人文社科元素，周边中西合壁。
扬州古运河,晚上的古运河很美！喜欢和老公一起坐游船的感觉！
扬州古运河,门票小贵，不过夜景的确很美，还是值得一游的。
扬州古运河,我们坐的是单层的，没有坐到双层带甲板的，还不错
扬州古运河,网上订票方便快捷，超值。夜游古运河简直太美了。
扬州古运河,一路上古运河周边夜景很漂亮 江南水乡的韵味也很浓
扬州古运河,挺好的 风景很好~ 晚上的景色特别不错~ 推荐大家~
扬州古运河,环境很好的，服务也挺好的，就是面盆水下得有点慢
扬州古运河,还可以，就是有一段路很臭
扬州古运河,白天游船，还可以，一般般，带老人孩子比较舒服
扬州古运河,离住的酒店很近，打车起步价，晚上坐船，很舒服
扬州古运河,夜晚的扬州古运河宁静超美！网上订单使用方便！
扬州古运河,最好晚上7点坐船，灯光刚好开，好看，值得一看
扬州古运河,白天太晒，所以挑了晚上。灯光亮起来，非常好看
扬州古运河,非常棒的夜景，非常好的导游！余兴未了下次再游
扬州古运河,短短半小时的游览时间，就经过了好几座风格迥异的桥，坐在船上的我，回忆起关于京杭大运河的相关知识，不禁感叹:古人的智慧和坚持！
扬州古运河,风景不错，水质还好，夜景很美，游船价格也适中
扬州古运河,古运河上有很多桥 绿柳抚水 清水徐徐 感觉还是不错
扬州古运河,夜晚的运河风光秀丽无比，渡船的设计风格很应景
扬州古运河,不错的体验，河道古韵，灯光装扮，更加显得美丽
扬州古运河,夜游古运河，全程15分钟左右，河岸两边灯光还是很美的。可能是坐的晚上9点的一班，岸边人不多不怎么热闹，只有桥和灯，体验一般。
扬州古运河,国际运河博览会的永久会址，运河开发十分成功！
扬州古运河,晚上去了一次，沿着运河两边逛了一下还是不错。
扬州古运河,沿着河边走走，呼吸呼吸新鲜空气，活动活动筋骨
扬州古运河,值得推荐，h景色不错，
扬州古运河,古运河夜景很美，下次来扬州还要住在运河旁边
扬州古运河,非常值得一游，扬州人古文化体现的非常充分！
扬州古运河,古运河适合在晚上坐船游玩，水面宽阔，游完了秦淮河夜景后比较两岸夜景总体来说不如秦淮河，灯光效果一般吧。
扬州古运河,真挺好，就是人气不旺，宣传和服务做得不够。
扬州古运河,很棒，和家人一起玩的，很有意义。景色也很美
扬州古运河,景色不错，船上有讲解，适合第一次游扬州的人
扬州古运河,人工运河，两岸风景不错，晚上两岸亮化也很美
扬州古运河,一如既往地喜欢夜游河畔、天气好、景色也迷人
扬州古运河,值得一游。尤其是晚上七点，会把运河灯打开。
扬州古运河,不错，价格比以前贵了，还有就说回程要再门票
扬州古运河,在便益门码头上船，换票很方便。北到大王庙，南到徐凝门，然后徐凝门码头下船，出来刚好是1912。 坐的是大船，早去才能靠窗。
扬州古运河,去的早所以人不是很多 慢慢走走逛逛 蛮不错的。
扬州古运河,感受古城悠久的历史文化，几座桥的夜景很美！
扬州古运河,很美的！！运河名城名不虚传！真的不虚此行！
扬州古运河,很方便的预订。夜游景致不错，老人家很喜欢。
扬州古运河,晚上的风景很美，古城风貌最适合夜晚细细品位
扬州古运河,运河在便宜门码头上船，手机刷二维码验票，很方便，我们6点到，船工看我们要坐船，等我们一下，一共约25分钟，有讲解，了解历史
扬州古运河,扬州的古运河最独有风韵，和瘦西湖相印成趣。
扬州古运河,古运河的重要一段，现以观光为主，夜景更美。
扬州古运河,的确要晚上游河，唯一不好的就是不能到甲板上
扬州古运河,的确值得一览，穿越历史品味扬州！回味无穷！
扬州古运河,古运河风光带白天和夜景都是值得游览观赏的。
扬州古运河,专门坐夜游船游览，灯光不够，旁边风景看不清
扬州古运河,有趣好玩，总体超赞，景色不错，性价比高，
扬州古运河,景色秀丽，亲民价格，非常满意，绝对好评！
扬州古运河,有趣好玩，值得推荐，
扬州古运河,体验很好，有趣好玩，景色不错，值得推荐，
扬州古运河,景色不错，值得推荐，
扬州古运河,还不错，晚上风景独好
扬州古运河,景色不错，值得推荐，
扬州古运河,体验很好，景色不错，
扬州古运河,票价略高，可能作为古城更多的是历史底蕴吧，晚上看的基本就是两边的灯带和桥，比较单一。夜游还是珠江那种比较好看，灯光多～～
扬州古运河,坐过上海外滩的船，坐过桂林两江四湖的船，坐过苏州的船，相比之下毫无特色，上船之后最少有100来号人，比菜市场还热闹，犹豫窗户反光，基本不能照相，讲解一般，景色还好，建议大家步行，基本没坐船的必要。如果第一次参加这种夜游还可以，像我总是旅游的人来说，建议不要坐。一共6km。基本没啥，乱的让人头疼。开船的叔叔们很客气，上下船一直在说注意安全，注意脚下。
扬州古运河,不能到船舱外面，在船里真的感觉挺压抑的。虽然特地在码头等了一个小时，等到七点岸边的灯全开了才坐船，但还是很单调。特别是夏天，船舱内的窗户的对开的，如果对面的人早到，会把窗户全开了，另一侧就没有可以开的空间了，非常热。个人觉得不值当的一坐。
扬州古运河,夜游古运河，效仿隋炀帝巡游古运河的大气。
扬州古运河,喜欢古运河的夜景，携程订票有优惠，点赞。
扬州古运河,这条古运河和无锡南长街的古运河差不多的，
扬州古运河,地标性灯光比较少 讲解音量恰到好处 也很值啦
扬州古运河,来了扬州不坐船看看运河感觉总是不圆满，船上有讲解，但是晚上两岸不是太清晰，夜景没有预想的好。有点不是很值，不如沿着河走走
扬州古运河,古运河还是很值得一去的 晚上的夜景挺不错得
扬州古运河,看了古运河，你自然会想到烟花三月下扬州。
扬州古运河,好美，景与光的美，杨州古城的自然美，，，
扬州古运河,人不多，夜风吹着很凉爽，工作人员很热心。
扬州古运河,来扬州两年，第一次夜游大运河，美丽的景色在倏忽中飘过，怅然的心绪在时光里流淌……
扬州古运河,"沿途风景不错,空调船很舒服，沿途有讲解员"
扬州古运河,挺不错的，夜晚逛逛挺好的，有机会就坐坐。
扬州古运河,晚上坐的游船，经过六座桥，夜景挺漂亮的。
扬州古运河,很漂亮，夜景尤其美。东关街走出去就到了。
扬州古运河,夜景很美。值得玩一玩。船上还有解说。很棒
扬州古运河,世界运河城市典范，古运河是典范中的典范！
扬州古运河,世界运河博览会的永久会址所在，美不胜收！
扬州古运河,出票快，价格优惠，大人小孩玩得都很开心
扬州古运河,还行吧还行吧，行程不长，还是很有特色的
扬州古运河,非常?好，孩子喜欢！买票取票都很方便！
扬州古运河,还可以。很多古建筑可以看到。河水也干净
扬州古运河,扬州古运河门票价格实惠，有机会还会游玩
扬州古运河,很漂亮，值得一游。建议返程票一起购买。
扬州古运河,古运河两边在灯光的映照下景色还是不错的
扬州古运河,风景特别漂亮，游玩的人很多人。特别不错
扬州古运河,船干净，河两边的风景优美，晚上坐更漂亮
扬州古运河,又一个来扬州必打卡的地方，夜观扬州全景
扬州古运河,夜景超级美，必须晚上去一次，白天去一次
扬州古运河,还行，带父母去逛一圈，国庆节人还是蛮多
扬州古运河,网上订票非常方便，古运河两岸风景秀美。
扬州古运河,夜景很美啊，讲解员也专业，绝对值得一看
扬州古运河,两岸灯光不是很明亮，但更显古城的风貌。
扬州古运河,有韵味，古色古香，景色不错，值得一游！
扬州古运河,古运河晚上游船风景不错，值得去兜兜逛逛
扬州古运河,清明节去玩的，人多船少，两岸的灯很漂亮
扬州古运河,讲解到位，座位宽敞，两岸的风景特别好。
扬州古运河,中国人太伟大了，运河很美丽，夜色很美，
扬州古运河,晚上去坐船，很漂亮，一路还有讲解，不错
扬州古运河,可以很好的看到古运河各处的美景，非常好
扬州古运河,第二次购买了，很不错，就是节假日人太多
扬州古运河,网上订票太方便了，进门刷码也很方便。
扬州古运河,晚上乘船游，全程有讲解，灯光很漂亮。
扬州古运河,夜景二岸的灯光美轮美奂，值得去看看，
扬州古运河,夜扬州很舒服的一个玩法，性价比还高的
扬州古运河,运河两岸灯光不错，坐在船上比较舒服！
扬州古运河,烟火三月下扬州，值得来一趟到此一游!
扬州古运河,唯美扬州，夜游古运河值得一看，推荐！
扬州古运河,孩子玩得很开心，景色很美，有机会再来
扬州古运河,人坐满就开船，夜景不错，解说也很好。
扬州古运河,景色优美，龙船看上去很漂亮，解说很好
扬州古运河,坐船看两岸的风景名胜很美，很值得一去
扬州古运河,不错！不错不错不错不错！不错不错不错
扬州古运河,很好，值得游览，非常顺心愉快的旅行。
扬州古运河,一定要夜游，因为白天没灯光不出效果。
扬州古运河,非常满意的一次夜游，景色非常的美丽。
扬州古运河,性价比高，人在画中游，一览运河古韵。
扬州古运河,好久没来，评价迟了，非常好。值得一看
扬州古运河,很好的体验！水乡的生活，梦想的生活！
扬州古运河,很赞很赞很赞很赞很赞很赞很不错的样子
扬州古运河,玩的很开心。玩的很开心。玩的很开心。
扬州古运河,坐了6点的，天还没黑，相信夜景会好看
扬州古运河,很好玩，晚上很漂亮，建议大家7点左右
扬州古运河,夜景很漂亮，导游讲解很好，人有点多！
扬州古运河,还不错，天气也很好，全程大概半个小时
扬州古运河,喜欢，夜景不错，桥很好看，岸边也好看
扬州古运河,一次愉快的梦幻之旅的享受值得再次选择
扬州古运河,扬州的母亲河，两岸垂柳，风景这边独好
扬州古运河,扬州古运河的景色十分的有买，去问很高
扬州古运河,不虚此行，性价比高，希望增加班次，
扬州古运河,人不多，晚上的灯光景色还是不错的。
扬州古运河,我佩服大运河！还是喜欢这，大小了。
扬州古运河,.................
扬州古运河,不善言辞，但是非常有感觉，景色很美
扬州古运河,很棒，风景很好，导游的讲解也很不错
扬州古运河,不错，可以做，两层游船。可以体验。
扬州古运河,很好玩，晚上好凉爽，静美。还会再来
扬州古运河,很好 很大的船 总体很开心 扬州还算干净
扬州古运河,看夜景得7点10才发船 回程的人很少
扬州古运河,方便，实惠。换票速度相当快。。。。
扬州古运河,古色古香，看江南秀美夜景，不枉此行
扬州古运河,夜游很美，网上订票很方便，好评好评
扬州古运河,古运河的夜色很美，游船的服务很好。
扬州古运河,好评，还可以！可以一玩，听听讲解！
扬州古运河,挺好的，风景很好 导游讲解的很不错。
扬州古运河,游河还是晚上比较好，灯光非常漂亮！
扬州古运河,方便，出发后讲解也很认真，值得一游
扬州古运河,曾经辉煌无比的大运河，皇上南浔之路
扬州古运河,景色很美，绝对值得一游。服务很好！
扬州古运河,有讲解，挺好的，沿途了解扬州的历史
扬州古运河,很好，夜景美。不过需要打印票才可以
扬州古运河,一次很好的体验，扬州古城的夜很迷人
扬州古运河,网上订购，窗口确认上船，挺方便的。
扬州古运河,晚上去的开夜灯了 讲解员一路讲解 很美
扬州古运河,烟花三月，杨柳依依，非常值得一去！
扬州古运河,晚上游玩还是蛮好的，夜景非常漂亮。
扬州古运河,休闲放松一种方式，两岸夜景值得一游
扬州古运河,不错，比较美，整点发船，建议坐右边
扬州古运河,扬州大运河是最古老的一段，风光迤逦
扬州古运河,晚上夜游古运河，蛮好看的，夜色真美
扬州古运河,扬州古运河点夜景美轮美奂，值得一游
扬州古运河,推荐晚上乘坐古运河的船，非常漂亮。
扬州古运河,不错，感觉很好，夜景不错，值得一玩
扬州古运河,挺好的。夜晚的沿岸景色不错！值得。
扬州古运河,很美，如果春天来会有种春游的感觉。
扬州古运河,世界运河发展的典范，环境十分优美！
扬州古运河,景色非常好，性价比高，水挺干净的！
扬州古运河,不错哦哈哈哈
扬州古运河,很不错很方便
扬州古运河,景色不错，好
扬州古运河,适合夏天秋天在河边散步玩玩 挺不错
扬州古运河,看古运河风景，忆当年扬州之繁华！
扬州古运河,***
扬州古运河,古运河的历史悠久，两岸景色优美。
扬州古运河,很不错，一本书的序，很开心的结尾
扬州古运河,夜晚的古运河在灯光下显得格外迷人
扬州古运河,很美 非常值得一看 好评......
扬州古运河,非常方便，晚上景色更好，凉风习习
扬州古运河,方便快捷，还能有一些优惠，很不错
扬州古运河,感觉很好！真的很好！下次还会选择
扬州古运河,值得一去，喜欢扬州的感觉，很舒服
扬州古运河,运河的夜景很美，两侧的浮雕不错！
扬州古运河,挺不错的，还可以，服务也挺好的。
扬州古运河,很棒的一次夜游船体验，蛮舒服的。
扬州古运河,不错，比在景区直接买门票便宜十块
扬州古运河,陪爸妈游古运河 非常开心 讲解的很好
扬州古运河,很好，取票方便快捷，景色见仁见智
扬州古运河,美丽的古运河～真的是名不虚传哦?
扬州古运河,夜色很美，讲解员讲的很好～～～～
扬州古运河,取票方便。晚上游运河，景色很美。
扬州古运河,环境很好，服务周到，强烈推荐大家
扬州古运河,夜游不错夜游不错夜游不错夜游不错
扬州古运河,很不错夜景超级美，一定要夜景好看
扬州古运河,还可以，下午去的，就是时间短了点
扬州古运河,虽然下雨了 但是和爱的人一起很开心
扬州古运河,不错啊 可以感受一下，周边的夜景。
扬州古运河,值得一游，晚上风景与白天很不一般
扬州古运河,体验了扬州的文化，运河夜景很美。
扬州古运河,风景很美，值得一玩，下次还会再来
扬州古运河,家人超级满意 两天的旅行意犹未尽。
扬州古运河,性价比高，景色不错，总体超赞，
扬州古运河,体验很好，
扬州古运河,挺好玩的呢
扬州古运河,河边风光带有很多绿地，逛逛还行
扬州古运河,方便，价格优惠，，讲解也不错，
扬州古运河,夜景很美，游船宽敞，值得体验哦
扬州古运河,听听历史，吹吹河风，赏赏夜景。
扬州古运河,坐船体验了一把，感觉还可以吧。
扬州古运河,夜景超级超级超级超级超级美美哒
扬州古运河,夜景不错，值得去，五一人比较多
扬州古运河,不错，值得一游，非常推荐！！！
扬州古运河,还不错，就是周边吃东西不太方便
扬州古运河,很方便。，，，。。。。。。。。
扬州古运河,夜景很美，携程买的很便宜。很好
扬州古运河,不错 看看风景名胜体验当地特色的
扬州古运河,两岸风光不错。每天整点发船哦。
扬州古运河,挺不错的，看着风景，听着介绍。
扬州古运河,扬州好地方真心不错的哈哈哈哈哈
扬州古运河,第二次坐了，这次体验没有第一次来的好，7月的天船内空调不开，非常多蚊子。被咬了7个包。晚上7点30上船，河两岸的景观灯都没开。快8点才开。到大弯那大屏幕都坏了。70岁以上的老人才有优惠票价。
扬州古运河,很好！很好！灯光不错！夜景！！
扬州古运河,方便，快捷，别有风味，值得一游
扬州古运河,用起来挺方便，不错不错！！！！
扬州古运河,很好，古运河了解并一游真的很好
扬州古运河,烟花三月下扬州，果然名不虚传。
扬州古运河,很不错！灯光很漂亮！孩子喜欢！
扬州古运河,携程购票很方便，还便宜了五块钱，扬州夜景很棒，下次机会有机会一定会再去
扬州古运河,玩的不错，就是太短就游了一半哈
扬州古运河,下雨天公不作美，但是景色很好。
扬州古运河,景色非常漂亮 ，赏夜景的好去处。
扬州古运河,不错，亲们可以来看看哦。。。。
扬州古运河,非常一般 不推荐 非要坐就6/7pm之类的晚上 白天没啥好看的 船是有空调有位置的2层小观光船，没厕所（在码头上有）全程30min，解说放的录音，声音还轻... 运河很窄 景色很少 也只去其中一段
扬州古运河,感觉挺好！感觉挺好！感觉挺好！
扬州古运河,夜景很美丽，讲解也很专业，不错
扬州古运河,景色宜人，值得游一游。很不错的
扬州古运河,可以，夜景很漂亮，有导游讲解。
扬州古运河,1 网上订票 景点取票 便捷 2 位置偏远 离市中心远 需要转公交车 3 靠近何园 建议一起旅游 4 讲解员水平需提高 总体不错
扬州古运河,网上买比在窗口买便宜10元钱。
扬州古运河,取票蛮方便，坐坐体验下蛮好。。
扬州古运河,好玩，享受古运河夜景，很不错的
扬州古运河,方便～南京～扬州游都是用的携程
扬州古运河,很好，很不错，两岸风景值得一看
扬州古运河,很不错，取票方便，景色见仁见智
扬州古运河,夜灯开开来一路讲解 很美丽的地方
扬州古运河,船工负责，安排合理，考虑周到。
扬州古运河,晚上得夜景漂亮，感觉还是不错的
扬州古运河,好评，验证很方便哦，景色很美哦
扬州古运河,运河发源地，很不错的一次游览的
扬州古运河,美，去扬州有空一定要夜游古远河
扬州古运河,环境不错，值得一游，还会再去！
扬州古运河,单程只有25分钟左右，返程还需另买票，不在同一个地方上下船，自驾的需要注意。携程购票便宜，取票也很方便，满意！
扬州古运河,单程只有25分钟左右，返程还需另买票，不在同一个地方上下船，自驾的需要注意。携程购票便宜，取票也很方便，满意！
扬州古运河,单程只有25分钟左右，返程还需另买票，不在同一个地方上下船，自驾的需要注意。携程购票便宜，取票也很方便，满意！
扬州古运河,单程只有25分钟左右，返程还需另买票，不在同一个地方上下船，自驾的需要注意。携程购票便宜，取票也很方便，满意！
扬州古运河,单程只有25分钟左右，返程还需另买票，不在同一个地方上下船，自驾的需要注意。携程购票便宜，取票也很方便，满意！
扬州古运河,在古运河上感受两千五百年的扬州
扬州古运河,排队排了一个多小时，都排到马路上了，还在卖票。去的时候出租车司机还拒载。单程半个小时左右，景色是美的，有一些讲解，不过性价比不高。
扬州古运河,游船不错，60块钱的船票能做半个小时，还有导播介绍当地风景，就是人太多
扬州古运河,特别漂亮，还有讲解，感觉非常好
扬州古运河,两岸风光丽，有种访古思今的情怀
扬州古运河,喜欢，和朋友一起去的，感觉不错
扬州古运河,挺好的两岸的夜景很不错，值得去
扬州古运河,扬州的夜景非常漂亮，值得一赏。
扬州古运河,世界运河治理的典范，非常优美！
扬州古运河,夜游古运河景色，建议傍晚出行。
扬州古运河,古运河是扬州的标志，风光带很美
扬州古运河,地方不错，环境优雅，人也比较多
扬州古运河,景色怡人，赏心悦目，的确不错
扬州古运河,扬州古运河确实是一条古韵丰富的河流，但我们当天游玩时游客并不多，窗户不能打开没有风，还有运河里还是有点小脏。
扬州古运河,一定要晚上去，华灯初上的时候。另外懒洋洋的扬州，船是单程的哦，回来的时候八点半钟，很多公共交通都停止运营了。
扬州古运河,不错 讲解很好 灯光很美 价格还行
扬州古运河,虽然网上订了票，但是因为清明节期间游客太多，还是排了一个多小时的队才上船，而且临近开船想退票也不行了。关键是古运河上没有任何亮点，和其他夜游xx河一种感觉，新式的建筑使运河再也没有古韵了。
扬州古运河,半个小时的游船很感长知识。
扬州古运河,Very Good .....
扬州古运河,古运河夜景还不错的，如果是白天坐船的话估计没多少看头，可惜是单程票
扬州古运河,very good 非常好 谢谢
扬州古运河,可以 夜景一般般 有些孤单无聊
扬州古运河,夜游古运河应该是必备项目，但感觉和秦淮河比有点low 单程大概40分钟 有好多种船型，这种古色古香的还是不错的
扬州古运河,好好好！！！！！！！！！
扬州古运河,划重点 单程票 单程票 单程票
扬州古运河,景色不错，g值得推荐，
扬州古运河,游玩到此，已经很累了，我兴致勃勃，但老婆孩子都睡了。客观来说，夜景很漂亮，各种式样的桥梁配霓虹灯光秀。
扬州古运河,导游一路讲解合并清楚
扬州古运河,景色不错，有趣好玩，
扬州古运河,有趣好玩，性价比高，
扬州古运河,景色不错，值得推荐，
扬州古运河,景色不错，有趣好玩，
扬州古运河,值得推荐，景色不错，
扬州古运河,讲解生动，夜景灯光漂亮，双层船站在二层，运河的夜景风光更美！
扬州古运河,必须要体验，夜晚比白天好看，听着船上的讲解，还了解很多历史知识。下船就是著名的酒吧一条街，比较热闹。
扬州古运河,棒棒哒??????赞
扬州古运河,风景很好，一定要天黑之后坐看夜景，不过导游水平一般，只是背导游词，还有点不太熟练
扬州古运河,夜景一般，就是看几座桥打的灯光，听听讲解了解下古运河的历史还是不错的。只是票价略微高了，性价比不高。
扬州古运河,一次说走就走的旅行
扬州古运河,好地方，值得一去。
扬州古运河,特别好吃，喝，玩。
扬州古运河,特别方便。非常好。
扬州古运河,夜景不错，就是在游船里角度受限制，没能很完整的欣赏到风景。
扬州古运河,携程买票进去方便
扬州古运河,试运行，还要完善
扬州古运河,运河游了30分钟，周边风景灯光不算太丰富，但到了扬州，游下古运河也是不错的。
扬州古运河,古运河夜景不错！
扬州古运河,比现场买票优惠点
扬州古运河,坐船夜游大约40分钟，票价￥60。感觉景色灯光亮化工程，两岸的很一般。比不上南京秦淮河的，也没有杭州运河的夜游好看。一般般吧。
扬州古运河,没有什么好说的，体验的形势很好，下雨????也很好玩的时候，扬州美景啊，希望下次有机会在哪里吃饭
扬州古运河,价廉物美风景好
扬州古运河,不错不错可以哦
扬州古运河,方便快捷服务好
扬州古运河,非常好，很漂亮
扬州古运河,蛮好的，人不多
扬州古运河,不错，下次再来
扬州古运河,坐着游船顺着古运河听着解说，感觉还行吧。但运河两岸都是绿化，实际上看不到多少风景，就图个新鲜。
扬州古运河,带老人小孩去玩的，晚上没事做就去坐船，运河风景和其他地方大同小异，买了回程票，消磨时间还可以。
扬州古运河,现场60元一张，70岁半票，回程还需要另外付20元一个人，我我滴滴打车回来7元，不得不说性价比实在太低，气候事宜的话还不如自己沿河逛逛
扬州古运河,有趣好玩，，
扬州古运河,好景色不错，
扬州古运河,游程很短，介绍一般，非假期去人不算多，服务态度一般，夜景其实也就那么回事，时间敢不去就不去了
扬州古运河,景色不错，
扬州古运河,帮别人买的
扬州古运河,总体超赞，
扬州古运河,景色不错，
扬州古运河,景色不错，
扬州古运河,景色不错，
扬州古运河,夜游古运河，两边建筑在灯光下别有一番风味。观光船挺大的，一排八座，不靠窗的话看不到太多景色
扬州古运河,不错 不错！
扬州古运河,比较方便。
扬州古运河,夜游古运河
扬州古运河,非常不错啊
扬州古运河,单程半小时左右，全长6.6公里，全程运行平稳，共经过6座桥，感觉不值这个价，没有太多的亮点
扬州古运河,网上买票也要去换票的，换的是一张。白天去的船上人不多，晚上有灯景色会好些，估计人也会多些。
扬州古运河,古运河风景好，风景坡路二十四桥基友在玉人何处叫吹箫吹什么箫吹什么时候吹什么吹什么吹什么箫？
扬州古运河,夜游古运河，两岸观风景，清风徐徐来，潺潺流水声。感受扬州的美好，虽然短暂一游，让人流连忘返
扬州古运河,晚上8点人不多，这个是单程票，返程要另加20元每人。单程是到何园广场下船，单程30分钟，返程是9点发船。说是1小时45分钟，其实完全不是的。夜景也相对单一，不是很好看。
扬州古运河,最好是八点或九点登船，沿岸风景不错，讲解也好，只是船速稍快了，控制在40分钟左右比较好。
扬州古运河,总体感觉不错，两岸花柳全依水，非常漂亮。运河历史文化深厚，还有许多宗教古迹，值得一游。
扬州古运河,不错，晚上的灯光好看！虽然不是很长，感觉很快就过去了！买了往返的船票！！！！！！！！！
扬州古运河,扬州的古运河景色比不过苏州的，不值这个票价，没什么意思，20分钟就到了，解说员还不错。
扬州古运河,晚上游玩比白天风景更好，可惜小孩子不能打折，现场购买还比晚上贵十元，早知道晚上直接买了
扬州古运河,坐在船头 感觉还不错 船是室内的 所以一定要坐靠窗的
扬州古运河,景色还是很好看的，就是票价也是贵的，性价比不算太高，但是也是扬州的必去景点，就忍忍吧
扬州古运河,带父母游玩。适合年纪大的人出行。坐船上看看两边风景，因为路程不长，建议船速再慢一点。
扬州古运河,夜游，河两岸有灯带，流光溢彩，坐在画舫二楼，吹吹风看看景，挺不错
扬州古运河,乘船一定要到晚上天黑乘，白天的风景可以步行看，到晚上乘船，在看运河两岸的夜景比较好。
扬州古运河,挺有历史意义的地方，白天景色一般，晚上坐游船非常棒，最好坐双层的那种，坐上面风景更好
扬州古运河,有历史厚重感！我们是白天游览，没有灯光秀。觉得水质不够清，导游讲解不紧下慢，蛮好！
扬州古运河,30分钟左右，返回坐船还要再交20元，终点停在何园广场南边，晚上会更好点，白天一般
扬州古运河,画舫很漂亮，景观主要是灯，有些地方没去到。
扬州古运河,景色还行，就是有点短，没怎么着呢，就到了
扬州古运河,景色可以，但是游船有去无回，还要打车回到原来上船的地方，有点绕，桥洞比较有特色。
扬州古运河,白天看古运河平淡无奇，晚上坐船看两岸和桥上的灯光就完全不一样了，性价比还不错。
扬州古运河,古运河历史文化深厚，这船值得坐上一回。
扬州古运河,整个行程时间大约30分钟不到，有讲解。带着老人孩子。懒得走路，听听看看还不错
扬州古运河,总体来说还是不错的，毕竟扬州是运河城市，运河也是很美的。
扬州古运河,在河边走走就可以了，真是没必要坐船游
扬州古运河,一般般，就是一些桥比较别致。其他建筑一般。一小时一班。
扬州古运河,一般般 性价比不高 不来后悔 来了更后悔
扬州古运河,运河值得去看一下夜景，八月份是晚上七点半以后灯才开，晚上九点是最后一班船。
扬州古运河,值得一游，两岸风景非常漂亮。不过，等船等了一个小时，人特多。建议非周六去。
扬州古运河,晚上和朋友从东关街出来，沿河边看到了大运河夜景，景色一般，可以走一段看看！
扬州古运河,京杭大运河当然是古迹，但对于京杭大运河而言，春秋就有的扬州段则也成了古迹。
扬州古运河,不建议游览一百多人的大船有孩子的哭闹不止，讲解也很程序死板敷衍，不如苏州的古运河游有讲解和弹琴，慢悠悠的很有意境
扬州古运河,古运河发船时间是整点，单程半小时。亮灯时间晚上7点20，要看灯景选20点
扬州古运河,替家人订的，从照片上看虽然没有秦淮河范围大，不过晚上灯亮后还是蛮好看的。
扬州古运河,对古运河抱有最大的希望，结果很失望。为了看到两边的景色，刻意选择了白天，结果什么也没看到，游船开的飞快，来不及欣赏就到目的地码头。不知夜游是否会好点。
扬州古运河,扬州古运河，历史悠久，运河两岸的树木茂盛，在夏季的酷暑中透出一丝凉意。
扬州古运河,不如南京的好看。春天去还行。。
扬州古运河,夜晚的古运河是扬州一道靓丽的风景。仿古的阁楼，可感受到古代文化的意蕴。
扬州古运河,感觉还是值得一来吧 全程会有一个导游为全船人讲解 各种灯 各种桥 还是不错的
扬州古运河,很多景点去了并没有什么乐趣，至少能感受一下历史，可以散心的时候去一下
扬州古运河,可以沿河漫步，也可以到码头渡口坐船游览，这一段周边有不少景点可参观。
扬州古运河,感觉没有之前好玩 之前还有评弹可以听 这次比较无趣
扬州古运河,两岸的灯光单调了点。坐在船上听导游讲解，增加点对扬州的喜欢情绪。
扬州古运河,晚上6点的船，基本没人，包船。不过运河两岸，基本也没什么好看的。
扬州古运河,晚上去观赏，还是很棒的，不错的选择。就是在室外，晚上会有点冷。
扬州古运河,特别等到晚上亮灯之后游玩，灯光如不够亮，解说机械化，体验感一般
扬州古运河,夜游古运河，风景还是不错的。就是游客有些多，排队用了很长时间。
扬州古运河,P州は、非常に有名なs史と文化の街である春に非常に美しいです、
扬州古运河,夜游不错的选择，就是南门码头上来后不太好打车，滴车也很难滴。
扬州古运河,沿途景色很美，坐在船上看风景，一点儿也不累，大小老少皆适宜。
扬州古运河,夜游还不错，售票处买好返程票，有讲解员，两岸的精致都能看到。
扬州古运河,本来想传图的，后来发现原来都是视频。。。游船总得来说感觉不错
扬州古运河,从运河之都来到古运河之城，悠悠荡荡，耳边是典故介绍和弦乐曲
扬州古运河,扬州古运河夜游甚美，就是解说两岸历史太过简单了些，不专业！
扬州古运河,感觉比较值得，大画舫，加20可返程。比桂林两江四湖要逊色。
扬州古运河,性价比不高，沿河景致太差，我都懒得拍
扬州古运河,还不错，晚上的景色还是美的，感觉运河两边的走廊修的一般般
扬州古运河,对于老人和小孩还好，对于经常旅游的人而言实在是太无趣了。
扬州古运河,风景很好，讲解也不错，就是人少的时候会等人，不能按点发船
扬州古运河,晚上灯光游，服务员有讲解，若是再稍带点声情并茂就更好了。
扬州古运河,到现场购买也是这个价，晚上开灯后还是有点味道的。值得一看
扬州古运河,不错，夜里灯光很漂亮～～就是只有单程票，回程要另外加钱
扬州古运河,说实话古运河夜游亮点寥寥，灯光并没有把运河两岸烘托得有多美，一来时间不长；二来在摇摇晃晃的游船内拍照，效果也很不理想。门票不值这个价。
扬州古运河,已经看不到古运河的模样啦，晚上乘船夜游，风景也还可以啦
扬州古运河,便益门码头上船，徐凝门码头下船。换票方便，人人有座。
扬州古运河,票是单程的，如果想原路返回就要另外加购20元的返程票
扬州古运河,体验很好，值得推荐，景色不错，
扬州古运河,还可以吧，由于是淡季，没什么人，天气比较冷，怎么说呢，总体感觉一般，没有什么特别惊艳的景色，讲解倒是还可以，喜欢历史的去听听还不错
扬州古运河,排队排了一个多小时，都排到马路上了，还在卖票。去的时候出租车司机还拒载。单程半个小时左右，景色是美的，有一些讲解，不过性价比不高。
扬州古运河,还不错，上灯火阑珊座船，听听运河变迁还是挺有意思
扬州古运河,我觉得晚上去会更好玩，我是白天去的，没有想象中的好
扬州古运河,扬州本地的景点，带小朋友玩一下，不过票价觉得偏贵
扬州古运河,一条河，有观光船，有单趟来回两种票价，建议晚上搭
扬州古运河,老人有半票优惠但携程上没显示买了全价票，本来已提早去码头换票并问过是整点发船，但到候船时才告知客满即走，并码头保安态度非常恶劣。
扬州古运河,偏贵，其实两岸风景很单一，不如自己骑车逛，更好看
扬州古运河,游船上讲解员讲的很好，短短的半个小时过得很充实！
扬州古运河,夜景不错，上船说30分钟到，结果不足25分钟到了
扬州古运河,运河两边没什么风景……晚上游船感觉挺没意思的。
扬州古运河,排队虽长，但上船的速度还可以，有讲解还是不错的
扬州古运河,准点开船，比现场买优惠，单程半小时，船上有讲解
扬州古运河,夜景不错，全程有导游讲解，边听故事边游船，不错
扬州古运河,还可以吧 夜景比白天要好看 半个多时的水程 有讲解员
扬州古运河,古人智慧的体现，运河为当时的经济作出了贡献。
扬州古运河,还可以，稍微感受一下扬州夜景，有讲解，人不多
扬州古运河,总体不错，唯一有瑕疵的是，有空调不开。很闷。
扬州古运河,坐船介绍了古运河的由来，两岸真心没啥可看的！
扬州古运河,河边的灯光很一般，多了历史气息，还算比较喜欢
扬州古运河,两岸景色很好，适合放松游玩赏景。票价有点贵。
扬州古运河,不错不错，旺季人还是不少啊，排队都排了好一会
扬州古运河,运河两岸修的很美，已经成了市民休闲的好地方。
扬州古运河,好像没什么可以评价的，就是一般。运河两岸的景色，杭州，苏州都很漂亮。只不过杨州的古运河名气大。如果时间多，乘乘游船也无妨。
扬州古运河,夜景很美，很值得一游，了解扬州从古运河开始
扬州古运河,扬州境内的运河与隋炀帝开凿的运河完全契合。
扬州古运河,还可以，冬天去，比较冷。还是春天比较理想。
扬州古运河,行程时间不长，有很多灯光景观，夜间看最好。
扬州古运河,烟花三月下扬州，古运河是值得一选的安排之一
扬州古运河,古运河沿河风景漂亮，又有解说，非常有意义！
扬州古运河,本地人不会去，外地人去了后悔的一个景点。
扬州古运河,夜游看灯景，日游看河景，隋炀帝唯一的政绩
扬州古运河,夜景很美 值得一乘。游船上还有讲解 挺不错的
扬州古运河,没有什么感觉，船开得太快了，来不及拍照。
扬州古运河,还行吧，了解下历史，可惜没有经验的感觉。
扬州古运河,单程半小时左右 时间短暂 景观灯光效果还可以
扬州古运河,一般吧 没有什么特别的 听到周围有些人说不错
扬州古运河,一般 不是很理想 ，性价比不高，价格小贵。
扬州古运河,应该向苏州古运河学习，增加点服务内容。
扬州古运河,东关古渡那里看的运河。河面还是挺宽的。
扬州古运河,五月的话晚上七点以后的班次才能看见亮灯
扬州古运河,可能是期望值高了，所以很失望。夜景非常一般！船上游客坐满了，几个人一直站船头位拍照，因此看不到前方桥的整体，令人无语！
扬州古运河,景色不错，票价有点贵，要是包来回还可以
扬州古运河,开船守时，讲解细致，灯光还有提升空间。
扬州古运河,一般般的游船体验，不过毕竟是世界遗产啊
扬州古运河,还错，值得一看。古运河的灯光秀更好看。
扬州古运河,两岸灯光很漂亮，对北方人来说感觉还可以
扬州古运河,体验感不强，夜景应该不错，可惜白天去的
扬州古运河,还可以，景美，但人多，太吵，没心情欣赏
扬州古运河,整体还可以 没有惊艳之处 听到很多人说不错
扬州古运河,风景不错，下了船后的黄包车更是别有味道
扬州古运河,还可以，游玩古运河的时候，还有专人讲解
扬州古运河,是京杭大运河其中一段。本身没什么景色
扬州古运河,景点性价比不高，恰逢节假日，游客众多，接待容量小，等了很久才轮到上船，两岸灯光不够绚丽，相比其他城市的游船比较一般。
扬州古运河,到此一游，体验一下，比一般稍好一些。
扬州古运河,夜游古运河，还行，两岸的灯光比较漂亮
扬州古运河,船的设计视线不好，应该都加双层敞篷。
扬州古运河,两岸灯光秀很漂亮，感觉时间上有点少。
扬州古运河,夜景还是挺美的，其实在河边漫步更惬意
扬州古运河,很有年代感一条河，只是路过随便看了下
扬州古运河,船挺好的，就是天太冷，不能在外面看。
扬州古运河,还行，值得体验，就是要坐在靠右的位置
扬州古运河,有点不值，80圆的票，就是那么一段路，没有介绍，也没有节目，觉得就值20元。
扬州古运河,夜景还是不错的
扬州古运河,还行吧。。   
扬州古运河,感觉很棒，值得到反复回味，下次再来
扬州古运河,还可以，50块对这个服务来说小贵了
扬州古运河,白天与夜晚的风光各有不同，夜景很美
扬州古运河,运河水两岸风光不错，船内也有空调。
扬州古运河,不错，除了船上蚊子较多，其它都挺好
扬州古运河,晚上还是不错的，就是排队的时间长
扬州古运河,挺好哒…比较休闲娱乐…看看都挺好
扬州古运河,比较可以的两岸灯饰 班次也不够密可能因为人不多。 但的确可以观赏到沿岸市井风光。 坐在上层的介绍音响完全听不出 建议改进
扬州古运河,一样，全国各地都一样！就这么回事
扬州古运河,还可以，古运河，水还是比较清的。
扬州古运河,只能说一般吧！晚上看夜景还不错！
扬州古运河,特意等到晚上去游的古运河，说是夜景好。玩下来觉得有点鸡肋，没有想象中好。
扬州古运河,傍晚沿湖溜达溜达，令人神清气爽！
扬州古运河,不错，晚上的夜游船还是很漂亮的！
扬州古运河,不错不错值的大家去看一看.!!!
扬州古运河,有趣好玩，
扬州古运河,风景还行吧，但不像之前网上评论的那样好，也许是淡季去的原因吧，全程由USB内存导游通过电视解说，就当坐船玩呗！
扬州古运河,挺好的休闲去处 特别夏天的晚上区
扬州古运河,夜游古运河 还是不错的 就是有点短
扬州古运河,夜景不错，可惜下雨天不好拍照。
扬州古运河,行程太短，二十多分钟就结束了。
扬州古运河,不错，挺好找的，换票后直接上船
扬州古运河,夜景很漂亮，价格也不贵，很凉爽
扬州古运河,七点以后，亮灯再去，单程足够了
扬州古运河,我觉得海星，但是灯光不算太绚丽
扬州古运河,景色还可以，票比较贵，不太值。
扬州古运河,携程购买很方便，线路风景很美。
扬州古运河,周边风景还是有一些的，整体一般
扬州古运河,解说员水平有待提高，其他还好。
扬州古运河,20:00人挺多，不过夜景挺美
扬州古运河,不错，夜景很好看，值得去看看的
扬州古运河,船很大，夜游扬州又是另一种情调
扬州古运河,还不错吧~就是一开始说不用换票~我就去排队了~要上船了才说还是得换票~白白吹了几十分钟风~最后还没坐到好位置~
扬州古运河,"半个小时,没什么特别的地方"
扬州古运河,船上有解说，单程30分钟，其实和步行逛街看到的景色差不多，因为各个城市都有这种游船，所以也没什么太大的新意
扬州古运河,一般吧，价格骗鬼，不推荐
扬州古运河,时间比较短，性价比可以。
扬州古运河,还是晚上开了灯再坐好一些
扬州古运河,还不错，就是贵了点点。
扬州古运河,体验很好，景色不错，
扬州古运河,夜游，和黄浦江，苏州古运河有差距，意思不大，而且和宣传的不一样，宣传是40分钟。而实际只有27分钟。
扬州古运河,沿河古迹好多，但是白天体会不出效果，可能晚上会好一些吧。四月缺的，下船之后打车不方便，还好有共享单车
扬州古运河,在便益门码头上船，在取票口每个人加20的返程票。单程约30分钟。运河两岸个人认为逊色于秦淮河的夜游。
扬州古运河,距离泰州夜游还是有一定距离的，其实没啥好看的。这个时间来堵车严重。注意，这是单程票，没有返程。
扬州古运河,运河没有啥特别的，虽然打造的挺费钱的！船很大，看两岸是不可能的，看一边又不全，坐来回又没必要！
扬州古运河,亮起灯后的古运河还是有一番风情的，但是不算特别有特色，游船讲解的时候，一旁游客太吵都没有听清楚
扬州古运河,夜晚游览的古运河，看到古运河上的桥，还有古运河串起来的古景点，夜晚的运河风光，不错，值得游览
扬州古运河,夜游还不错
扬州古运河,最好等天完全黑透了再游玩，沿途的树上、建筑物上会挂些彩灯，船上有讲解，个人感观比较一般。
扬州古运河,一般般，景色不震撼，比较平静，讲解能了解一些历史和现状，也不深刻。
扬州古运河,船上人很多，如果能走的话，沿河步行感受更好
扬州古运河,夜景比较好看吧，船上有专人讲解，很热情，有问必答，想了解古运河文化和起源的可以看看
扬州古运河,行程很短，大概20分钟左右，导游讲解很一般像背书一样，和认真的听，，也没有听到多少
扬州古运河,整个行程还可以，第一次，必须玩，就是取票比较麻烦，不是每个点都可以去，太不便捷了。
扬州古运河,晚上风景很差，其实没什么可看的，就是河边的灯而已，都是现代的，听听解说还是可以的。
扬州古运河,夜晚的灯光映衬下景色还是可以的，但没有太大的惊喜，对比起南京的秦淮河夜游逊色一些
扬州古运河,就是坐船上，过几个桥，也没什么景色，听听船上介绍那几个桥，没什么坐的的必要我觉得
扬州古运河,河岸两边夜景还是不错的，导游讲解加上视频同步播放，视觉听觉上同时了解扬州人文！
扬州古运河,两岸都是简易的房子，河中过几个桥，一路都是一样的风景，真是见面不如闻名
扬州古运河,讲解得还可以，不过晚上坐的，没什么景可看，坐游船没什么特别的，不坐也罢
扬州古运河,文化的记忆多余实际的风景，承载的历朝历代故事的运河已经暂别历史舞台了
扬州古运河,比较坑，只是沿着运河开了一阵而已，也没什么正经的解说，权当体验了。
扬州古运河,运河旁边都是民宅不晓得游什么？网上订票取票倒是很方便，稍微便宜一点
扬州古运河,怎么说呢，白天坐的船，两岸风景很一般，估计晚上灯亮起来会有看头一些
扬州古运河,晚上7点的船，两岸已经有灯了，人挺多，但体会不出江南风景的美来。
扬州古运河,一般般，景色平静，波澜不惊，讲解能了解一些历史和现状，但也不多。
扬州古运河,比较冷僻，最近开发，不要钱，夜景尚可，附近开始商业开发，不错。
扬州古运河,感觉还行吧，船不错，双层的，看风景比较好，不过解说的声音太小了
扬州古运河,运河不错，但是发船时间和预订信息上的不一致，建议大家提前问好
扬州古运河,一般般，6点太阳还没下山，灯没亮，所以没有夜游运河的气氛……
扬州古运河,排队时间太久，性价比不高，沿途风景倒是很美的，其实走走也不错
扬州古运河,行程比较短，8点的船人还是比较多的，坐9点的也许视野更好点
扬州古运河,一般吧，来回40分钟左右。有时间自己运河边走走还比较惬意
扬州古运河,至少不值这些钱，除了一点点霓虹灯，什么都没有，票价定高了
扬州古运河,一般般，对于我这个在水边长大的人来说，去看下就可以了。
扬州古运河,也就是那么回事。游河叫我看桥。两岸没什么看的。不值。
扬州古运河,白天免费参观，景色不错，晚上坐船太贵了，信价比不高。
扬州古运河,景色一般，没有想象的那么好，像是在游泳池里
扬州古运河,一般了，看一次就可以咯。看多了就没意思了。
扬州古运河,点评里那么多说好的就去了下，好没意思不推荐
扬州古运河,运河意思不大，晚上闲的没事可以随便逛逛。
扬州古运河,夏天建议做七点半的船，太早河岸边不亮灯。
扬州古运河,游船就20分钟，总体一般，不值得推荐！
扬州古运河,冲着历史而去，景色一般，不值得特意前往
扬州古运河,白天景色还行，也许晚上会有不同的感觉
扬州古运河,自驾过去的，没什么意思，不用专程看。
扬州古运河,随便看看就行了，一定要保持平常心。
扬州古运河,不值，两岸的景色一般，讲解也一般。
扬州古运河,还好，半小时，门票偏贵，性价比一般
扬州古运河,历史意义大于现实意义，基本没有风景
扬州古运河,古运河.的一个小景点，修建的可以。
扬州古运河,白天真的一般般一路没什么风景好看
扬州古运河,游船不推荐，扬州古运河不如苏州的
扬州古运河,夜晚景灯不多也不具特色，一般般。
扬州古运河,还不错，边来边有视频介绍，空调足
扬州古运河,个人觉得坐船没意思，就是看看灯光
扬州古运河,可玩性低，体验不佳，性价比低，
扬州古运河,还行，就是太吵了了吧，隔音不好
扬州古运河,风景还可以，有时间可以去看看。
扬州古运河,不去后悔，去了也后悔，没有风景
扬州古运河,总体感觉一般，行程不足一小时。
扬州古运河,两岸都是新打造的，景色一般
扬州古运河,淡季感觉一般 全程不到半小时
扬州古运河,景色一般，有待改进，
扬州古运河,可玩性低，景色一般，
扬州古运河,值得去一次，就是一次
扬州古运河,没啥意思 打发时间
扬州古运河,沿途景色一般吧
扬州古运河,白天风景一般
扬州古运河,17年，跟朋友一起去扬州，游览了古运河，当时，每一艘船上都会配一个讲解员，只要是我们路过的桥洞，或者是岸边其他的建筑，都会适时地讲解，给我留下了非常好的印象，所以这一次，带着爸妈外甥故地重游。但是船还是那个船，讲解的人却换成了电视播放，踩不到重点，爸妈和外甥都听着昏昏欲睡。下船之后，我问了外甥，桥洞两边的浮雕雕刻的是什么？他一脸懵地看着我，完全学不到知识。旅行，特别是有文化底蕴的城市，讲解是非常重要的一块，讲解不到位，怎么才能让00后，10后了解历史，尊重历史？这一次的体验是非常差的，可能第一次过去玩的朋友不会觉得怎么样，但是有对比的朋友肯定会觉得落差很大。
扬州古运河,全程半小时，本想感受一下古运河的文化底蕴，但略有失望，解说的太没激情，声音小，白天去就感不到和别处坐船有什么区别，性价比低，如果去瘦西湖坐船建议就不要坐这个了，没太多意思。也可能夜景能好点吧，看夜景建议坐七点后的船。
扬州古运河,景色一般，没有什么特色，几座桥，一条船坐的满满的，100多个人，很热，吵闹声很大，不值得，不推荐
扬州古运河,"船的承载力过高，一船的呱噪,向导也hold不住全场，也就成了没素质的闹哄哄，加上频频出错的介绍，实在差强人意！ 不推荐，浪费时间。不如自己沿着古运河走一遭来的舒坦！"
扬州古运河,真的是游玩到现在最差的一次体验，这个游船没有任何意义，只是能看到河岸的一些灯光，那还不如直接在河边欣赏，另外讲解都没有，工作人员态度还很凶。
扬州古运河,千万不要做豪华游船，我这整个花钱买罪受，网站写的每半点开船，实际机车的不得了，人不够不开船。而且回去开倍儿快，很难来回卡日景夜景一起看。
扬州古运河,不推荐，毫无看点，黑乎乎的，就看到几座大桥，和南京夫子庙那边的没法比。大概开30分钟吧，我是在南门码头上的，人少一点。。
扬州古运河,太过分 在携程上订了四人的单程票 竟然强制客人们再支付往返的票 体验感极差 强制消费
扬州古运河,河两岸夜景做的不好，除了个别点比较好看，沿途都是单调的灯光，扬州人民夜生活倒是挺丰富的，桥底很多跳广场舞的，估计走路会比较有趣。总的来说没什么意思，不值票价
扬州古运河,夜游古运河就是为了看灯，结果，灯早在几天前就被大雨冲坏了，还没有修好，黑漆漆的河面一盏灯也没有，上船前工作人员也没有告知，这服务意识不是一般的差，感觉被骗上船的似的。扬州除了这黑漆漆的运河，其他都很好。灯光作为夜游船的买点，有故障不能亮时必须提前告知。做生意一点都不实在！
扬州古运河,乘坐18:00的，整条船就3个人，没有完整的讲解。时间很短约20分钟，景色一般。不值
扬州古运河,体验不佳，性价比低，没想到第一次游船体验这么差，上船也不告知不让开窗，直接发脾气关空调，如果提前告知肯定不会开窗的，没想到工作人员脾气这么差！！！真是给扬州抹黑
扬州古运河,**，*都不去。
扬州古运河,个园很有特色，游人众多，第二次来了。
扬州古运河,总体感觉不好，在密封的船里只能看到一边岸上的彩灯，并不漂亮。看不到全貌，也无法拍照。6公里水路要55，超贵，以后不会看了。其实不如在岸上自己走走呢
扬州古运河,可以吐槽吗？码头真心破，周围连一个卖水的都没有，属于本地人根本不会来的地方，很多人连这码头在哪都不知道，可见有多无聊了，对于外地游客，呵呵
扬州古运河,不让开窗提前告知一下好吧，上船不小心吧窗户打开了，工作人员二话不说就把空调关了，什么意思？扬州最差的一次体验
扬州古运河,古运河夜渡经过导游的随意讲解，觉得没有什么值得留恋的地方。加上两个小时排队候船，觉得非常不值得。
扬州古运河,目前由于政府在修运河游玩根本不是全程，这么重要的信息都不提示有点不太合适。
扬州古运河,没什么意思，扬州最好玩的是瘦西湖（北门进），何园
扬州古运河,开到一半到达目的地都不给送回去，还要自己回去，就是一个单程的
扬州古运河,很一般，不如不行在河边走走。
扬州古运河,正点开船，双层露天的游船晚上只有一趟，只能碰运气。沿途的风景没有，时间短。服务特别差！游船
扬州古运河,这个真是，又贵又无趣，建议不要去
扬州古运河,排了一个多小时，真不去自己 走走
扬州古运河,景色一般，船上只有5人
扬州古运河,古运河挺坑，这个最好自己河边走走
扬州古运河,体验一塌糊涂，实话，内容无聊，班次混乱
扬州古运河,太一般了，后悔，没一点值得满意的地方
扬州古运河,离景区远，交通不方便。管理疏忽。
